

============================== 05:59:13.446865 | 3ac101cd-ff22-4608-a312-432da4d687f4 ==============================
[0m05:59:13.446865 [info ] [Dummy-1   ]: Running with dbt=1.9.4
[0m05:59:13.447935 [debug] [Dummy-1   ]: running dbt with arguments {'printer_width': '80', 'indirect_selection': 'eager', 'log_cache_events': 'False', 'write_json': 'True', 'partial_parse': 'True', 'cache_selected_only': 'False', 'warn_error': 'None', 'version_check': 'True', 'debug': 'False', 'log_path': '/tmp/dbt/logs', 'fail_fast': 'False', 'profiles_dir': '/tmp/dbt_effective_profiles_nxqm5z2i', 'use_colors': 'True', 'use_experimental_parser': 'False', 'empty': 'False', 'quiet': 'False', 'no_print': 'None', 'warn_error_options': 'WarnErrorOptions(include=[], exclude=[])', 'invocation_command': 'dbt ', 'static_parser': 'True', 'log_format': 'default', 'target_path': 'None', 'introspect': 'True', 'send_anonymous_usage_stats': 'False'}
[0m05:59:13.733556 [info ] [Dummy-1   ]: Registered adapter: snowflake=1.9.2
[0m05:59:14.313590 [debug] [Dummy-1   ]: checksum: 7a8296c70615f566de89055485ae13d89ed1d40af3cf21b3b72f2284f73c401a, vars: {}, profile: , target: dwh, version: 1.9.4
[0m05:59:14.314872 [info ] [Dummy-1   ]: Unable to do partial parsing because saved manifest not found. Starting full parse.
[0m05:59:16.007396 [debug] [Dummy-1   ]: Wrote artifact WritableManifest to /tmp/dbt/target/manifest.json
[0m05:59:16.009649 [debug] [Dummy-1   ]: Wrote artifact SemanticManifest to /tmp/dbt/target/semantic_manifest.json
[0m05:59:16.044094 [info ] [Dummy-1   ]: Found 10 models, 7 data tests, 6 sources, 474 macros
[0m05:59:16.046762 [info ] [Dummy-1   ]: 
[0m05:59:16.047303 [info ] [Dummy-1   ]: Concurrency: 8 threads (target='dwh')
[0m05:59:16.047829 [info ] [Dummy-1   ]: 
[0m05:59:16.048613 [debug] [Dummy-1   ]: Acquiring new snowflake connection 'master'
[0m05:59:16.055290 [debug] [ThreadPool]: Acquiring new snowflake connection 'list_luxe_training_dwh'
[0m05:59:16.230084 [debug] [ThreadPool]: Using snowflake connection "list_luxe_training_dwh"
[0m05:59:16.230664 [debug] [ThreadPool]: On list_luxe_training_dwh: /* {"app": "dbt", "dbt_version": "1.9.4", "profile_name": "luxe_training", "target_name": "dwh", "connection_name": "list_luxe_training_dwh"} */
alter session set quoted_identifiers_ignore_case = false;
[0m05:59:16.231113 [debug] [ThreadPool]: Opening a new connection, currently in state init
[0m05:59:16.721815 [debug] [ThreadPool]: SQL status: SUCCESS 1 in 0.491 seconds
[0m05:59:16.726503 [debug] [ThreadPool]: Using snowflake connection "list_luxe_training_dwh"
[0m05:59:16.727114 [debug] [ThreadPool]: On list_luxe_training_dwh: /* {"app": "dbt", "dbt_version": "1.9.4", "profile_name": "luxe_training", "target_name": "dwh", "connection_name": "list_luxe_training_dwh"} */
show objects in luxe_training.dwh
    limit 10000
    
;
[0m05:59:16.873266 [debug] [ThreadPool]: SQL status: SUCCESS 10 in 0.146 seconds
[0m05:59:16.875780 [debug] [ThreadPool]: Using snowflake connection "list_luxe_training_dwh"
[0m05:59:16.876340 [debug] [ThreadPool]: On list_luxe_training_dwh: /* {"app": "dbt", "dbt_version": "1.9.4", "profile_name": "luxe_training", "target_name": "dwh", "connection_name": "list_luxe_training_dwh"} */
alter session unset quoted_identifiers_ignore_case;
[0m05:59:16.940127 [debug] [ThreadPool]: SQL status: SUCCESS 1 in 0.063 seconds
[0m05:59:16.961788 [debug] [Thread-2 (]: Began running node model.luxe_training.stg_customers
[0m05:59:16.962462 [debug] [Thread-3 (]: Began running node model.luxe_training.stg_inventory
[0m05:59:16.963046 [debug] [Thread-4 (]: Began running node model.luxe_training.stg_products
[0m05:59:16.963701 [debug] [Thread-5 (]: Began running node model.luxe_training.stg_sales
[0m05:59:16.964284 [debug] [Thread-6 (]: Began running node model.luxe_training.stg_stores
[0m05:59:16.965036 [debug] [Thread-2 (]: Re-using an available connection from the pool (formerly list_luxe_training_dwh, now model.luxe_training.stg_customers)
[0m05:59:16.965820 [debug] [Thread-3 (]: Acquiring new snowflake connection 'model.luxe_training.stg_inventory'
[0m05:59:16.966525 [debug] [Thread-4 (]: Acquiring new snowflake connection 'model.luxe_training.stg_products'
[0m05:59:16.967161 [debug] [Thread-5 (]: Acquiring new snowflake connection 'model.luxe_training.stg_sales'
[0m05:59:16.967877 [debug] [Thread-6 (]: Acquiring new snowflake connection 'model.luxe_training.stg_stores'
[0m05:59:16.968410 [debug] [Thread-2 (]: Began compiling node model.luxe_training.stg_customers
[0m05:59:16.968965 [debug] [Thread-3 (]: Began compiling node model.luxe_training.stg_inventory
[0m05:59:16.969529 [debug] [Thread-4 (]: Began compiling node model.luxe_training.stg_products
[0m05:59:16.970051 [debug] [Thread-5 (]: Began compiling node model.luxe_training.stg_sales
[0m05:59:16.970556 [debug] [Thread-6 (]: Began compiling node model.luxe_training.stg_stores
[0m05:59:16.979815 [debug] [Thread-2 (]: Writing injected SQL for node "model.luxe_training.stg_customers"
[0m05:59:16.985100 [debug] [Thread-3 (]: Writing injected SQL for node "model.luxe_training.stg_inventory"
[0m05:59:16.989450 [debug] [Thread-4 (]: Writing injected SQL for node "model.luxe_training.stg_products"
[0m05:59:16.993701 [debug] [Thread-5 (]: Writing injected SQL for node "model.luxe_training.stg_sales"
[0m05:59:16.998003 [debug] [Thread-6 (]: Writing injected SQL for node "model.luxe_training.stg_stores"
[0m05:59:17.000066 [debug] [Thread-2 (]: Began executing node model.luxe_training.stg_customers
[0m05:59:17.000655 [debug] [Thread-3 (]: Began executing node model.luxe_training.stg_inventory
[0m05:59:17.001300 [debug] [Thread-4 (]: Began executing node model.luxe_training.stg_products
[0m05:59:17.002192 [debug] [Thread-5 (]: Began executing node model.luxe_training.stg_sales
[0m05:59:17.003144 [debug] [Thread-2 (]: Finished running node model.luxe_training.stg_customers
[0m05:59:17.003749 [debug] [Thread-6 (]: Began executing node model.luxe_training.stg_stores
[0m05:59:17.004536 [debug] [Thread-3 (]: Finished running node model.luxe_training.stg_inventory
[0m05:59:17.005326 [debug] [Thread-4 (]: Finished running node model.luxe_training.stg_products
[0m05:59:17.006116 [debug] [Thread-5 (]: Finished running node model.luxe_training.stg_sales
[0m05:59:17.007192 [debug] [Thread-8 (]: Began running node model.luxe_training.dim_customer
[0m05:59:17.008047 [debug] [Thread-6 (]: Finished running node model.luxe_training.stg_stores
[0m05:59:17.009111 [debug] [Thread-7 (]: Began running node model.luxe_training.fact_inventory
[0m05:59:17.010157 [debug] [Thread-9 (]: Began running node model.luxe_training.dim_product
[0m05:59:17.011059 [debug] [Thread-2 (]: Began running node model.luxe_training.fact_sales
[0m05:59:17.011830 [debug] [Thread-8 (]: Acquiring new snowflake connection 'model.luxe_training.dim_customer'
[0m05:59:17.012750 [debug] [Thread-3 (]: Began running node model.luxe_training.dim_store
[0m05:59:17.013445 [debug] [Thread-7 (]: Acquiring new snowflake connection 'model.luxe_training.fact_inventory'
[0m05:59:17.014099 [debug] [Thread-9 (]: Acquiring new snowflake connection 'model.luxe_training.dim_product'
[0m05:59:17.014682 [debug] [Thread-2 (]: Re-using an available connection from the pool (formerly model.luxe_training.stg_customers, now model.luxe_training.fact_sales)
[0m05:59:17.015202 [debug] [Thread-8 (]: Began compiling node model.luxe_training.dim_customer
[0m05:59:17.015846 [debug] [Thread-3 (]: Re-using an available connection from the pool (formerly model.luxe_training.stg_inventory, now model.luxe_training.dim_store)
[0m05:59:17.016430 [debug] [Thread-7 (]: Began compiling node model.luxe_training.fact_inventory
[0m05:59:17.016990 [debug] [Thread-9 (]: Began compiling node model.luxe_training.dim_product
[0m05:59:17.017528 [debug] [Thread-2 (]: Began compiling node model.luxe_training.fact_sales
[0m05:59:17.022030 [debug] [Thread-8 (]: Writing injected SQL for node "model.luxe_training.dim_customer"
[0m05:59:17.022632 [debug] [Thread-3 (]: Began compiling node model.luxe_training.dim_store
[0m05:59:17.028614 [debug] [Thread-7 (]: Writing injected SQL for node "model.luxe_training.fact_inventory"
[0m05:59:17.032743 [debug] [Thread-9 (]: Writing injected SQL for node "model.luxe_training.dim_product"
[0m05:59:17.036680 [debug] [Thread-2 (]: Writing injected SQL for node "model.luxe_training.fact_sales"
[0m05:59:17.040857 [debug] [Thread-3 (]: Writing injected SQL for node "model.luxe_training.dim_store"
[0m05:59:17.041500 [debug] [Thread-8 (]: Began executing node model.luxe_training.dim_customer
[0m05:59:17.042478 [debug] [Thread-7 (]: Began executing node model.luxe_training.fact_inventory
[0m05:59:17.043324 [debug] [Thread-9 (]: Began executing node model.luxe_training.dim_product
[0m05:59:17.044163 [debug] [Thread-2 (]: Began executing node model.luxe_training.fact_sales
[0m05:59:17.045161 [debug] [Thread-8 (]: Finished running node model.luxe_training.dim_customer
[0m05:59:17.045698 [debug] [Thread-3 (]: Began executing node model.luxe_training.dim_store
[0m05:59:17.046611 [debug] [Thread-7 (]: Finished running node model.luxe_training.fact_inventory
[0m05:59:17.047469 [debug] [Thread-9 (]: Finished running node model.luxe_training.dim_product
[0m05:59:17.048325 [debug] [Thread-2 (]: Finished running node model.luxe_training.fact_sales
[0m05:59:17.049340 [debug] [Thread-3 (]: Finished running node model.luxe_training.dim_store
[0m05:59:17.050461 [debug] [Thread-4 (]: Began running node test.luxe_training.not_null_dim_product_product_id.02b1f06816
[0m05:59:17.050999 [debug] [Thread-6 (]: Began running node test.luxe_training.unique_dim_product_product_id.46495bf7fe
[0m05:59:17.051883 [debug] [Thread-8 (]: Began running node test.luxe_training.not_null_fact_sales_quantity.123217c37f
[0m05:59:17.052378 [debug] [Thread-7 (]: Began running node test.luxe_training.not_null_fact_sales_sale_id.ea1dca7100
[0m05:59:17.052891 [debug] [Thread-9 (]: Began running node test.luxe_training.unique_fact_sales_sale_id.16dc554bac
[0m05:59:17.053794 [debug] [Thread-2 (]: Began running node test.luxe_training.not_null_dim_store_store_id.8cb7c6ace0
[0m05:59:17.054311 [debug] [Thread-3 (]: Began running node test.luxe_training.unique_dim_store_store_id.90e408e197
[0m05:59:17.054946 [debug] [Thread-4 (]: Re-using an available connection from the pool (formerly model.luxe_training.stg_products, now test.luxe_training.not_null_dim_product_product_id.02b1f06816)
[0m05:59:17.055551 [debug] [Thread-6 (]: Re-using an available connection from the pool (formerly model.luxe_training.stg_stores, now test.luxe_training.unique_dim_product_product_id.46495bf7fe)
[0m05:59:17.056223 [debug] [Thread-8 (]: Re-using an available connection from the pool (formerly model.luxe_training.dim_customer, now test.luxe_training.not_null_fact_sales_quantity.123217c37f)
[0m05:59:17.056827 [debug] [Thread-7 (]: Re-using an available connection from the pool (formerly model.luxe_training.fact_inventory, now test.luxe_training.not_null_fact_sales_sale_id.ea1dca7100)
[0m05:59:17.057440 [debug] [Thread-9 (]: Re-using an available connection from the pool (formerly model.luxe_training.dim_product, now test.luxe_training.unique_fact_sales_sale_id.16dc554bac)
[0m05:59:17.058043 [debug] [Thread-2 (]: Re-using an available connection from the pool (formerly model.luxe_training.fact_sales, now test.luxe_training.not_null_dim_store_store_id.8cb7c6ace0)
[0m05:59:17.058621 [debug] [Thread-3 (]: Re-using an available connection from the pool (formerly model.luxe_training.dim_store, now test.luxe_training.unique_dim_store_store_id.90e408e197)
[0m05:59:17.059149 [debug] [Thread-4 (]: Began compiling node test.luxe_training.not_null_dim_product_product_id.02b1f06816
[0m05:59:17.059725 [debug] [Thread-6 (]: Began compiling node test.luxe_training.unique_dim_product_product_id.46495bf7fe
[0m05:59:17.060257 [debug] [Thread-8 (]: Began compiling node test.luxe_training.not_null_fact_sales_quantity.123217c37f
[0m05:59:17.060779 [debug] [Thread-7 (]: Began compiling node test.luxe_training.not_null_fact_sales_sale_id.ea1dca7100
[0m05:59:17.061290 [debug] [Thread-9 (]: Began compiling node test.luxe_training.unique_fact_sales_sale_id.16dc554bac
[0m05:59:17.061795 [debug] [Thread-2 (]: Began compiling node test.luxe_training.not_null_dim_store_store_id.8cb7c6ace0
[0m05:59:17.062276 [debug] [Thread-3 (]: Began compiling node test.luxe_training.unique_dim_store_store_id.90e408e197
[0m05:59:17.076476 [debug] [Thread-4 (]: Writing injected SQL for node "test.luxe_training.not_null_dim_product_product_id.02b1f06816"
[0m05:59:17.086392 [debug] [Thread-6 (]: Writing injected SQL for node "test.luxe_training.unique_dim_product_product_id.46495bf7fe"
[0m05:59:17.092263 [debug] [Thread-8 (]: Writing injected SQL for node "test.luxe_training.not_null_fact_sales_quantity.123217c37f"
[0m05:59:17.098587 [debug] [Thread-7 (]: Writing injected SQL for node "test.luxe_training.not_null_fact_sales_sale_id.ea1dca7100"
[0m05:59:17.104605 [debug] [Thread-9 (]: Writing injected SQL for node "test.luxe_training.unique_fact_sales_sale_id.16dc554bac"
[0m05:59:17.110425 [debug] [Thread-2 (]: Writing injected SQL for node "test.luxe_training.not_null_dim_store_store_id.8cb7c6ace0"
[0m05:59:17.118480 [debug] [Thread-3 (]: Writing injected SQL for node "test.luxe_training.unique_dim_store_store_id.90e408e197"
[0m05:59:17.119812 [debug] [Thread-4 (]: Began executing node test.luxe_training.not_null_dim_product_product_id.02b1f06816
[0m05:59:17.120540 [debug] [Thread-6 (]: Began executing node test.luxe_training.unique_dim_product_product_id.46495bf7fe
[0m05:59:17.121364 [debug] [Thread-8 (]: Began executing node test.luxe_training.not_null_fact_sales_quantity.123217c37f
[0m05:59:17.122172 [debug] [Thread-7 (]: Began executing node test.luxe_training.not_null_fact_sales_sale_id.ea1dca7100
[0m05:59:17.122956 [debug] [Thread-9 (]: Began executing node test.luxe_training.unique_fact_sales_sale_id.16dc554bac
[0m05:59:17.123896 [debug] [Thread-2 (]: Began executing node test.luxe_training.not_null_dim_store_store_id.8cb7c6ace0
[0m05:59:17.124777 [debug] [Thread-4 (]: Finished running node test.luxe_training.not_null_dim_product_product_id.02b1f06816
[0m05:59:17.125404 [debug] [Thread-3 (]: Began executing node test.luxe_training.unique_dim_store_store_id.90e408e197
[0m05:59:17.126206 [debug] [Thread-6 (]: Finished running node test.luxe_training.unique_dim_product_product_id.46495bf7fe
[0m05:59:17.126985 [debug] [Thread-8 (]: Finished running node test.luxe_training.not_null_fact_sales_quantity.123217c37f
[0m05:59:17.127870 [debug] [Thread-7 (]: Finished running node test.luxe_training.not_null_fact_sales_sale_id.ea1dca7100
[0m05:59:17.128653 [debug] [Thread-9 (]: Finished running node test.luxe_training.unique_fact_sales_sale_id.16dc554bac
[0m05:59:17.129434 [debug] [Thread-2 (]: Finished running node test.luxe_training.not_null_dim_store_store_id.8cb7c6ace0
[0m05:59:17.130508 [debug] [Thread-3 (]: Finished running node test.luxe_training.unique_dim_store_store_id.90e408e197
[0m05:59:17.135375 [debug] [Dummy-1   ]: Connection 'master' was properly closed.
[0m05:59:17.136022 [debug] [Dummy-1   ]: Connection 'test.luxe_training.not_null_dim_store_store_id.8cb7c6ace0' was properly closed.
[0m05:59:17.136474 [debug] [Dummy-1   ]: Connection 'test.luxe_training.unique_dim_store_store_id.90e408e197' was properly closed.
[0m05:59:17.136889 [debug] [Dummy-1   ]: Connection 'test.luxe_training.not_null_dim_product_product_id.02b1f06816' was properly closed.
[0m05:59:17.137304 [debug] [Dummy-1   ]: Connection 'model.luxe_training.stg_sales' was properly closed.
[0m05:59:17.137755 [debug] [Dummy-1   ]: Connection 'test.luxe_training.unique_dim_product_product_id.46495bf7fe' was properly closed.
[0m05:59:17.138175 [debug] [Dummy-1   ]: Connection 'test.luxe_training.not_null_fact_sales_quantity.123217c37f' was properly closed.
[0m05:59:17.138568 [debug] [Dummy-1   ]: Connection 'test.luxe_training.not_null_fact_sales_sale_id.ea1dca7100' was properly closed.
[0m05:59:17.138943 [debug] [Dummy-1   ]: Connection 'test.luxe_training.unique_fact_sales_sale_id.16dc554bac' was properly closed.
[0m05:59:17.141452 [debug] [Dummy-1   ]: Command end result
[0m05:59:17.165908 [debug] [Dummy-1   ]: Wrote artifact WritableManifest to /tmp/dbt/target/manifest.json
[0m05:59:17.168026 [debug] [Dummy-1   ]: Wrote artifact SemanticManifest to /tmp/dbt/target/semantic_manifest.json
[0m05:59:17.175283 [debug] [Dummy-1   ]: Wrote artifact RunExecutionResult to /tmp/dbt/target/run_results.json
[0m05:59:17.177034 [debug] [Dummy-1   ]: Resource report: {"command_name": "compile", "command_success": true, "command_wall_clock_time": 3.8071163, "process_in_blocks": "0", "process_kernel_time": 0.95, "process_mem_max_rss": "530856", "process_out_blocks": "0", "process_user_time": 5.4}
[0m05:59:17.177684 [debug] [Dummy-1   ]: Command `cli compile` succeeded at 05:59:17.177428 after 3.81 seconds
[0m05:59:17.178194 [debug] [Dummy-1   ]: Flushing usage events


============================== 01:46:14.961117 | ff39922d-a970-46a8-97b2-3735540ebbc8 ==============================
[0m01:46:14.961117 [info ] [Dummy-1   ]: Running with dbt=1.9.4
[0m01:46:14.962002 [debug] [Dummy-1   ]: running dbt with arguments {'printer_width': '80', 'indirect_selection': 'eager', 'log_cache_events': 'False', 'write_json': 'True', 'partial_parse': 'True', 'cache_selected_only': 'False', 'profiles_dir': '/tmp/dbt_effective_profiles_6lmacj3z', 'debug': 'False', 'fail_fast': 'False', 'log_path': '/tmp/dbt/logs', 'version_check': 'True', 'warn_error': 'None', 'use_colors': 'True', 'use_experimental_parser': 'False', 'empty': 'False', 'quiet': 'False', 'no_print': 'None', 'log_format': 'default', 'introspect': 'True', 'static_parser': 'True', 'invocation_command': 'dbt ', 'target_path': 'None', 'warn_error_options': 'WarnErrorOptions(include=[], exclude=[])', 'send_anonymous_usage_stats': 'False'}
[0m01:46:15.233835 [info ] [Dummy-1   ]: Registered adapter: snowflake=1.9.2
[0m01:46:15.776799 [debug] [Dummy-1   ]: checksum: 7a8296c70615f566de89055485ae13d89ed1d40af3cf21b3b72f2284f73c401a, vars: {}, profile: , target: dwh, version: 1.9.4
[0m01:46:16.010324 [debug] [Dummy-1   ]: Partial parsing enabled: 0 files deleted, 1 files added, 0 files changed.
[0m01:46:16.011195 [debug] [Dummy-1   ]: Partial parsing: added file: luxe_training://models/marts/int_sales_30d.sql.sql
[0m01:46:16.507344 [debug] [Dummy-1   ]: Wrote artifact WritableManifest to /tmp/dbt/target/manifest.json
[0m01:46:16.509221 [debug] [Dummy-1   ]: Wrote artifact SemanticManifest to /tmp/dbt/target/semantic_manifest.json
[0m01:46:16.544696 [info ] [Dummy-1   ]: Found 11 models, 7 data tests, 6 sources, 474 macros
[0m01:46:16.547329 [info ] [Dummy-1   ]: 
[0m01:46:16.547861 [info ] [Dummy-1   ]: Concurrency: 8 threads (target='dwh')
[0m01:46:16.548378 [info ] [Dummy-1   ]: 
[0m01:46:16.549067 [debug] [Dummy-1   ]: Acquiring new snowflake connection 'master'
[0m01:46:16.555514 [debug] [ThreadPool]: Acquiring new snowflake connection 'list_luxe_training_dwh'
[0m01:46:16.655570 [debug] [ThreadPool]: Using snowflake connection "list_luxe_training_dwh"
[0m01:46:16.656193 [debug] [ThreadPool]: On list_luxe_training_dwh: /* {"app": "dbt", "dbt_version": "1.9.4", "profile_name": "luxe_training", "target_name": "dwh", "connection_name": "list_luxe_training_dwh"} */
alter session set quoted_identifiers_ignore_case = false;
[0m01:46:16.656700 [debug] [ThreadPool]: Opening a new connection, currently in state init
[0m01:46:17.161160 [debug] [ThreadPool]: SQL status: SUCCESS 1 in 0.504 seconds
[0m01:46:17.165659 [debug] [ThreadPool]: Using snowflake connection "list_luxe_training_dwh"
[0m01:46:17.166192 [debug] [ThreadPool]: On list_luxe_training_dwh: /* {"app": "dbt", "dbt_version": "1.9.4", "profile_name": "luxe_training", "target_name": "dwh", "connection_name": "list_luxe_training_dwh"} */
show objects in luxe_training.dwh
    limit 10000
    
;
[0m01:46:17.297365 [debug] [ThreadPool]: SQL status: SUCCESS 10 in 0.131 seconds
[0m01:46:17.299839 [debug] [ThreadPool]: Using snowflake connection "list_luxe_training_dwh"
[0m01:46:17.300343 [debug] [ThreadPool]: On list_luxe_training_dwh: /* {"app": "dbt", "dbt_version": "1.9.4", "profile_name": "luxe_training", "target_name": "dwh", "connection_name": "list_luxe_training_dwh"} */
alter session unset quoted_identifiers_ignore_case;
[0m01:46:17.373598 [debug] [ThreadPool]: SQL status: SUCCESS 1 in 0.073 seconds
[0m01:46:17.392969 [debug] [Thread-2 (]: Began running node model.luxe_training.stg_customers
[0m01:46:17.393611 [debug] [Thread-3 (]: Began running node model.luxe_training.stg_inventory
[0m01:46:17.394199 [debug] [Thread-4 (]: Began running node model.luxe_training.stg_products
[0m01:46:17.394922 [debug] [Thread-5 (]: Began running node model.luxe_training.stg_sales
[0m01:46:17.395474 [debug] [Thread-6 (]: Began running node model.luxe_training.stg_stores
[0m01:46:17.396169 [debug] [Thread-2 (]: Re-using an available connection from the pool (formerly list_luxe_training_dwh, now model.luxe_training.stg_customers)
[0m01:46:17.396884 [debug] [Thread-3 (]: Acquiring new snowflake connection 'model.luxe_training.stg_inventory'
[0m01:46:17.397542 [debug] [Thread-4 (]: Acquiring new snowflake connection 'model.luxe_training.stg_products'
[0m01:46:17.398193 [debug] [Thread-5 (]: Acquiring new snowflake connection 'model.luxe_training.stg_sales'
[0m01:46:17.398891 [debug] [Thread-6 (]: Acquiring new snowflake connection 'model.luxe_training.stg_stores'
[0m01:46:17.399441 [debug] [Thread-2 (]: Began compiling node model.luxe_training.stg_customers
[0m01:46:17.399950 [debug] [Thread-3 (]: Began compiling node model.luxe_training.stg_inventory
[0m01:46:17.400530 [debug] [Thread-4 (]: Began compiling node model.luxe_training.stg_products
[0m01:46:17.401016 [debug] [Thread-5 (]: Began compiling node model.luxe_training.stg_sales
[0m01:46:17.401490 [debug] [Thread-6 (]: Began compiling node model.luxe_training.stg_stores
[0m01:46:17.410109 [debug] [Thread-2 (]: Writing injected SQL for node "model.luxe_training.stg_customers"
[0m01:46:17.414932 [debug] [Thread-3 (]: Writing injected SQL for node "model.luxe_training.stg_inventory"
[0m01:46:17.418903 [debug] [Thread-4 (]: Writing injected SQL for node "model.luxe_training.stg_products"
[0m01:46:17.422895 [debug] [Thread-5 (]: Writing injected SQL for node "model.luxe_training.stg_sales"
[0m01:46:17.426839 [debug] [Thread-6 (]: Writing injected SQL for node "model.luxe_training.stg_stores"
[0m01:46:17.427881 [debug] [Thread-2 (]: Began executing node model.luxe_training.stg_customers
[0m01:46:17.428712 [debug] [Thread-3 (]: Began executing node model.luxe_training.stg_inventory
[0m01:46:17.429400 [debug] [Thread-4 (]: Began executing node model.luxe_training.stg_products
[0m01:46:17.430180 [debug] [Thread-5 (]: Began executing node model.luxe_training.stg_sales
[0m01:46:17.431121 [debug] [Thread-2 (]: Finished running node model.luxe_training.stg_customers
[0m01:46:17.431637 [debug] [Thread-6 (]: Began executing node model.luxe_training.stg_stores
[0m01:46:17.432401 [debug] [Thread-3 (]: Finished running node model.luxe_training.stg_inventory
[0m01:46:17.433173 [debug] [Thread-4 (]: Finished running node model.luxe_training.stg_products
[0m01:46:17.433912 [debug] [Thread-5 (]: Finished running node model.luxe_training.stg_sales
[0m01:46:17.434968 [debug] [Thread-8 (]: Began running node model.luxe_training.dim_customer
[0m01:46:17.439198 [debug] [Thread-4 (]: Began running node model.luxe_training.int_sales_30d.sql
[0m01:46:17.436736 [debug] [Thread-7 (]: Began running node model.luxe_training.fact_inventory
[0m01:46:17.437615 [debug] [Thread-9 (]: Began running node model.luxe_training.dim_product
[0m01:46:17.438547 [debug] [Thread-2 (]: Began running node model.luxe_training.fact_sales
[0m01:46:17.435773 [debug] [Thread-6 (]: Finished running node model.luxe_training.stg_stores
[0m01:46:17.439889 [debug] [Thread-8 (]: Acquiring new snowflake connection 'model.luxe_training.dim_customer'
[0m01:46:17.440527 [debug] [Thread-4 (]: Re-using an available connection from the pool (formerly model.luxe_training.stg_products, now model.luxe_training.int_sales_30d.sql)
[0m01:46:17.441190 [debug] [Thread-7 (]: Acquiring new snowflake connection 'model.luxe_training.fact_inventory'
[0m01:46:17.441865 [debug] [Thread-9 (]: Acquiring new snowflake connection 'model.luxe_training.dim_product'
[0m01:46:17.442425 [debug] [Thread-2 (]: Re-using an available connection from the pool (formerly model.luxe_training.stg_customers, now model.luxe_training.fact_sales)
[0m01:46:17.443285 [debug] [Thread-5 (]: Began running node model.luxe_training.dim_store
[0m01:46:17.443795 [debug] [Thread-8 (]: Began compiling node model.luxe_training.dim_customer
[0m01:46:17.444296 [debug] [Thread-4 (]: Began compiling node model.luxe_training.int_sales_30d.sql
[0m01:46:17.444816 [debug] [Thread-7 (]: Began compiling node model.luxe_training.fact_inventory
[0m01:46:17.445325 [debug] [Thread-9 (]: Began compiling node model.luxe_training.dim_product
[0m01:46:17.445830 [debug] [Thread-2 (]: Began compiling node model.luxe_training.fact_sales
[0m01:46:17.446403 [debug] [Thread-5 (]: Re-using an available connection from the pool (formerly model.luxe_training.stg_sales, now model.luxe_training.dim_store)
[0m01:46:17.450605 [debug] [Thread-8 (]: Writing injected SQL for node "model.luxe_training.dim_customer"
[0m01:46:17.456139 [debug] [Thread-4 (]: Writing injected SQL for node "model.luxe_training.int_sales_30d.sql"
[0m01:46:17.460052 [debug] [Thread-7 (]: Writing injected SQL for node "model.luxe_training.fact_inventory"
[0m01:46:17.463877 [debug] [Thread-9 (]: Writing injected SQL for node "model.luxe_training.dim_product"
[0m01:46:17.467665 [debug] [Thread-2 (]: Writing injected SQL for node "model.luxe_training.fact_sales"
[0m01:46:17.468233 [debug] [Thread-5 (]: Began compiling node model.luxe_training.dim_store
[0m01:46:17.469250 [debug] [Thread-8 (]: Began executing node model.luxe_training.dim_customer
[0m01:46:17.470012 [debug] [Thread-4 (]: Began executing node model.luxe_training.int_sales_30d.sql
[0m01:46:17.470852 [debug] [Thread-7 (]: Began executing node model.luxe_training.fact_inventory
[0m01:46:17.471646 [debug] [Thread-9 (]: Began executing node model.luxe_training.dim_product
[0m01:46:17.475350 [debug] [Thread-5 (]: Writing injected SQL for node "model.luxe_training.dim_store"
[0m01:46:17.475905 [debug] [Thread-2 (]: Began executing node model.luxe_training.fact_sales
[0m01:46:17.476697 [debug] [Thread-8 (]: Finished running node model.luxe_training.dim_customer
[0m01:46:17.477470 [debug] [Thread-4 (]: Finished running node model.luxe_training.int_sales_30d.sql
[0m01:46:17.478228 [debug] [Thread-7 (]: Finished running node model.luxe_training.fact_inventory
[0m01:46:17.479039 [debug] [Thread-9 (]: Finished running node model.luxe_training.dim_product
[0m01:46:17.480119 [debug] [Thread-2 (]: Finished running node model.luxe_training.fact_sales
[0m01:46:17.480651 [debug] [Thread-5 (]: Began executing node model.luxe_training.dim_store
[0m01:46:17.482258 [debug] [Thread-6 (]: Began running node test.luxe_training.not_null_dim_product_product_id.02b1f06816
[0m01:46:17.482876 [debug] [Thread-3 (]: Began running node test.luxe_training.unique_dim_product_product_id.46495bf7fe
[0m01:46:17.483738 [debug] [Thread-4 (]: Began running node test.luxe_training.not_null_fact_sales_quantity.123217c37f
[0m01:46:17.484286 [debug] [Thread-7 (]: Began running node test.luxe_training.not_null_fact_sales_sale_id.ea1dca7100
[0m01:46:17.484811 [debug] [Thread-9 (]: Began running node test.luxe_training.unique_fact_sales_sale_id.16dc554bac
[0m01:46:17.485525 [debug] [Thread-5 (]: Finished running node model.luxe_training.dim_store
[0m01:46:17.486145 [debug] [Thread-6 (]: Re-using an available connection from the pool (formerly model.luxe_training.stg_stores, now test.luxe_training.not_null_dim_product_product_id.02b1f06816)
[0m01:46:17.486811 [debug] [Thread-3 (]: Re-using an available connection from the pool (formerly model.luxe_training.stg_inventory, now test.luxe_training.unique_dim_product_product_id.46495bf7fe)
[0m01:46:17.487417 [debug] [Thread-4 (]: Re-using an available connection from the pool (formerly model.luxe_training.int_sales_30d.sql, now test.luxe_training.not_null_fact_sales_quantity.123217c37f)
[0m01:46:17.488020 [debug] [Thread-7 (]: Re-using an available connection from the pool (formerly model.luxe_training.fact_inventory, now test.luxe_training.not_null_fact_sales_sale_id.ea1dca7100)
[0m01:46:17.488590 [debug] [Thread-9 (]: Re-using an available connection from the pool (formerly model.luxe_training.dim_product, now test.luxe_training.unique_fact_sales_sale_id.16dc554bac)
[0m01:46:17.489489 [debug] [Thread-8 (]: Began running node test.luxe_training.not_null_dim_store_store_id.8cb7c6ace0
[0m01:46:17.489991 [debug] [Thread-2 (]: Began running node test.luxe_training.unique_dim_store_store_id.90e408e197
[0m01:46:17.490476 [debug] [Thread-6 (]: Began compiling node test.luxe_training.not_null_dim_product_product_id.02b1f06816
[0m01:46:17.491070 [debug] [Thread-3 (]: Began compiling node test.luxe_training.unique_dim_product_product_id.46495bf7fe
[0m01:46:17.491598 [debug] [Thread-4 (]: Began compiling node test.luxe_training.not_null_fact_sales_quantity.123217c37f
[0m01:46:17.492088 [debug] [Thread-7 (]: Began compiling node test.luxe_training.not_null_fact_sales_sale_id.ea1dca7100
[0m01:46:17.492563 [debug] [Thread-9 (]: Began compiling node test.luxe_training.unique_fact_sales_sale_id.16dc554bac
[0m01:46:17.493135 [debug] [Thread-8 (]: Re-using an available connection from the pool (formerly model.luxe_training.dim_customer, now test.luxe_training.not_null_dim_store_store_id.8cb7c6ace0)
[0m01:46:17.493880 [debug] [Thread-2 (]: Re-using an available connection from the pool (formerly model.luxe_training.fact_sales, now test.luxe_training.unique_dim_store_store_id.90e408e197)
[0m01:46:17.508385 [debug] [Thread-6 (]: Writing injected SQL for node "test.luxe_training.not_null_dim_product_product_id.02b1f06816"
[0m01:46:17.515956 [debug] [Thread-3 (]: Writing injected SQL for node "test.luxe_training.unique_dim_product_product_id.46495bf7fe"
[0m01:46:17.520912 [debug] [Thread-4 (]: Writing injected SQL for node "test.luxe_training.not_null_fact_sales_quantity.123217c37f"
[0m01:46:17.526199 [debug] [Thread-7 (]: Writing injected SQL for node "test.luxe_training.not_null_fact_sales_sale_id.ea1dca7100"
[0m01:46:17.532136 [debug] [Thread-9 (]: Writing injected SQL for node "test.luxe_training.unique_fact_sales_sale_id.16dc554bac"
[0m01:46:17.532738 [debug] [Thread-8 (]: Began compiling node test.luxe_training.not_null_dim_store_store_id.8cb7c6ace0
[0m01:46:17.533283 [debug] [Thread-2 (]: Began compiling node test.luxe_training.unique_dim_store_store_id.90e408e197
[0m01:46:17.535055 [debug] [Thread-6 (]: Began executing node test.luxe_training.not_null_dim_product_product_id.02b1f06816
[0m01:46:17.536742 [debug] [Thread-3 (]: Began executing node test.luxe_training.unique_dim_product_product_id.46495bf7fe
[0m01:46:17.537908 [debug] [Thread-4 (]: Began executing node test.luxe_training.not_null_fact_sales_quantity.123217c37f
[0m01:46:17.538909 [debug] [Thread-7 (]: Began executing node test.luxe_training.not_null_fact_sales_sale_id.ea1dca7100
[0m01:46:17.546634 [debug] [Thread-8 (]: Writing injected SQL for node "test.luxe_training.not_null_dim_store_store_id.8cb7c6ace0"
[0m01:46:17.547202 [debug] [Thread-9 (]: Began executing node test.luxe_training.unique_fact_sales_sale_id.16dc554bac
[0m01:46:17.552132 [debug] [Thread-2 (]: Writing injected SQL for node "test.luxe_training.unique_dim_store_store_id.90e408e197"
[0m01:46:17.552965 [debug] [Thread-6 (]: Finished running node test.luxe_training.not_null_dim_product_product_id.02b1f06816
[0m01:46:17.553711 [debug] [Thread-3 (]: Finished running node test.luxe_training.unique_dim_product_product_id.46495bf7fe
[0m01:46:17.554443 [debug] [Thread-4 (]: Finished running node test.luxe_training.not_null_fact_sales_quantity.123217c37f
[0m01:46:17.555221 [debug] [Thread-7 (]: Finished running node test.luxe_training.not_null_fact_sales_sale_id.ea1dca7100
[0m01:46:17.556266 [debug] [Thread-9 (]: Finished running node test.luxe_training.unique_fact_sales_sale_id.16dc554bac
[0m01:46:17.556785 [debug] [Thread-8 (]: Began executing node test.luxe_training.not_null_dim_store_store_id.8cb7c6ace0
[0m01:46:17.557720 [debug] [Thread-2 (]: Began executing node test.luxe_training.unique_dim_store_store_id.90e408e197
[0m01:46:17.559221 [debug] [Thread-8 (]: Finished running node test.luxe_training.not_null_dim_store_store_id.8cb7c6ace0
[0m01:46:17.560002 [debug] [Thread-2 (]: Finished running node test.luxe_training.unique_dim_store_store_id.90e408e197
[0m01:46:17.563609 [debug] [Dummy-1   ]: Connection 'master' was properly closed.
[0m01:46:17.564132 [debug] [Dummy-1   ]: Connection 'test.luxe_training.unique_dim_store_store_id.90e408e197' was properly closed.
[0m01:46:17.564592 [debug] [Dummy-1   ]: Connection 'test.luxe_training.unique_dim_product_product_id.46495bf7fe' was properly closed.
[0m01:46:17.564987 [debug] [Dummy-1   ]: Connection 'test.luxe_training.not_null_fact_sales_quantity.123217c37f' was properly closed.
[0m01:46:17.565394 [debug] [Dummy-1   ]: Connection 'model.luxe_training.dim_store' was properly closed.
[0m01:46:17.565799 [debug] [Dummy-1   ]: Connection 'test.luxe_training.not_null_dim_product_product_id.02b1f06816' was properly closed.
[0m01:46:17.566188 [debug] [Dummy-1   ]: Connection 'test.luxe_training.not_null_dim_store_store_id.8cb7c6ace0' was properly closed.
[0m01:46:17.566578 [debug] [Dummy-1   ]: Connection 'test.luxe_training.not_null_fact_sales_sale_id.ea1dca7100' was properly closed.
[0m01:46:17.567033 [debug] [Dummy-1   ]: Connection 'test.luxe_training.unique_fact_sales_sale_id.16dc554bac' was properly closed.
[0m01:46:17.569412 [debug] [Dummy-1   ]: Command end result
[0m01:46:17.593815 [debug] [Dummy-1   ]: Wrote artifact WritableManifest to /tmp/dbt/target/manifest.json
[0m01:46:17.595671 [debug] [Dummy-1   ]: Wrote artifact SemanticManifest to /tmp/dbt/target/semantic_manifest.json
[0m01:46:17.602912 [debug] [Dummy-1   ]: Wrote artifact RunExecutionResult to /tmp/dbt/target/run_results.json
[0m01:46:17.604579 [debug] [Dummy-1   ]: Resource report: {"command_name": "compile", "command_success": true, "command_wall_clock_time": 2.7179382, "process_in_blocks": "0", "process_kernel_time": 0.95, "process_mem_max_rss": "528720", "process_out_blocks": "0", "process_user_time": 4.35}
[0m01:46:17.605177 [debug] [Dummy-1   ]: Command `cli compile` succeeded at 01:46:17.604933 after 2.72 seconds
[0m01:46:17.605684 [debug] [Dummy-1   ]: Flushing usage events


============================== 01:49:37.704685 | 0b5a1f80-4cca-4795-b64e-b6c4ead05e4c ==============================
[0m01:49:37.704685 [info ] [Dummy-1   ]: Running with dbt=1.9.4
[0m01:49:37.705559 [debug] [Dummy-1   ]: running dbt with arguments {'printer_width': '80', 'indirect_selection': 'eager', 'log_cache_events': 'False', 'write_json': 'True', 'partial_parse': 'True', 'cache_selected_only': 'False', 'warn_error': 'None', 'fail_fast': 'False', 'debug': 'False', 'log_path': '/tmp/dbt/logs', 'profiles_dir': '/tmp/dbt_effective_profiles_gpjrurjm', 'version_check': 'True', 'use_colors': 'True', 'use_experimental_parser': 'False', 'empty': 'False', 'quiet': 'False', 'no_print': 'None', 'log_format': 'default', 'invocation_command': 'dbt ', 'introspect': 'True', 'static_parser': 'True', 'target_path': 'None', 'warn_error_options': 'WarnErrorOptions(include=[], exclude=[])', 'send_anonymous_usage_stats': 'False'}
[0m01:49:37.972731 [info ] [Dummy-1   ]: Registered adapter: snowflake=1.9.2
[0m01:49:38.507898 [debug] [Dummy-1   ]: checksum: 7a8296c70615f566de89055485ae13d89ed1d40af3cf21b3b72f2284f73c401a, vars: {}, profile: , target: dwh, version: 1.9.4
[0m01:49:38.740228 [debug] [Dummy-1   ]: Partial parsing enabled: 0 files deleted, 0 files added, 0 files changed.
[0m01:49:38.740763 [debug] [Dummy-1   ]: Partial parsing enabled, no changes found, skipping parsing
[0m01:49:38.930644 [debug] [Dummy-1   ]: Wrote artifact WritableManifest to /tmp/dbt/target/manifest.json
[0m01:49:38.932561 [debug] [Dummy-1   ]: Wrote artifact SemanticManifest to /tmp/dbt/target/semantic_manifest.json
[0m01:49:38.974163 [info ] [Dummy-1   ]: Found 11 models, 7 data tests, 6 sources, 474 macros
[0m01:49:38.976671 [info ] [Dummy-1   ]: 
[0m01:49:38.977199 [info ] [Dummy-1   ]: Concurrency: 8 threads (target='dwh')
[0m01:49:38.977750 [info ] [Dummy-1   ]: 
[0m01:49:38.978536 [debug] [Dummy-1   ]: Acquiring new snowflake connection 'master'
[0m01:49:38.985192 [debug] [ThreadPool]: Acquiring new snowflake connection 'list_luxe_training'
[0m01:49:39.087683 [debug] [ThreadPool]: Using snowflake connection "list_luxe_training"
[0m01:49:39.088243 [debug] [ThreadPool]: On list_luxe_training: /* {"app": "dbt", "dbt_version": "1.9.4", "profile_name": "luxe_training", "target_name": "dwh", "connection_name": "list_luxe_training"} */
show terse schemas in database luxe_training
    limit 10000
[0m01:49:39.088711 [debug] [ThreadPool]: Opening a new connection, currently in state init
[0m01:49:39.535063 [debug] [ThreadPool]: SQL status: SUCCESS 4 in 0.446 seconds
[0m01:49:39.539599 [debug] [ThreadPool]: Acquiring new snowflake connection 'list_luxe_training_dwh'
[0m01:49:39.551946 [debug] [ThreadPool]: Using snowflake connection "list_luxe_training_dwh"
[0m01:49:39.552475 [debug] [ThreadPool]: On list_luxe_training_dwh: /* {"app": "dbt", "dbt_version": "1.9.4", "profile_name": "luxe_training", "target_name": "dwh", "connection_name": "list_luxe_training_dwh"} */
alter session set quoted_identifiers_ignore_case = false;
[0m01:49:39.552921 [debug] [ThreadPool]: Opening a new connection, currently in state init
[0m01:49:39.962786 [debug] [ThreadPool]: SQL status: SUCCESS 1 in 0.410 seconds
[0m01:49:39.967060 [debug] [ThreadPool]: Using snowflake connection "list_luxe_training_dwh"
[0m01:49:39.967552 [debug] [ThreadPool]: On list_luxe_training_dwh: /* {"app": "dbt", "dbt_version": "1.9.4", "profile_name": "luxe_training", "target_name": "dwh", "connection_name": "list_luxe_training_dwh"} */
show objects in luxe_training.dwh
    limit 10000
    
;
[0m01:49:40.094478 [debug] [ThreadPool]: SQL status: SUCCESS 10 in 0.126 seconds
[0m01:49:40.096552 [debug] [ThreadPool]: Using snowflake connection "list_luxe_training_dwh"
[0m01:49:40.096988 [debug] [ThreadPool]: On list_luxe_training_dwh: /* {"app": "dbt", "dbt_version": "1.9.4", "profile_name": "luxe_training", "target_name": "dwh", "connection_name": "list_luxe_training_dwh"} */
alter session unset quoted_identifiers_ignore_case;
[0m01:49:40.152508 [debug] [ThreadPool]: SQL status: SUCCESS 1 in 0.055 seconds
[0m01:49:40.170968 [debug] [Thread-2 (]: Began running node model.luxe_training.stg_customers
[0m01:49:40.171537 [debug] [Thread-3 (]: Began running node model.luxe_training.stg_inventory
[0m01:49:40.172082 [debug] [Thread-4 (]: Began running node model.luxe_training.stg_products
[0m01:49:40.172687 [debug] [Thread-5 (]: Began running node model.luxe_training.stg_sales
[0m01:49:40.173192 [debug] [Thread-6 (]: Began running node model.luxe_training.stg_stores
[0m01:49:40.173891 [info ] [Thread-2 (]: 1 of 11 START sql view model dwh.stg_customers ................................. [RUN]
[0m01:49:40.174523 [info ] [Thread-3 (]: 2 of 11 START sql view model dwh.stg_inventory ................................. [RUN]
[0m01:49:40.175125 [info ] [Thread-4 (]: 3 of 11 START sql view model dwh.stg_products .................................. [RUN]
[0m01:49:40.175733 [info ] [Thread-5 (]: 4 of 11 START sql view model dwh.stg_sales ..................................... [RUN]
[0m01:49:40.176365 [info ] [Thread-6 (]: 5 of 11 START sql view model dwh.stg_stores .................................... [RUN]
[0m01:49:40.176980 [debug] [Thread-2 (]: Re-using an available connection from the pool (formerly list_luxe_training_dwh, now model.luxe_training.stg_customers)
[0m01:49:40.177580 [debug] [Thread-3 (]: Re-using an available connection from the pool (formerly list_luxe_training, now model.luxe_training.stg_inventory)
[0m01:49:40.178221 [debug] [Thread-4 (]: Acquiring new snowflake connection 'model.luxe_training.stg_products'
[0m01:49:40.178830 [debug] [Thread-5 (]: Acquiring new snowflake connection 'model.luxe_training.stg_sales'
[0m01:49:40.179413 [debug] [Thread-6 (]: Acquiring new snowflake connection 'model.luxe_training.stg_stores'
[0m01:49:40.179893 [debug] [Thread-2 (]: Began compiling node model.luxe_training.stg_customers
[0m01:49:40.180365 [debug] [Thread-3 (]: Began compiling node model.luxe_training.stg_inventory
[0m01:49:40.180845 [debug] [Thread-4 (]: Began compiling node model.luxe_training.stg_products
[0m01:49:40.181398 [debug] [Thread-5 (]: Began compiling node model.luxe_training.stg_sales
[0m01:49:40.181875 [debug] [Thread-6 (]: Began compiling node model.luxe_training.stg_stores
[0m01:49:40.190342 [debug] [Thread-2 (]: Writing injected SQL for node "model.luxe_training.stg_customers"
[0m01:49:40.195343 [debug] [Thread-3 (]: Writing injected SQL for node "model.luxe_training.stg_inventory"
[0m01:49:40.199134 [debug] [Thread-4 (]: Writing injected SQL for node "model.luxe_training.stg_products"
[0m01:49:40.202991 [debug] [Thread-5 (]: Writing injected SQL for node "model.luxe_training.stg_sales"
[0m01:49:40.206784 [debug] [Thread-6 (]: Writing injected SQL for node "model.luxe_training.stg_stores"
[0m01:49:40.207791 [debug] [Thread-2 (]: Began executing node model.luxe_training.stg_customers
[0m01:49:40.208601 [debug] [Thread-3 (]: Began executing node model.luxe_training.stg_inventory
[0m01:49:40.209446 [debug] [Thread-4 (]: Began executing node model.luxe_training.stg_products
[0m01:49:40.210350 [debug] [Thread-5 (]: Began executing node model.luxe_training.stg_sales
[0m01:49:40.227473 [debug] [Thread-6 (]: Began executing node model.luxe_training.stg_stores
[0m01:49:40.254625 [debug] [Thread-2 (]: Writing runtime sql for node "model.luxe_training.stg_customers"
[0m01:49:40.269017 [debug] [Thread-3 (]: Writing runtime sql for node "model.luxe_training.stg_inventory"
[0m01:49:40.272993 [debug] [Thread-4 (]: Writing runtime sql for node "model.luxe_training.stg_products"
[0m01:49:40.276888 [debug] [Thread-5 (]: Writing runtime sql for node "model.luxe_training.stg_sales"
[0m01:49:40.280726 [debug] [Thread-6 (]: Writing runtime sql for node "model.luxe_training.stg_stores"
[0m01:49:40.282773 [debug] [Thread-2 (]: Using snowflake connection "model.luxe_training.stg_customers"
[0m01:49:40.283685 [debug] [Thread-3 (]: Using snowflake connection "model.luxe_training.stg_inventory"
[0m01:49:40.284683 [debug] [Thread-4 (]: Using snowflake connection "model.luxe_training.stg_products"
[0m01:49:40.285808 [debug] [Thread-5 (]: Using snowflake connection "model.luxe_training.stg_sales"
[0m01:49:40.286465 [debug] [Thread-2 (]: On model.luxe_training.stg_customers: /* {"app": "dbt", "dbt_version": "1.9.4", "profile_name": "luxe_training", "target_name": "dwh", "node_id": "model.luxe_training.stg_customers"} */
create or replace   view luxe_training.dwh.stg_customers
  
   as (
    select customer_id, first_name, last_name, country, segment from LUXE_TRAINING.RAW.customers_dyn
--test
  );
[0m01:49:40.287276 [debug] [Thread-6 (]: Using snowflake connection "model.luxe_training.stg_stores"
[0m01:49:40.287790 [debug] [Thread-3 (]: On model.luxe_training.stg_inventory: /* {"app": "dbt", "dbt_version": "1.9.4", "profile_name": "luxe_training", "target_name": "dwh", "node_id": "model.luxe_training.stg_inventory"} */
create or replace   view luxe_training.dwh.stg_inventory
  
   as (
    select snapshot_date, product_id, store_id, stock_qty, stock_in_transit from LUXE_TRAINING.RAW.inventory
  );
[0m01:49:40.288352 [debug] [Thread-4 (]: On model.luxe_training.stg_products: /* {"app": "dbt", "dbt_version": "1.9.4", "profile_name": "luxe_training", "target_name": "dwh", "node_id": "model.luxe_training.stg_products"} */
create or replace   view luxe_training.dwh.stg_products
  
   as (
    select product_id, sku, category, collection, unit_price, supplier_name from LUXE_TRAINING.RAW.products
  );
[0m01:49:40.288884 [debug] [Thread-5 (]: On model.luxe_training.stg_sales: /* {"app": "dbt", "dbt_version": "1.9.4", "profile_name": "luxe_training", "target_name": "dwh", "node_id": "model.luxe_training.stg_sales"} */
create or replace   view luxe_training.dwh.stg_sales
  
   as (
    select sale_id, sale_date, product_id, store_id, customer_id, channel, quantity, unit_price, sales_amount from LUXE_TRAINING.RAW.sales
  );
[0m01:49:40.289439 [debug] [Thread-2 (]: Opening a new connection, currently in state init
[0m01:49:40.289939 [debug] [Thread-6 (]: On model.luxe_training.stg_stores: /* {"app": "dbt", "dbt_version": "1.9.4", "profile_name": "luxe_training", "target_name": "dwh", "node_id": "model.luxe_training.stg_stores"} */
create or replace   view luxe_training.dwh.stg_stores
  
   as (
    select store_id, store_name, city, country, store_type from LUXE_TRAINING.RAW.stores
  );
[0m01:49:40.290450 [debug] [Thread-3 (]: Opening a new connection, currently in state init
[0m01:49:40.290941 [debug] [Thread-4 (]: Opening a new connection, currently in state init
[0m01:49:40.291440 [debug] [Thread-5 (]: Opening a new connection, currently in state init
[0m01:49:40.292064 [debug] [Thread-6 (]: Opening a new connection, currently in state init
[0m01:49:40.889104 [debug] [Thread-3 (]: SQL status: SUCCESS 1 in 0.598 seconds
[0m01:49:40.889917 [debug] [Thread-6 (]: SQL status: SUCCESS 1 in 0.598 seconds
[0m01:49:40.896315 [debug] [Thread-2 (]: SQL status: SUCCESS 1 in 0.607 seconds
[0m01:49:40.904778 [debug] [Thread-4 (]: SQL status: SUCCESS 1 in 0.614 seconds
[0m01:49:40.905503 [debug] [Thread-5 (]: SQL status: SUCCESS 1 in 0.614 seconds
[0m01:49:40.925959 [info ] [Thread-3 (]: 2 of 11 OK created sql view model dwh.stg_inventory ............................ [[32mSUCCESS 1[0m in 0.74s]
[0m01:49:40.926687 [info ] [Thread-6 (]: 5 of 11 OK created sql view model dwh.stg_stores ............................... [[32mSUCCESS 1[0m in 0.74s]
[0m01:49:40.927379 [info ] [Thread-2 (]: 1 of 11 OK created sql view model dwh.stg_customers ............................ [[32mSUCCESS 1[0m in 0.74s]
[0m01:49:40.928064 [info ] [Thread-4 (]: 3 of 11 OK created sql view model dwh.stg_products ............................. [[32mSUCCESS 1[0m in 0.75s]
[0m01:49:40.928721 [info ] [Thread-5 (]: 4 of 11 OK created sql view model dwh.stg_sales ................................ [[32mSUCCESS 1[0m in 0.75s]
[0m01:49:40.929444 [debug] [Thread-3 (]: Finished running node model.luxe_training.stg_inventory
[0m01:49:40.930148 [debug] [Thread-6 (]: Finished running node model.luxe_training.stg_stores
[0m01:49:40.930790 [debug] [Thread-2 (]: Finished running node model.luxe_training.stg_customers
[0m01:49:40.931400 [debug] [Thread-4 (]: Finished running node model.luxe_training.stg_products
[0m01:49:40.932051 [debug] [Thread-5 (]: Finished running node model.luxe_training.stg_sales
[0m01:49:40.933021 [debug] [Thread-8 (]: Began running node model.luxe_training.fact_inventory
[0m01:49:40.934014 [debug] [Thread-7 (]: Began running node model.luxe_training.dim_store
[0m01:49:40.934947 [debug] [Thread-9 (]: Began running node model.luxe_training.dim_customer
[0m01:49:40.935758 [debug] [Thread-3 (]: Began running node model.luxe_training.dim_product
[0m01:49:40.936586 [debug] [Thread-6 (]: Began running node model.luxe_training.fact_sales
[0m01:49:40.937129 [debug] [Thread-4 (]: Began running node model.luxe_training.int_sales_30d.sql
[0m01:49:40.937784 [info ] [Thread-8 (]: 6 of 11 START sql table model dwh.fact_inventory ............................... [RUN]
[0m01:49:40.938448 [info ] [Thread-7 (]: 7 of 11 START sql table model dwh.dim_store .................................... [RUN]
[0m01:49:40.939088 [info ] [Thread-9 (]: 8 of 11 START sql table model dwh.dim_customer ................................. [RUN]
[0m01:49:40.939739 [info ] [Thread-3 (]: 9 of 11 START sql table model dwh.dim_product .................................. [RUN]
[0m01:49:40.940435 [info ] [Thread-6 (]: 10 of 11 START sql table model dwh.fact_sales .................................. [RUN]
[0m01:49:40.941064 [info ] [Thread-4 (]: 11 of 11 START sql table model dwh.int_sales_30d.sql ........................... [RUN]
[0m01:49:40.941827 [debug] [Thread-8 (]: Acquiring new snowflake connection 'model.luxe_training.fact_inventory'
[0m01:49:40.942464 [debug] [Thread-7 (]: Acquiring new snowflake connection 'model.luxe_training.dim_store'
[0m01:49:40.943096 [debug] [Thread-9 (]: Acquiring new snowflake connection 'model.luxe_training.dim_customer'
[0m01:49:40.943660 [debug] [Thread-3 (]: Re-using an available connection from the pool (formerly model.luxe_training.stg_inventory, now model.luxe_training.dim_product)
[0m01:49:40.944204 [debug] [Thread-6 (]: Re-using an available connection from the pool (formerly model.luxe_training.stg_stores, now model.luxe_training.fact_sales)
[0m01:49:40.944737 [debug] [Thread-4 (]: Re-using an available connection from the pool (formerly model.luxe_training.stg_products, now model.luxe_training.int_sales_30d.sql)
[0m01:49:40.945254 [debug] [Thread-8 (]: Began compiling node model.luxe_training.fact_inventory
[0m01:49:40.945806 [debug] [Thread-7 (]: Began compiling node model.luxe_training.dim_store
[0m01:49:40.946361 [debug] [Thread-9 (]: Began compiling node model.luxe_training.dim_customer
[0m01:49:40.946889 [debug] [Thread-3 (]: Began compiling node model.luxe_training.dim_product
[0m01:49:40.947389 [debug] [Thread-6 (]: Began compiling node model.luxe_training.fact_sales
[0m01:49:40.947874 [debug] [Thread-4 (]: Began compiling node model.luxe_training.int_sales_30d.sql
[0m01:49:40.952055 [debug] [Thread-8 (]: Writing injected SQL for node "model.luxe_training.fact_inventory"
[0m01:49:40.956042 [debug] [Thread-7 (]: Writing injected SQL for node "model.luxe_training.dim_store"
[0m01:49:40.959806 [debug] [Thread-9 (]: Writing injected SQL for node "model.luxe_training.dim_customer"
[0m01:49:40.963463 [debug] [Thread-3 (]: Writing injected SQL for node "model.luxe_training.dim_product"
[0m01:49:40.968250 [debug] [Thread-6 (]: Writing injected SQL for node "model.luxe_training.fact_sales"
[0m01:49:40.972122 [debug] [Thread-4 (]: Writing injected SQL for node "model.luxe_training.int_sales_30d.sql"
[0m01:49:40.973263 [debug] [Thread-8 (]: Began executing node model.luxe_training.fact_inventory
[0m01:49:40.973971 [debug] [Thread-7 (]: Began executing node model.luxe_training.dim_store
[0m01:49:40.974707 [debug] [Thread-9 (]: Began executing node model.luxe_training.dim_customer
[0m01:49:40.975616 [debug] [Thread-3 (]: Began executing node model.luxe_training.dim_product
[0m01:49:40.976371 [debug] [Thread-6 (]: Began executing node model.luxe_training.fact_sales
[0m01:49:40.987580 [debug] [Thread-4 (]: Began executing node model.luxe_training.int_sales_30d.sql
[0m01:49:41.001620 [debug] [Thread-8 (]: Writing runtime sql for node "model.luxe_training.fact_inventory"
[0m01:49:41.005277 [debug] [Thread-7 (]: Writing runtime sql for node "model.luxe_training.dim_store"
[0m01:49:41.010090 [debug] [Thread-9 (]: Writing runtime sql for node "model.luxe_training.dim_customer"
[0m01:49:41.013736 [debug] [Thread-3 (]: Writing runtime sql for node "model.luxe_training.dim_product"
[0m01:49:41.017630 [debug] [Thread-6 (]: Writing runtime sql for node "model.luxe_training.fact_sales"
[0m01:49:41.021229 [debug] [Thread-4 (]: Writing runtime sql for node "model.luxe_training.int_sales_30d.sql"
[0m01:49:41.022664 [debug] [Thread-8 (]: Using snowflake connection "model.luxe_training.fact_inventory"
[0m01:49:41.023609 [debug] [Thread-7 (]: Using snowflake connection "model.luxe_training.dim_store"
[0m01:49:41.024750 [debug] [Thread-9 (]: Using snowflake connection "model.luxe_training.dim_customer"
[0m01:49:41.025792 [debug] [Thread-3 (]: Using snowflake connection "model.luxe_training.dim_product"
[0m01:49:41.026867 [debug] [Thread-6 (]: Using snowflake connection "model.luxe_training.fact_sales"
[0m01:49:41.027382 [debug] [Thread-8 (]: On model.luxe_training.fact_inventory: /* {"app": "dbt", "dbt_version": "1.9.4", "profile_name": "luxe_training", "target_name": "dwh", "node_id": "model.luxe_training.fact_inventory"} */
create or replace transient table luxe_training.dwh.fact_inventory
         as
        (select * from luxe_training.dwh.stg_inventory
        );
[0m01:49:41.028496 [debug] [Thread-4 (]: Using snowflake connection "model.luxe_training.int_sales_30d.sql"
[0m01:49:41.029015 [debug] [Thread-7 (]: On model.luxe_training.dim_store: /* {"app": "dbt", "dbt_version": "1.9.4", "profile_name": "luxe_training", "target_name": "dwh", "node_id": "model.luxe_training.dim_store"} */
create or replace transient table luxe_training.dwh.dim_store
         as
        (select * from luxe_training.dwh.stg_stores
        );
[0m01:49:41.029709 [debug] [Thread-9 (]: On model.luxe_training.dim_customer: /* {"app": "dbt", "dbt_version": "1.9.4", "profile_name": "luxe_training", "target_name": "dwh", "node_id": "model.luxe_training.dim_customer"} */
create or replace transient table luxe_training.dwh.dim_customer
         as
        (select * from luxe_training.dwh.stg_customers
        );
[0m01:49:41.030296 [debug] [Thread-3 (]: On model.luxe_training.dim_product: /* {"app": "dbt", "dbt_version": "1.9.4", "profile_name": "luxe_training", "target_name": "dwh", "node_id": "model.luxe_training.dim_product"} */
create or replace transient table luxe_training.dwh.dim_product
         as
        (select * from luxe_training.dwh.stg_products
        );
[0m01:49:41.030809 [debug] [Thread-6 (]: On model.luxe_training.fact_sales: /* {"app": "dbt", "dbt_version": "1.9.4", "profile_name": "luxe_training", "target_name": "dwh", "node_id": "model.luxe_training.fact_sales"} */
create or replace transient table luxe_training.dwh.fact_sales
         as
        (select * from luxe_training.dwh.stg_sales
        );
[0m01:49:41.031329 [debug] [Thread-8 (]: Opening a new connection, currently in state init
[0m01:49:41.031861 [debug] [Thread-4 (]: On model.luxe_training.int_sales_30d.sql: /* {"app": "dbt", "dbt_version": "1.9.4", "profile_name": "luxe_training", "target_name": "dwh", "node_id": "model.luxe_training.int_sales_30d.sql"} */
create or replace transient table luxe_training.dwh.int_sales_30d.sql
         as
        (SELECT
    product_id,
    store_id,
    SUM(quantity) AS qty_sold_30d,
    SUM(quantity) / 30.0 AS avg_daily_sales

FROM luxe_training.dwh.stg_sales

WHERE sale_date >= DATEADD(day, -30, CURRENT_DATE())

GROUP BY
    product_id,
    store_idselect * from luxe_training.dwh.stg_sales
        );
[0m01:49:41.032338 [debug] [Thread-7 (]: Opening a new connection, currently in state init
[0m01:49:41.032836 [debug] [Thread-9 (]: Opening a new connection, currently in state init
[0m01:49:41.033377 [debug] [Thread-3 (]: Opening a new connection, currently in state init
[0m01:49:41.033878 [debug] [Thread-6 (]: Opening a new connection, currently in state init
[0m01:49:41.034556 [debug] [Thread-4 (]: Opening a new connection, currently in state init
[0m01:49:41.525303 [debug] [Thread-4 (]: Snowflake adapter: Snowflake query id: 01c720b1-0002-1a45-0002-c11a000ced0a
[0m01:49:41.525952 [debug] [Thread-4 (]: Snowflake adapter: Snowflake error: 001003 (42000): SQL compilation error:
syntax error line 15 at position 21 unexpected 'from'.
[0m01:49:41.529715 [debug] [Thread-4 (]: Database Error in model int_sales_30d.sql (models/marts/int_sales_30d.sql.sql)
  001003 (42000): SQL compilation error:
  syntax error line 15 at position 21 unexpected 'from'.
  compiled code at target/run/luxe_training/models/marts/int_sales_30d.sql.sql
[0m01:49:41.530692 [error] [Thread-4 (]: 11 of 11 ERROR creating sql table model dwh.int_sales_30d.sql .................. [[31mERROR[0m in 0.59s]
[0m01:49:41.531405 [debug] [Thread-4 (]: Finished running node model.luxe_training.int_sales_30d.sql
[0m01:49:41.532118 [debug] [Thread-12 ]: Marking all children of 'model.luxe_training.int_sales_30d.sql' to be skipped because of status 'error'.  Reason: Database Error in model int_sales_30d.sql (models/marts/int_sales_30d.sql.sql)
  001003 (42000): SQL compilation error:
  syntax error line 15 at position 21 unexpected 'from'.
  compiled code at target/run/luxe_training/models/marts/int_sales_30d.sql.sql.
[0m01:49:42.300849 [debug] [Thread-9 (]: SQL status: SUCCESS 1 in 1.268 seconds
[0m01:49:42.303735 [info ] [Thread-9 (]: 8 of 11 OK created sql table model dwh.dim_customer ............................ [[32mSUCCESS 1[0m in 1.36s]
[0m01:49:42.304442 [debug] [Thread-9 (]: Finished running node model.luxe_training.dim_customer
[0m01:49:42.350394 [debug] [Thread-8 (]: SQL status: SUCCESS 1 in 1.319 seconds
[0m01:49:42.353015 [info ] [Thread-8 (]: 6 of 11 OK created sql table model dwh.fact_inventory .......................... [[32mSUCCESS 1[0m in 1.41s]
[0m01:49:42.353780 [debug] [Thread-8 (]: Finished running node model.luxe_training.fact_inventory
[0m01:49:42.356415 [debug] [Thread-7 (]: SQL status: SUCCESS 1 in 1.324 seconds
[0m01:49:42.359564 [info ] [Thread-7 (]: 7 of 11 OK created sql table model dwh.dim_store ............................... [[32mSUCCESS 1[0m in 1.42s]
[0m01:49:42.360311 [debug] [Thread-3 (]: SQL status: SUCCESS 1 in 1.327 seconds
[0m01:49:42.360997 [debug] [Thread-7 (]: Finished running node model.luxe_training.dim_store
[0m01:49:42.363483 [info ] [Thread-3 (]: 9 of 11 OK created sql table model dwh.dim_product ............................. [[32mSUCCESS 1[0m in 1.42s]
[0m01:49:42.364384 [debug] [Thread-3 (]: Finished running node model.luxe_training.dim_product
[0m01:49:42.551339 [debug] [Thread-6 (]: SQL status: SUCCESS 1 in 1.517 seconds
[0m01:49:42.553882 [info ] [Thread-6 (]: 10 of 11 OK created sql table model dwh.fact_sales ............................. [[32mSUCCESS 1[0m in 1.61s]
[0m01:49:42.554583 [debug] [Thread-6 (]: Finished running node model.luxe_training.fact_sales
[0m01:49:42.558646 [debug] [Dummy-1   ]: Connection 'master' was properly closed.
[0m01:49:42.559515 [debug] [Dummy-1   ]: Connection 'model.luxe_training.dim_product' was properly closed.
[0m01:49:42.560380 [debug] [Dummy-1   ]: Connection 'model.luxe_training.stg_customers' was properly closed.
[0m01:49:42.560832 [debug] [Dummy-1   ]: Connection 'model.luxe_training.int_sales_30d.sql' was properly closed.
[0m01:49:42.561246 [debug] [Dummy-1   ]: Connection 'model.luxe_training.stg_sales' was properly closed.
[0m01:49:42.561704 [debug] [Dummy-1   ]: Connection 'model.luxe_training.fact_sales' was properly closed.
[0m01:49:42.562113 [debug] [Dummy-1   ]: Connection 'model.luxe_training.fact_inventory' was properly closed.
[0m01:49:42.562482 [debug] [Dummy-1   ]: Connection 'model.luxe_training.dim_store' was properly closed.
[0m01:49:42.562859 [debug] [Dummy-1   ]: Connection 'model.luxe_training.dim_customer' was properly closed.
[0m01:49:42.563384 [info ] [Dummy-1   ]: 
[0m01:49:42.563828 [info ] [Dummy-1   ]: Finished running 6 table models, 5 view models in 0 hours 0 minutes and 3.59 seconds (3.59s).
[0m01:49:42.565694 [debug] [Dummy-1   ]: Command end result
[0m01:49:42.590536 [debug] [Dummy-1   ]: Wrote artifact WritableManifest to /tmp/dbt/target/manifest.json
[0m01:49:42.592169 [debug] [Dummy-1   ]: Wrote artifact SemanticManifest to /tmp/dbt/target/semantic_manifest.json
[0m01:49:42.598269 [debug] [Dummy-1   ]: Wrote artifact RunExecutionResult to /tmp/dbt/target/run_results.json
[0m01:49:42.598761 [info ] [Dummy-1   ]: 
[0m01:49:42.599274 [info ] [Dummy-1   ]: [31mCompleted with 1 error, 0 partial successes, and 0 warnings:[0m
[0m01:49:42.599698 [info ] [Dummy-1   ]: 
[0m01:49:42.600236 [error] [Dummy-1   ]:   Database Error in model int_sales_30d.sql (models/marts/int_sales_30d.sql.sql)
  001003 (42000): SQL compilation error:
  syntax error line 15 at position 21 unexpected 'from'.
  compiled code at target/run/luxe_training/models/marts/int_sales_30d.sql.sql
[0m01:49:42.600655 [info ] [Dummy-1   ]: 
[0m01:49:42.601113 [info ] [Dummy-1   ]: Done. PASS=10 WARN=0 ERROR=1 SKIP=0 TOTAL=11
[0m01:49:42.602692 [debug] [Dummy-1   ]: Resource report: {"command_name": "run", "command_success": false, "command_wall_clock_time": 4.9704127, "process_in_blocks": "0", "process_kernel_time": 0.8, "process_mem_max_rss": "491024", "process_out_blocks": "0", "process_user_time": 4.44}
[0m01:49:42.603262 [debug] [Dummy-1   ]: Command `cli run` failed at 01:49:42.603032 after 4.97 seconds
[0m01:49:42.603731 [debug] [Dummy-1   ]: Flushing usage events


============================== 02:31:05.741794 | 8fbe69e4-f776-4645-9610-ffa00ae8b901 ==============================
[0m02:31:05.741794 [info ] [Dummy-1   ]: Running with dbt=1.9.4
[0m02:31:05.742687 [debug] [Dummy-1   ]: running dbt with arguments {'printer_width': '80', 'indirect_selection': 'eager', 'write_json': 'True', 'log_cache_events': 'False', 'partial_parse': 'True', 'cache_selected_only': 'False', 'profiles_dir': '/tmp/dbt_effective_profiles_603mx396', 'debug': 'False', 'fail_fast': 'False', 'log_path': '/tmp/dbt/logs', 'version_check': 'True', 'warn_error': 'None', 'use_colors': 'True', 'use_experimental_parser': 'False', 'no_print': 'None', 'quiet': 'False', 'empty': 'False', 'warn_error_options': 'WarnErrorOptions(include=[], exclude=[])', 'static_parser': 'True', 'log_format': 'default', 'invocation_command': 'dbt ', 'target_path': 'None', 'introspect': 'True', 'send_anonymous_usage_stats': 'False'}
[0m02:31:06.015917 [info ] [Dummy-1   ]: Registered adapter: snowflake=1.9.2
[0m02:31:06.580180 [debug] [Dummy-1   ]: checksum: 7a8296c70615f566de89055485ae13d89ed1d40af3cf21b3b72f2284f73c401a, vars: {}, profile: , target: dwh, version: 1.9.4
[0m02:31:06.785584 [debug] [Dummy-1   ]: Partial parsing enabled: 0 files deleted, 0 files added, 1 files changed.
[0m02:31:06.786501 [debug] [Dummy-1   ]: Partial parsing: updated file: luxe_training://models/marts/int_sales_30d.sql.sql
[0m02:31:07.292303 [debug] [Dummy-1   ]: Wrote artifact WritableManifest to /tmp/dbt/target/manifest.json
[0m02:31:07.294440 [debug] [Dummy-1   ]: Wrote artifact SemanticManifest to /tmp/dbt/target/semantic_manifest.json
[0m02:31:07.329849 [info ] [Dummy-1   ]: Found 11 models, 7 data tests, 6 sources, 474 macros
[0m02:31:07.332462 [info ] [Dummy-1   ]: 
[0m02:31:07.333020 [info ] [Dummy-1   ]: Concurrency: 8 threads (target='dwh')
[0m02:31:07.333468 [info ] [Dummy-1   ]: 
[0m02:31:07.334207 [debug] [Dummy-1   ]: Acquiring new snowflake connection 'master'
[0m02:31:07.340693 [debug] [ThreadPool]: Acquiring new snowflake connection 'list_luxe_training_dwh'
[0m02:31:07.439667 [debug] [ThreadPool]: Using snowflake connection "list_luxe_training_dwh"
[0m02:31:07.440246 [debug] [ThreadPool]: On list_luxe_training_dwh: /* {"app": "dbt", "dbt_version": "1.9.4", "profile_name": "luxe_training", "target_name": "dwh", "connection_name": "list_luxe_training_dwh"} */
alter session set quoted_identifiers_ignore_case = false;
[0m02:31:07.440724 [debug] [ThreadPool]: Opening a new connection, currently in state init
[0m02:31:08.017375 [debug] [ThreadPool]: SQL status: SUCCESS 1 in 0.576 seconds
[0m02:31:08.021866 [debug] [ThreadPool]: Using snowflake connection "list_luxe_training_dwh"
[0m02:31:08.022454 [debug] [ThreadPool]: On list_luxe_training_dwh: /* {"app": "dbt", "dbt_version": "1.9.4", "profile_name": "luxe_training", "target_name": "dwh", "connection_name": "list_luxe_training_dwh"} */
show objects in luxe_training.dwh
    limit 10000
    
;
[0m02:31:08.210246 [debug] [ThreadPool]: SQL status: SUCCESS 10 in 0.187 seconds
[0m02:31:08.212680 [debug] [ThreadPool]: Using snowflake connection "list_luxe_training_dwh"
[0m02:31:08.213248 [debug] [ThreadPool]: On list_luxe_training_dwh: /* {"app": "dbt", "dbt_version": "1.9.4", "profile_name": "luxe_training", "target_name": "dwh", "connection_name": "list_luxe_training_dwh"} */
alter session unset quoted_identifiers_ignore_case;
[0m02:31:08.283682 [debug] [ThreadPool]: SQL status: SUCCESS 1 in 0.070 seconds
[0m02:31:08.304660 [debug] [Thread-2 (]: Began running node model.luxe_training.stg_customers
[0m02:31:08.305318 [debug] [Thread-3 (]: Began running node model.luxe_training.stg_inventory
[0m02:31:08.305907 [debug] [Thread-4 (]: Began running node model.luxe_training.stg_products
[0m02:31:08.306577 [debug] [Thread-5 (]: Began running node model.luxe_training.stg_sales
[0m02:31:08.307130 [debug] [Thread-6 (]: Began running node model.luxe_training.stg_stores
[0m02:31:08.307790 [debug] [Thread-2 (]: Re-using an available connection from the pool (formerly list_luxe_training_dwh, now model.luxe_training.stg_customers)
[0m02:31:08.308481 [debug] [Thread-3 (]: Acquiring new snowflake connection 'model.luxe_training.stg_inventory'
[0m02:31:08.309170 [debug] [Thread-4 (]: Acquiring new snowflake connection 'model.luxe_training.stg_products'
[0m02:31:08.309824 [debug] [Thread-5 (]: Acquiring new snowflake connection 'model.luxe_training.stg_sales'
[0m02:31:08.310517 [debug] [Thread-6 (]: Acquiring new snowflake connection 'model.luxe_training.stg_stores'
[0m02:31:08.311020 [debug] [Thread-2 (]: Began compiling node model.luxe_training.stg_customers
[0m02:31:08.311494 [debug] [Thread-3 (]: Began compiling node model.luxe_training.stg_inventory
[0m02:31:08.311983 [debug] [Thread-4 (]: Began compiling node model.luxe_training.stg_products
[0m02:31:08.312482 [debug] [Thread-5 (]: Began compiling node model.luxe_training.stg_sales
[0m02:31:08.313005 [debug] [Thread-6 (]: Began compiling node model.luxe_training.stg_stores
[0m02:31:08.322000 [debug] [Thread-2 (]: Writing injected SQL for node "model.luxe_training.stg_customers"
[0m02:31:08.326937 [debug] [Thread-3 (]: Writing injected SQL for node "model.luxe_training.stg_inventory"
[0m02:31:08.331016 [debug] [Thread-4 (]: Writing injected SQL for node "model.luxe_training.stg_products"
[0m02:31:08.335059 [debug] [Thread-5 (]: Writing injected SQL for node "model.luxe_training.stg_sales"
[0m02:31:08.339085 [debug] [Thread-6 (]: Writing injected SQL for node "model.luxe_training.stg_stores"
[0m02:31:08.340125 [debug] [Thread-2 (]: Began executing node model.luxe_training.stg_customers
[0m02:31:08.341008 [debug] [Thread-3 (]: Began executing node model.luxe_training.stg_inventory
[0m02:31:08.341913 [debug] [Thread-4 (]: Began executing node model.luxe_training.stg_products
[0m02:31:08.342843 [debug] [Thread-5 (]: Began executing node model.luxe_training.stg_sales
[0m02:31:08.343730 [debug] [Thread-2 (]: Finished running node model.luxe_training.stg_customers
[0m02:31:08.344212 [debug] [Thread-6 (]: Began executing node model.luxe_training.stg_stores
[0m02:31:08.345004 [debug] [Thread-3 (]: Finished running node model.luxe_training.stg_inventory
[0m02:31:08.345787 [debug] [Thread-4 (]: Finished running node model.luxe_training.stg_products
[0m02:31:08.346655 [debug] [Thread-5 (]: Finished running node model.luxe_training.stg_sales
[0m02:31:08.347647 [debug] [Thread-8 (]: Began running node model.luxe_training.dim_customer
[0m02:31:08.348448 [debug] [Thread-6 (]: Finished running node model.luxe_training.stg_stores
[0m02:31:08.349417 [debug] [Thread-7 (]: Began running node model.luxe_training.fact_inventory
[0m02:31:08.350302 [debug] [Thread-9 (]: Began running node model.luxe_training.dim_product
[0m02:31:08.351224 [debug] [Thread-2 (]: Began running node model.luxe_training.fact_sales
[0m02:31:08.351740 [debug] [Thread-4 (]: Began running node model.luxe_training.int_sales_30d.sql
[0m02:31:08.352410 [debug] [Thread-8 (]: Acquiring new snowflake connection 'model.luxe_training.dim_customer'
[0m02:31:08.353253 [debug] [Thread-5 (]: Began running node model.luxe_training.dim_store
[0m02:31:08.353863 [debug] [Thread-7 (]: Acquiring new snowflake connection 'model.luxe_training.fact_inventory'
[0m02:31:08.354541 [debug] [Thread-9 (]: Acquiring new snowflake connection 'model.luxe_training.dim_product'
[0m02:31:08.355101 [debug] [Thread-2 (]: Re-using an available connection from the pool (formerly model.luxe_training.stg_customers, now model.luxe_training.fact_sales)
[0m02:31:08.355659 [debug] [Thread-4 (]: Re-using an available connection from the pool (formerly model.luxe_training.stg_products, now model.luxe_training.int_sales_30d.sql)
[0m02:31:08.356192 [debug] [Thread-8 (]: Began compiling node model.luxe_training.dim_customer
[0m02:31:08.356773 [debug] [Thread-5 (]: Re-using an available connection from the pool (formerly model.luxe_training.stg_sales, now model.luxe_training.dim_store)
[0m02:31:08.357259 [debug] [Thread-7 (]: Began compiling node model.luxe_training.fact_inventory
[0m02:31:08.357715 [debug] [Thread-9 (]: Began compiling node model.luxe_training.dim_product
[0m02:31:08.358160 [debug] [Thread-2 (]: Began compiling node model.luxe_training.fact_sales
[0m02:31:08.358678 [debug] [Thread-4 (]: Began compiling node model.luxe_training.int_sales_30d.sql
[0m02:31:08.362997 [debug] [Thread-8 (]: Writing injected SQL for node "model.luxe_training.dim_customer"
[0m02:31:08.363554 [debug] [Thread-5 (]: Began compiling node model.luxe_training.dim_store
[0m02:31:08.368676 [debug] [Thread-7 (]: Writing injected SQL for node "model.luxe_training.fact_inventory"
[0m02:31:08.372545 [debug] [Thread-9 (]: Writing injected SQL for node "model.luxe_training.dim_product"
[0m02:31:08.376224 [debug] [Thread-2 (]: Writing injected SQL for node "model.luxe_training.fact_sales"
[0m02:31:08.379983 [debug] [Thread-4 (]: Writing injected SQL for node "model.luxe_training.int_sales_30d.sql"
[0m02:31:08.383943 [debug] [Thread-5 (]: Writing injected SQL for node "model.luxe_training.dim_store"
[0m02:31:08.384488 [debug] [Thread-8 (]: Began executing node model.luxe_training.dim_customer
[0m02:31:08.385411 [debug] [Thread-7 (]: Began executing node model.luxe_training.fact_inventory
[0m02:31:08.386218 [debug] [Thread-9 (]: Began executing node model.luxe_training.dim_product
[0m02:31:08.386941 [debug] [Thread-2 (]: Began executing node model.luxe_training.fact_sales
[0m02:31:08.387963 [debug] [Thread-4 (]: Began executing node model.luxe_training.int_sales_30d.sql
[0m02:31:08.388926 [debug] [Thread-8 (]: Finished running node model.luxe_training.dim_customer
[0m02:31:08.389521 [debug] [Thread-5 (]: Began executing node model.luxe_training.dim_store
[0m02:31:08.390294 [debug] [Thread-7 (]: Finished running node model.luxe_training.fact_inventory
[0m02:31:08.391149 [debug] [Thread-9 (]: Finished running node model.luxe_training.dim_product
[0m02:31:08.391942 [debug] [Thread-2 (]: Finished running node model.luxe_training.fact_sales
[0m02:31:08.392719 [debug] [Thread-4 (]: Finished running node model.luxe_training.int_sales_30d.sql
[0m02:31:08.393725 [debug] [Thread-5 (]: Finished running node model.luxe_training.dim_store
[0m02:31:08.394906 [debug] [Thread-6 (]: Began running node test.luxe_training.not_null_dim_product_product_id.02b1f06816
[0m02:31:08.395458 [debug] [Thread-3 (]: Began running node test.luxe_training.unique_dim_product_product_id.46495bf7fe
[0m02:31:08.396340 [debug] [Thread-7 (]: Began running node test.luxe_training.not_null_fact_sales_quantity.123217c37f
[0m02:31:08.396885 [debug] [Thread-9 (]: Began running node test.luxe_training.not_null_fact_sales_sale_id.ea1dca7100
[0m02:31:08.397395 [debug] [Thread-8 (]: Began running node test.luxe_training.unique_fact_sales_sale_id.16dc554bac
[0m02:31:08.398407 [debug] [Thread-4 (]: Began running node test.luxe_training.not_null_dim_store_store_id.8cb7c6ace0
[0m02:31:08.398935 [debug] [Thread-2 (]: Began running node test.luxe_training.unique_dim_store_store_id.90e408e197
[0m02:31:08.399462 [debug] [Thread-6 (]: Re-using an available connection from the pool (formerly model.luxe_training.stg_stores, now test.luxe_training.not_null_dim_product_product_id.02b1f06816)
[0m02:31:08.400050 [debug] [Thread-3 (]: Re-using an available connection from the pool (formerly model.luxe_training.stg_inventory, now test.luxe_training.unique_dim_product_product_id.46495bf7fe)
[0m02:31:08.400585 [debug] [Thread-7 (]: Re-using an available connection from the pool (formerly model.luxe_training.fact_inventory, now test.luxe_training.not_null_fact_sales_quantity.123217c37f)
[0m02:31:08.401147 [debug] [Thread-9 (]: Re-using an available connection from the pool (formerly model.luxe_training.dim_product, now test.luxe_training.not_null_fact_sales_sale_id.ea1dca7100)
[0m02:31:08.401689 [debug] [Thread-8 (]: Re-using an available connection from the pool (formerly model.luxe_training.dim_customer, now test.luxe_training.unique_fact_sales_sale_id.16dc554bac)
[0m02:31:08.402252 [debug] [Thread-4 (]: Re-using an available connection from the pool (formerly model.luxe_training.int_sales_30d.sql, now test.luxe_training.not_null_dim_store_store_id.8cb7c6ace0)
[0m02:31:08.403089 [debug] [Thread-2 (]: Re-using an available connection from the pool (formerly model.luxe_training.fact_sales, now test.luxe_training.unique_dim_store_store_id.90e408e197)
[0m02:31:08.403628 [debug] [Thread-6 (]: Began compiling node test.luxe_training.not_null_dim_product_product_id.02b1f06816
[0m02:31:08.404140 [debug] [Thread-3 (]: Began compiling node test.luxe_training.unique_dim_product_product_id.46495bf7fe
[0m02:31:08.404644 [debug] [Thread-7 (]: Began compiling node test.luxe_training.not_null_fact_sales_quantity.123217c37f
[0m02:31:08.405135 [debug] [Thread-9 (]: Began compiling node test.luxe_training.not_null_fact_sales_sale_id.ea1dca7100
[0m02:31:08.405623 [debug] [Thread-8 (]: Began compiling node test.luxe_training.unique_fact_sales_sale_id.16dc554bac
[0m02:31:08.406113 [debug] [Thread-4 (]: Began compiling node test.luxe_training.not_null_dim_store_store_id.8cb7c6ace0
[0m02:31:08.406654 [debug] [Thread-2 (]: Began compiling node test.luxe_training.unique_dim_store_store_id.90e408e197
[0m02:31:08.421174 [debug] [Thread-6 (]: Writing injected SQL for node "test.luxe_training.not_null_dim_product_product_id.02b1f06816"
[0m02:31:08.428910 [debug] [Thread-3 (]: Writing injected SQL for node "test.luxe_training.unique_dim_product_product_id.46495bf7fe"
[0m02:31:08.433999 [debug] [Thread-7 (]: Writing injected SQL for node "test.luxe_training.not_null_fact_sales_quantity.123217c37f"
[0m02:31:08.439323 [debug] [Thread-9 (]: Writing injected SQL for node "test.luxe_training.not_null_fact_sales_sale_id.ea1dca7100"
[0m02:31:08.444428 [debug] [Thread-8 (]: Writing injected SQL for node "test.luxe_training.unique_fact_sales_sale_id.16dc554bac"
[0m02:31:08.451132 [debug] [Thread-4 (]: Writing injected SQL for node "test.luxe_training.not_null_dim_store_store_id.8cb7c6ace0"
[0m02:31:08.456116 [debug] [Thread-2 (]: Writing injected SQL for node "test.luxe_training.unique_dim_store_store_id.90e408e197"
[0m02:31:08.457122 [debug] [Thread-6 (]: Began executing node test.luxe_training.not_null_dim_product_product_id.02b1f06816
[0m02:31:08.457971 [debug] [Thread-3 (]: Began executing node test.luxe_training.unique_dim_product_product_id.46495bf7fe
[0m02:31:08.458905 [debug] [Thread-7 (]: Began executing node test.luxe_training.not_null_fact_sales_quantity.123217c37f
[0m02:31:08.459686 [debug] [Thread-9 (]: Began executing node test.luxe_training.not_null_fact_sales_sale_id.ea1dca7100
[0m02:31:08.460537 [debug] [Thread-8 (]: Began executing node test.luxe_training.unique_fact_sales_sale_id.16dc554bac
[0m02:31:08.461359 [debug] [Thread-4 (]: Began executing node test.luxe_training.not_null_dim_store_store_id.8cb7c6ace0
[0m02:31:08.462222 [debug] [Thread-6 (]: Finished running node test.luxe_training.not_null_dim_product_product_id.02b1f06816
[0m02:31:08.462795 [debug] [Thread-2 (]: Began executing node test.luxe_training.unique_dim_store_store_id.90e408e197
[0m02:31:08.463547 [debug] [Thread-3 (]: Finished running node test.luxe_training.unique_dim_product_product_id.46495bf7fe
[0m02:31:08.464299 [debug] [Thread-7 (]: Finished running node test.luxe_training.not_null_fact_sales_quantity.123217c37f
[0m02:31:08.465054 [debug] [Thread-9 (]: Finished running node test.luxe_training.not_null_fact_sales_sale_id.ea1dca7100
[0m02:31:08.465782 [debug] [Thread-8 (]: Finished running node test.luxe_training.unique_fact_sales_sale_id.16dc554bac
[0m02:31:08.466581 [debug] [Thread-4 (]: Finished running node test.luxe_training.not_null_dim_store_store_id.8cb7c6ace0
[0m02:31:08.467594 [debug] [Thread-2 (]: Finished running node test.luxe_training.unique_dim_store_store_id.90e408e197
[0m02:31:08.472290 [debug] [Dummy-1   ]: Connection 'master' was properly closed.
[0m02:31:08.472792 [debug] [Dummy-1   ]: Connection 'test.luxe_training.unique_dim_store_store_id.90e408e197' was properly closed.
[0m02:31:08.473216 [debug] [Dummy-1   ]: Connection 'test.luxe_training.unique_dim_product_product_id.46495bf7fe' was properly closed.
[0m02:31:08.473602 [debug] [Dummy-1   ]: Connection 'test.luxe_training.not_null_dim_store_store_id.8cb7c6ace0' was properly closed.
[0m02:31:08.473962 [debug] [Dummy-1   ]: Connection 'model.luxe_training.dim_store' was properly closed.
[0m02:31:08.474323 [debug] [Dummy-1   ]: Connection 'test.luxe_training.not_null_dim_product_product_id.02b1f06816' was properly closed.
[0m02:31:08.474797 [debug] [Dummy-1   ]: Connection 'test.luxe_training.unique_fact_sales_sale_id.16dc554bac' was properly closed.
[0m02:31:08.475157 [debug] [Dummy-1   ]: Connection 'test.luxe_training.not_null_fact_sales_quantity.123217c37f' was properly closed.
[0m02:31:08.475508 [debug] [Dummy-1   ]: Connection 'test.luxe_training.not_null_fact_sales_sale_id.ea1dca7100' was properly closed.
[0m02:31:08.477909 [debug] [Dummy-1   ]: Command end result
[0m02:31:08.502476 [debug] [Dummy-1   ]: Wrote artifact WritableManifest to /tmp/dbt/target/manifest.json
[0m02:31:08.504322 [debug] [Dummy-1   ]: Wrote artifact SemanticManifest to /tmp/dbt/target/semantic_manifest.json
[0m02:31:08.511716 [debug] [Dummy-1   ]: Wrote artifact RunExecutionResult to /tmp/dbt/target/run_results.json
[0m02:31:08.513380 [debug] [Dummy-1   ]: Resource report: {"command_name": "compile", "command_success": true, "command_wall_clock_time": 2.846011, "process_in_blocks": "0", "process_kernel_time": 0.84, "process_mem_max_rss": "526560", "process_out_blocks": "0", "process_user_time": 4.44}
[0m02:31:08.514007 [debug] [Dummy-1   ]: Command `cli compile` succeeded at 02:31:08.513747 after 2.85 seconds
[0m02:31:08.514607 [debug] [Dummy-1   ]: Flushing usage events


============================== 02:32:12.153388 | cc4f5390-69e5-4f11-8c2a-ba6a6a40a51b ==============================
[0m02:32:12.153388 [info ] [Dummy-1   ]: Running with dbt=1.9.4
[0m02:32:12.154250 [debug] [Dummy-1   ]: running dbt with arguments {'printer_width': '80', 'indirect_selection': 'eager', 'log_cache_events': 'False', 'write_json': 'True', 'partial_parse': 'True', 'cache_selected_only': 'False', 'profiles_dir': '/tmp/dbt_effective_profiles_2usa7itw', 'fail_fast': 'False', 'warn_error': 'None', 'log_path': '/tmp/dbt/logs', 'version_check': 'True', 'debug': 'False', 'use_colors': 'True', 'use_experimental_parser': 'False', 'empty': 'False', 'quiet': 'False', 'no_print': 'None', 'log_format': 'default', 'introspect': 'True', 'invocation_command': 'dbt ', 'static_parser': 'True', 'target_path': 'None', 'warn_error_options': 'WarnErrorOptions(include=[], exclude=[])', 'send_anonymous_usage_stats': 'False'}
[0m02:32:12.428303 [info ] [Dummy-1   ]: Registered adapter: snowflake=1.9.2
[0m02:32:12.985090 [debug] [Dummy-1   ]: checksum: 7a8296c70615f566de89055485ae13d89ed1d40af3cf21b3b72f2284f73c401a, vars: {}, profile: , target: dwh, version: 1.9.4
[0m02:32:13.188243 [debug] [Dummy-1   ]: Partial parsing enabled: 0 files deleted, 0 files added, 0 files changed.
[0m02:32:13.188835 [debug] [Dummy-1   ]: Partial parsing enabled, no changes found, skipping parsing
[0m02:32:13.382621 [debug] [Dummy-1   ]: Wrote artifact WritableManifest to /tmp/dbt/target/manifest.json
[0m02:32:13.384618 [debug] [Dummy-1   ]: Wrote artifact SemanticManifest to /tmp/dbt/target/semantic_manifest.json
[0m02:32:13.417808 [info ] [Dummy-1   ]: Found 11 models, 7 data tests, 6 sources, 474 macros
[0m02:32:13.420485 [info ] [Dummy-1   ]: 
[0m02:32:13.421058 [info ] [Dummy-1   ]: Concurrency: 8 threads (target='dwh')
[0m02:32:13.421479 [info ] [Dummy-1   ]: 
[0m02:32:13.422195 [debug] [Dummy-1   ]: Acquiring new snowflake connection 'master'
[0m02:32:13.428606 [debug] [ThreadPool]: Acquiring new snowflake connection 'list_luxe_training_dwh'
[0m02:32:13.541203 [debug] [ThreadPool]: Using snowflake connection "list_luxe_training_dwh"
[0m02:32:13.541858 [debug] [ThreadPool]: On list_luxe_training_dwh: /* {"app": "dbt", "dbt_version": "1.9.4", "profile_name": "luxe_training", "target_name": "dwh", "connection_name": "list_luxe_training_dwh"} */
alter session set quoted_identifiers_ignore_case = false;
[0m02:32:13.542436 [debug] [ThreadPool]: Opening a new connection, currently in state init
[0m02:32:14.902546 [debug] [ThreadPool]: SQL status: SUCCESS 1 in 1.360 seconds
[0m02:32:14.907221 [debug] [ThreadPool]: Using snowflake connection "list_luxe_training_dwh"
[0m02:32:14.907763 [debug] [ThreadPool]: On list_luxe_training_dwh: /* {"app": "dbt", "dbt_version": "1.9.4", "profile_name": "luxe_training", "target_name": "dwh", "connection_name": "list_luxe_training_dwh"} */
show objects in luxe_training.dwh
    limit 10000
    
;
[0m02:32:15.152714 [debug] [ThreadPool]: SQL status: SUCCESS 10 in 0.244 seconds
[0m02:32:15.155131 [debug] [ThreadPool]: Using snowflake connection "list_luxe_training_dwh"
[0m02:32:15.155635 [debug] [ThreadPool]: On list_luxe_training_dwh: /* {"app": "dbt", "dbt_version": "1.9.4", "profile_name": "luxe_training", "target_name": "dwh", "connection_name": "list_luxe_training_dwh"} */
alter session unset quoted_identifiers_ignore_case;
[0m02:32:15.285771 [debug] [ThreadPool]: SQL status: SUCCESS 1 in 0.130 seconds
[0m02:32:15.305200 [debug] [Thread-2 (]: Began running node model.luxe_training.stg_customers
[0m02:32:15.305792 [debug] [Thread-3 (]: Began running node model.luxe_training.stg_inventory
[0m02:32:15.306338 [debug] [Thread-4 (]: Began running node model.luxe_training.stg_products
[0m02:32:15.306995 [debug] [Thread-5 (]: Began running node model.luxe_training.stg_sales
[0m02:32:15.307533 [debug] [Thread-6 (]: Began running node model.luxe_training.stg_stores
[0m02:32:15.308159 [debug] [Thread-2 (]: Re-using an available connection from the pool (formerly list_luxe_training_dwh, now model.luxe_training.stg_customers)
[0m02:32:15.308887 [debug] [Thread-3 (]: Acquiring new snowflake connection 'model.luxe_training.stg_inventory'
[0m02:32:15.309568 [debug] [Thread-4 (]: Acquiring new snowflake connection 'model.luxe_training.stg_products'
[0m02:32:15.310195 [debug] [Thread-5 (]: Acquiring new snowflake connection 'model.luxe_training.stg_sales'
[0m02:32:15.310875 [debug] [Thread-6 (]: Acquiring new snowflake connection 'model.luxe_training.stg_stores'
[0m02:32:15.311379 [debug] [Thread-2 (]: Began compiling node model.luxe_training.stg_customers
[0m02:32:15.311858 [debug] [Thread-3 (]: Began compiling node model.luxe_training.stg_inventory
[0m02:32:15.312322 [debug] [Thread-4 (]: Began compiling node model.luxe_training.stg_products
[0m02:32:15.312788 [debug] [Thread-5 (]: Began compiling node model.luxe_training.stg_sales
[0m02:32:15.313244 [debug] [Thread-6 (]: Began compiling node model.luxe_training.stg_stores
[0m02:32:15.321944 [debug] [Thread-2 (]: Writing injected SQL for node "model.luxe_training.stg_customers"
[0m02:32:15.326038 [debug] [Thread-3 (]: Writing injected SQL for node "model.luxe_training.stg_inventory"
[0m02:32:15.330069 [debug] [Thread-4 (]: Writing injected SQL for node "model.luxe_training.stg_products"
[0m02:32:15.335371 [debug] [Thread-5 (]: Writing injected SQL for node "model.luxe_training.stg_sales"
[0m02:32:15.339390 [debug] [Thread-6 (]: Writing injected SQL for node "model.luxe_training.stg_stores"
[0m02:32:15.340487 [debug] [Thread-2 (]: Began executing node model.luxe_training.stg_customers
[0m02:32:15.341277 [debug] [Thread-3 (]: Began executing node model.luxe_training.stg_inventory
[0m02:32:15.342144 [debug] [Thread-4 (]: Began executing node model.luxe_training.stg_products
[0m02:32:15.343104 [debug] [Thread-5 (]: Began executing node model.luxe_training.stg_sales
[0m02:32:15.344149 [debug] [Thread-2 (]: Finished running node model.luxe_training.stg_customers
[0m02:32:15.344682 [debug] [Thread-6 (]: Began executing node model.luxe_training.stg_stores
[0m02:32:15.345427 [debug] [Thread-3 (]: Finished running node model.luxe_training.stg_inventory
[0m02:32:15.346206 [debug] [Thread-4 (]: Finished running node model.luxe_training.stg_products
[0m02:32:15.347047 [debug] [Thread-5 (]: Finished running node model.luxe_training.stg_sales
[0m02:32:15.348072 [debug] [Thread-8 (]: Began running node model.luxe_training.dim_customer
[0m02:32:15.348916 [debug] [Thread-6 (]: Finished running node model.luxe_training.stg_stores
[0m02:32:15.349887 [debug] [Thread-7 (]: Began running node model.luxe_training.fact_inventory
[0m02:32:15.350830 [debug] [Thread-9 (]: Began running node model.luxe_training.dim_product
[0m02:32:15.351710 [debug] [Thread-2 (]: Began running node model.luxe_training.fact_sales
[0m02:32:15.352234 [debug] [Thread-4 (]: Began running node model.luxe_training.int_sales_30d.sql
[0m02:32:15.352901 [debug] [Thread-8 (]: Acquiring new snowflake connection 'model.luxe_training.dim_customer'
[0m02:32:15.353770 [debug] [Thread-5 (]: Began running node model.luxe_training.dim_store
[0m02:32:15.354475 [debug] [Thread-7 (]: Acquiring new snowflake connection 'model.luxe_training.fact_inventory'
[0m02:32:15.355119 [debug] [Thread-9 (]: Acquiring new snowflake connection 'model.luxe_training.dim_product'
[0m02:32:15.355683 [debug] [Thread-2 (]: Re-using an available connection from the pool (formerly model.luxe_training.stg_customers, now model.luxe_training.fact_sales)
[0m02:32:15.356204 [debug] [Thread-4 (]: Re-using an available connection from the pool (formerly model.luxe_training.stg_products, now model.luxe_training.int_sales_30d.sql)
[0m02:32:15.356669 [debug] [Thread-8 (]: Began compiling node model.luxe_training.dim_customer
[0m02:32:15.357207 [debug] [Thread-5 (]: Re-using an available connection from the pool (formerly model.luxe_training.stg_sales, now model.luxe_training.dim_store)
[0m02:32:15.357687 [debug] [Thread-7 (]: Began compiling node model.luxe_training.fact_inventory
[0m02:32:15.358159 [debug] [Thread-9 (]: Began compiling node model.luxe_training.dim_product
[0m02:32:15.358728 [debug] [Thread-2 (]: Began compiling node model.luxe_training.fact_sales
[0m02:32:15.359225 [debug] [Thread-4 (]: Began compiling node model.luxe_training.int_sales_30d.sql
[0m02:32:15.363234 [debug] [Thread-8 (]: Writing injected SQL for node "model.luxe_training.dim_customer"
[0m02:32:15.363774 [debug] [Thread-5 (]: Began compiling node model.luxe_training.dim_store
[0m02:32:15.367614 [debug] [Thread-7 (]: Writing injected SQL for node "model.luxe_training.fact_inventory"
[0m02:32:15.371564 [debug] [Thread-9 (]: Writing injected SQL for node "model.luxe_training.dim_product"
[0m02:32:15.376552 [debug] [Thread-2 (]: Writing injected SQL for node "model.luxe_training.fact_sales"
[0m02:32:15.380333 [debug] [Thread-4 (]: Writing injected SQL for node "model.luxe_training.int_sales_30d.sql"
[0m02:32:15.384210 [debug] [Thread-5 (]: Writing injected SQL for node "model.luxe_training.dim_store"
[0m02:32:15.384848 [debug] [Thread-8 (]: Began executing node model.luxe_training.dim_customer
[0m02:32:15.385805 [debug] [Thread-7 (]: Began executing node model.luxe_training.fact_inventory
[0m02:32:15.386638 [debug] [Thread-9 (]: Began executing node model.luxe_training.dim_product
[0m02:32:15.387631 [debug] [Thread-2 (]: Began executing node model.luxe_training.fact_sales
[0m02:32:15.388294 [debug] [Thread-4 (]: Began executing node model.luxe_training.int_sales_30d.sql
[0m02:32:15.389142 [debug] [Thread-8 (]: Finished running node model.luxe_training.dim_customer
[0m02:32:15.389692 [debug] [Thread-5 (]: Began executing node model.luxe_training.dim_store
[0m02:32:15.390502 [debug] [Thread-7 (]: Finished running node model.luxe_training.fact_inventory
[0m02:32:15.391234 [debug] [Thread-9 (]: Finished running node model.luxe_training.dim_product
[0m02:32:15.391972 [debug] [Thread-2 (]: Finished running node model.luxe_training.fact_sales
[0m02:32:15.392695 [debug] [Thread-4 (]: Finished running node model.luxe_training.int_sales_30d.sql
[0m02:32:15.393669 [debug] [Thread-5 (]: Finished running node model.luxe_training.dim_store
[0m02:32:15.394865 [debug] [Thread-6 (]: Began running node test.luxe_training.not_null_dim_product_product_id.02b1f06816
[0m02:32:15.395433 [debug] [Thread-3 (]: Began running node test.luxe_training.unique_dim_product_product_id.46495bf7fe
[0m02:32:15.396304 [debug] [Thread-7 (]: Began running node test.luxe_training.not_null_fact_sales_quantity.123217c37f
[0m02:32:15.396867 [debug] [Thread-9 (]: Began running node test.luxe_training.not_null_fact_sales_sale_id.ea1dca7100
[0m02:32:15.397364 [debug] [Thread-2 (]: Began running node test.luxe_training.unique_fact_sales_sale_id.16dc554bac
[0m02:32:15.398472 [debug] [Thread-8 (]: Began running node test.luxe_training.not_null_dim_store_store_id.8cb7c6ace0
[0m02:32:15.399090 [debug] [Thread-6 (]: Re-using an available connection from the pool (formerly model.luxe_training.stg_stores, now test.luxe_training.not_null_dim_product_product_id.02b1f06816)
[0m02:32:15.399614 [debug] [Thread-4 (]: Began running node test.luxe_training.unique_dim_store_store_id.90e408e197
[0m02:32:15.400262 [debug] [Thread-3 (]: Re-using an available connection from the pool (formerly model.luxe_training.stg_inventory, now test.luxe_training.unique_dim_product_product_id.46495bf7fe)
[0m02:32:15.400850 [debug] [Thread-7 (]: Re-using an available connection from the pool (formerly model.luxe_training.fact_inventory, now test.luxe_training.not_null_fact_sales_quantity.123217c37f)
[0m02:32:15.401425 [debug] [Thread-9 (]: Re-using an available connection from the pool (formerly model.luxe_training.dim_product, now test.luxe_training.not_null_fact_sales_sale_id.ea1dca7100)
[0m02:32:15.401959 [debug] [Thread-2 (]: Re-using an available connection from the pool (formerly model.luxe_training.fact_sales, now test.luxe_training.unique_fact_sales_sale_id.16dc554bac)
[0m02:32:15.402768 [debug] [Thread-8 (]: Re-using an available connection from the pool (formerly model.luxe_training.dim_customer, now test.luxe_training.not_null_dim_store_store_id.8cb7c6ace0)
[0m02:32:15.403301 [debug] [Thread-6 (]: Began compiling node test.luxe_training.not_null_dim_product_product_id.02b1f06816
[0m02:32:15.403882 [debug] [Thread-4 (]: Re-using an available connection from the pool (formerly model.luxe_training.int_sales_30d.sql, now test.luxe_training.unique_dim_store_store_id.90e408e197)
[0m02:32:15.404392 [debug] [Thread-3 (]: Began compiling node test.luxe_training.unique_dim_product_product_id.46495bf7fe
[0m02:32:15.404882 [debug] [Thread-7 (]: Began compiling node test.luxe_training.not_null_fact_sales_quantity.123217c37f
[0m02:32:15.405350 [debug] [Thread-9 (]: Began compiling node test.luxe_training.not_null_fact_sales_sale_id.ea1dca7100
[0m02:32:15.405804 [debug] [Thread-2 (]: Began compiling node test.luxe_training.unique_fact_sales_sale_id.16dc554bac
[0m02:32:15.406264 [debug] [Thread-8 (]: Began compiling node test.luxe_training.not_null_dim_store_store_id.8cb7c6ace0
[0m02:32:15.419620 [debug] [Thread-6 (]: Writing injected SQL for node "test.luxe_training.not_null_dim_product_product_id.02b1f06816"
[0m02:32:15.420199 [debug] [Thread-4 (]: Began compiling node test.luxe_training.unique_dim_store_store_id.90e408e197
[0m02:32:15.427908 [debug] [Thread-3 (]: Writing injected SQL for node "test.luxe_training.unique_dim_product_product_id.46495bf7fe"
[0m02:32:15.434717 [debug] [Thread-7 (]: Writing injected SQL for node "test.luxe_training.not_null_fact_sales_quantity.123217c37f"
[0m02:32:15.440005 [debug] [Thread-9 (]: Writing injected SQL for node "test.luxe_training.not_null_fact_sales_sale_id.ea1dca7100"
[0m02:32:15.445154 [debug] [Thread-2 (]: Writing injected SQL for node "test.luxe_training.unique_fact_sales_sale_id.16dc554bac"
[0m02:32:15.450441 [debug] [Thread-8 (]: Writing injected SQL for node "test.luxe_training.not_null_dim_store_store_id.8cb7c6ace0"
[0m02:32:15.455784 [debug] [Thread-4 (]: Writing injected SQL for node "test.luxe_training.unique_dim_store_store_id.90e408e197"
[0m02:32:15.456285 [debug] [Thread-6 (]: Began executing node test.luxe_training.not_null_dim_product_product_id.02b1f06816
[0m02:32:15.457302 [debug] [Thread-3 (]: Began executing node test.luxe_training.unique_dim_product_product_id.46495bf7fe
[0m02:32:15.458095 [debug] [Thread-7 (]: Began executing node test.luxe_training.not_null_fact_sales_quantity.123217c37f
[0m02:32:15.458892 [debug] [Thread-9 (]: Began executing node test.luxe_training.not_null_fact_sales_sale_id.ea1dca7100
[0m02:32:15.459782 [debug] [Thread-2 (]: Began executing node test.luxe_training.unique_fact_sales_sale_id.16dc554bac
[0m02:32:15.460564 [debug] [Thread-8 (]: Began executing node test.luxe_training.not_null_dim_store_store_id.8cb7c6ace0
[0m02:32:15.461401 [debug] [Thread-6 (]: Finished running node test.luxe_training.not_null_dim_product_product_id.02b1f06816
[0m02:32:15.461967 [debug] [Thread-4 (]: Began executing node test.luxe_training.unique_dim_store_store_id.90e408e197
[0m02:32:15.462781 [debug] [Thread-3 (]: Finished running node test.luxe_training.unique_dim_product_product_id.46495bf7fe
[0m02:32:15.463546 [debug] [Thread-7 (]: Finished running node test.luxe_training.not_null_fact_sales_quantity.123217c37f
[0m02:32:15.464287 [debug] [Thread-9 (]: Finished running node test.luxe_training.not_null_fact_sales_sale_id.ea1dca7100
[0m02:32:15.465055 [debug] [Thread-2 (]: Finished running node test.luxe_training.unique_fact_sales_sale_id.16dc554bac
[0m02:32:15.465803 [debug] [Thread-8 (]: Finished running node test.luxe_training.not_null_dim_store_store_id.8cb7c6ace0
[0m02:32:15.466841 [debug] [Thread-4 (]: Finished running node test.luxe_training.unique_dim_store_store_id.90e408e197
[0m02:32:15.470990 [debug] [Dummy-1   ]: Connection 'master' was properly closed.
[0m02:32:15.471497 [debug] [Dummy-1   ]: Connection 'test.luxe_training.unique_fact_sales_sale_id.16dc554bac' was properly closed.
[0m02:32:15.471935 [debug] [Dummy-1   ]: Connection 'test.luxe_training.unique_dim_product_product_id.46495bf7fe' was properly closed.
[0m02:32:15.472364 [debug] [Dummy-1   ]: Connection 'test.luxe_training.unique_dim_store_store_id.90e408e197' was properly closed.
[0m02:32:15.472773 [debug] [Dummy-1   ]: Connection 'model.luxe_training.dim_store' was properly closed.
[0m02:32:15.473178 [debug] [Dummy-1   ]: Connection 'test.luxe_training.not_null_dim_product_product_id.02b1f06816' was properly closed.
[0m02:32:15.473599 [debug] [Dummy-1   ]: Connection 'test.luxe_training.not_null_dim_store_store_id.8cb7c6ace0' was properly closed.
[0m02:32:15.474012 [debug] [Dummy-1   ]: Connection 'test.luxe_training.not_null_fact_sales_quantity.123217c37f' was properly closed.
[0m02:32:15.474484 [debug] [Dummy-1   ]: Connection 'test.luxe_training.not_null_fact_sales_sale_id.ea1dca7100' was properly closed.
[0m02:32:15.476946 [debug] [Dummy-1   ]: Command end result
[0m02:32:15.501897 [debug] [Dummy-1   ]: Wrote artifact WritableManifest to /tmp/dbt/target/manifest.json
[0m02:32:15.503721 [debug] [Dummy-1   ]: Wrote artifact SemanticManifest to /tmp/dbt/target/semantic_manifest.json
[0m02:32:15.510942 [debug] [Dummy-1   ]: Wrote artifact RunExecutionResult to /tmp/dbt/target/run_results.json
[0m02:32:15.512576 [debug] [Dummy-1   ]: Resource report: {"command_name": "compile", "command_success": true, "command_wall_clock_time": 3.4320123, "process_in_blocks": "0", "process_kernel_time": 0.91, "process_mem_max_rss": "487948", "process_out_blocks": "0", "process_user_time": 3.98}
[0m02:32:15.513207 [debug] [Dummy-1   ]: Command `cli compile` succeeded at 02:32:15.512949 after 3.43 seconds
[0m02:32:15.513724 [debug] [Dummy-1   ]: Flushing usage events


============================== 02:32:59.354072 | b9db5fb9-1cd3-4e43-92e8-4fc730f041eb ==============================
[0m02:32:59.354072 [info ] [Dummy-1   ]: Running with dbt=1.9.4
[0m02:32:59.355023 [debug] [Dummy-1   ]: running dbt with arguments {'printer_width': '80', 'indirect_selection': 'eager', 'log_cache_events': 'False', 'write_json': 'True', 'partial_parse': 'True', 'cache_selected_only': 'False', 'warn_error': 'None', 'version_check': 'True', 'profiles_dir': '/tmp/dbt_effective_profiles_f734f4u6', 'log_path': '/tmp/dbt/logs', 'fail_fast': 'False', 'debug': 'False', 'use_colors': 'True', 'use_experimental_parser': 'False', 'no_print': 'None', 'quiet': 'False', 'empty': 'False', 'warn_error_options': 'WarnErrorOptions(include=[], exclude=[])', 'introspect': 'True', 'invocation_command': 'dbt ', 'log_format': 'default', 'target_path': 'None', 'static_parser': 'True', 'send_anonymous_usage_stats': 'False'}
[0m02:32:59.628896 [info ] [Dummy-1   ]: Registered adapter: snowflake=1.9.2
[0m02:33:00.172416 [debug] [Dummy-1   ]: checksum: 7a8296c70615f566de89055485ae13d89ed1d40af3cf21b3b72f2284f73c401a, vars: {}, profile: , target: dwh, version: 1.9.4
[0m02:33:00.377197 [debug] [Dummy-1   ]: Partial parsing enabled: 0 files deleted, 0 files added, 0 files changed.
[0m02:33:00.377766 [debug] [Dummy-1   ]: Partial parsing enabled, no changes found, skipping parsing
[0m02:33:00.574241 [debug] [Dummy-1   ]: Wrote artifact WritableManifest to /tmp/dbt/target/manifest.json
[0m02:33:00.576309 [debug] [Dummy-1   ]: Wrote artifact SemanticManifest to /tmp/dbt/target/semantic_manifest.json
[0m02:33:00.618994 [info ] [Dummy-1   ]: Found 11 models, 7 data tests, 6 sources, 474 macros
[0m02:33:00.621470 [info ] [Dummy-1   ]: 
[0m02:33:00.621992 [info ] [Dummy-1   ]: Concurrency: 8 threads (target='dwh')
[0m02:33:00.622477 [info ] [Dummy-1   ]: 
[0m02:33:00.623258 [debug] [Dummy-1   ]: Acquiring new snowflake connection 'master'
[0m02:33:00.629797 [debug] [ThreadPool]: Acquiring new snowflake connection 'list_luxe_training'
[0m02:33:00.740350 [debug] [ThreadPool]: Using snowflake connection "list_luxe_training"
[0m02:33:00.740928 [debug] [ThreadPool]: On list_luxe_training: /* {"app": "dbt", "dbt_version": "1.9.4", "profile_name": "luxe_training", "target_name": "dwh", "connection_name": "list_luxe_training"} */
show terse schemas in database luxe_training
    limit 10000
[0m02:33:00.741386 [debug] [ThreadPool]: Opening a new connection, currently in state init
[0m02:33:01.431197 [debug] [ThreadPool]: SQL status: SUCCESS 4 in 0.690 seconds
[0m02:33:01.436027 [debug] [ThreadPool]: Acquiring new snowflake connection 'list_luxe_training_dwh'
[0m02:33:01.449064 [debug] [ThreadPool]: Using snowflake connection "list_luxe_training_dwh"
[0m02:33:01.449680 [debug] [ThreadPool]: On list_luxe_training_dwh: /* {"app": "dbt", "dbt_version": "1.9.4", "profile_name": "luxe_training", "target_name": "dwh", "connection_name": "list_luxe_training_dwh"} */
alter session set quoted_identifiers_ignore_case = false;
[0m02:33:01.450164 [debug] [ThreadPool]: Opening a new connection, currently in state init
[0m02:33:02.048778 [debug] [ThreadPool]: SQL status: SUCCESS 1 in 0.598 seconds
[0m02:33:02.053569 [debug] [ThreadPool]: Using snowflake connection "list_luxe_training_dwh"
[0m02:33:02.054139 [debug] [ThreadPool]: On list_luxe_training_dwh: /* {"app": "dbt", "dbt_version": "1.9.4", "profile_name": "luxe_training", "target_name": "dwh", "connection_name": "list_luxe_training_dwh"} */
show objects in luxe_training.dwh
    limit 10000
    
;
[0m02:33:02.207814 [debug] [ThreadPool]: SQL status: SUCCESS 10 in 0.153 seconds
[0m02:33:02.210221 [debug] [ThreadPool]: Using snowflake connection "list_luxe_training_dwh"
[0m02:33:02.210924 [debug] [ThreadPool]: On list_luxe_training_dwh: /* {"app": "dbt", "dbt_version": "1.9.4", "profile_name": "luxe_training", "target_name": "dwh", "connection_name": "list_luxe_training_dwh"} */
alter session unset quoted_identifiers_ignore_case;
[0m02:33:02.281290 [debug] [ThreadPool]: SQL status: SUCCESS 1 in 0.070 seconds
[0m02:33:02.301214 [debug] [Thread-2 (]: Began running node model.luxe_training.stg_customers
[0m02:33:02.301861 [debug] [Thread-3 (]: Began running node model.luxe_training.stg_inventory
[0m02:33:02.302530 [debug] [Thread-4 (]: Began running node model.luxe_training.stg_products
[0m02:33:02.303115 [debug] [Thread-5 (]: Began running node model.luxe_training.stg_sales
[0m02:33:02.303661 [debug] [Thread-6 (]: Began running node model.luxe_training.stg_stores
[0m02:33:02.304349 [info ] [Thread-2 (]: 1 of 11 START sql view model dwh.stg_customers ................................. [RUN]
[0m02:33:02.305053 [info ] [Thread-3 (]: 2 of 11 START sql view model dwh.stg_inventory ................................. [RUN]
[0m02:33:02.305729 [info ] [Thread-4 (]: 3 of 11 START sql view model dwh.stg_products .................................. [RUN]
[0m02:33:02.306441 [info ] [Thread-5 (]: 4 of 11 START sql view model dwh.stg_sales ..................................... [RUN]
[0m02:33:02.307091 [info ] [Thread-6 (]: 5 of 11 START sql view model dwh.stg_stores .................................... [RUN]
[0m02:33:02.307830 [debug] [Thread-2 (]: Re-using an available connection from the pool (formerly list_luxe_training_dwh, now model.luxe_training.stg_customers)
[0m02:33:02.308427 [debug] [Thread-3 (]: Re-using an available connection from the pool (formerly list_luxe_training, now model.luxe_training.stg_inventory)
[0m02:33:02.309066 [debug] [Thread-4 (]: Acquiring new snowflake connection 'model.luxe_training.stg_products'
[0m02:33:02.309678 [debug] [Thread-5 (]: Acquiring new snowflake connection 'model.luxe_training.stg_sales'
[0m02:33:02.310321 [debug] [Thread-6 (]: Acquiring new snowflake connection 'model.luxe_training.stg_stores'
[0m02:33:02.310896 [debug] [Thread-2 (]: Began compiling node model.luxe_training.stg_customers
[0m02:33:02.311377 [debug] [Thread-3 (]: Began compiling node model.luxe_training.stg_inventory
[0m02:33:02.311853 [debug] [Thread-4 (]: Began compiling node model.luxe_training.stg_products
[0m02:33:02.312350 [debug] [Thread-5 (]: Began compiling node model.luxe_training.stg_sales
[0m02:33:02.312856 [debug] [Thread-6 (]: Began compiling node model.luxe_training.stg_stores
[0m02:33:02.321633 [debug] [Thread-2 (]: Writing injected SQL for node "model.luxe_training.stg_customers"
[0m02:33:02.327150 [debug] [Thread-3 (]: Writing injected SQL for node "model.luxe_training.stg_inventory"
[0m02:33:02.331174 [debug] [Thread-4 (]: Writing injected SQL for node "model.luxe_training.stg_products"
[0m02:33:02.335261 [debug] [Thread-5 (]: Writing injected SQL for node "model.luxe_training.stg_sales"
[0m02:33:02.339230 [debug] [Thread-6 (]: Writing injected SQL for node "model.luxe_training.stg_stores"
[0m02:33:02.340332 [debug] [Thread-2 (]: Began executing node model.luxe_training.stg_customers
[0m02:33:02.341148 [debug] [Thread-3 (]: Began executing node model.luxe_training.stg_inventory
[0m02:33:02.341978 [debug] [Thread-4 (]: Began executing node model.luxe_training.stg_products
[0m02:33:02.342809 [debug] [Thread-5 (]: Began executing node model.luxe_training.stg_sales
[0m02:33:02.365285 [debug] [Thread-6 (]: Began executing node model.luxe_training.stg_stores
[0m02:33:02.384071 [debug] [Thread-2 (]: Writing runtime sql for node "model.luxe_training.stg_customers"
[0m02:33:02.390003 [debug] [Thread-3 (]: Writing runtime sql for node "model.luxe_training.stg_inventory"
[0m02:33:02.394435 [debug] [Thread-4 (]: Writing runtime sql for node "model.luxe_training.stg_products"
[0m02:33:02.398735 [debug] [Thread-5 (]: Writing runtime sql for node "model.luxe_training.stg_sales"
[0m02:33:02.403040 [debug] [Thread-6 (]: Writing runtime sql for node "model.luxe_training.stg_stores"
[0m02:33:02.404639 [debug] [Thread-2 (]: Using snowflake connection "model.luxe_training.stg_customers"
[0m02:33:02.405805 [debug] [Thread-3 (]: Using snowflake connection "model.luxe_training.stg_inventory"
[0m02:33:02.407076 [debug] [Thread-4 (]: Using snowflake connection "model.luxe_training.stg_products"
[0m02:33:02.408250 [debug] [Thread-5 (]: Using snowflake connection "model.luxe_training.stg_sales"
[0m02:33:02.408960 [debug] [Thread-2 (]: On model.luxe_training.stg_customers: /* {"app": "dbt", "dbt_version": "1.9.4", "profile_name": "luxe_training", "target_name": "dwh", "node_id": "model.luxe_training.stg_customers"} */
create or replace   view luxe_training.dwh.stg_customers
  
   as (
    select customer_id, first_name, last_name, country, segment from LUXE_TRAINING.RAW.customers_dyn
--test
  );
[0m02:33:02.409786 [debug] [Thread-6 (]: Using snowflake connection "model.luxe_training.stg_stores"
[0m02:33:02.410320 [debug] [Thread-3 (]: On model.luxe_training.stg_inventory: /* {"app": "dbt", "dbt_version": "1.9.4", "profile_name": "luxe_training", "target_name": "dwh", "node_id": "model.luxe_training.stg_inventory"} */
create or replace   view luxe_training.dwh.stg_inventory
  
   as (
    select snapshot_date, product_id, store_id, stock_qty, stock_in_transit from LUXE_TRAINING.RAW.inventory
  );
[0m02:33:02.410953 [debug] [Thread-4 (]: On model.luxe_training.stg_products: /* {"app": "dbt", "dbt_version": "1.9.4", "profile_name": "luxe_training", "target_name": "dwh", "node_id": "model.luxe_training.stg_products"} */
create or replace   view luxe_training.dwh.stg_products
  
   as (
    select product_id, sku, category, collection, unit_price, supplier_name from LUXE_TRAINING.RAW.products
  );
[0m02:33:02.411500 [debug] [Thread-5 (]: On model.luxe_training.stg_sales: /* {"app": "dbt", "dbt_version": "1.9.4", "profile_name": "luxe_training", "target_name": "dwh", "node_id": "model.luxe_training.stg_sales"} */
create or replace   view luxe_training.dwh.stg_sales
  
   as (
    select sale_id, sale_date, product_id, store_id, customer_id, channel, quantity, unit_price, sales_amount from LUXE_TRAINING.RAW.sales
  );
[0m02:33:02.412033 [debug] [Thread-2 (]: Opening a new connection, currently in state init
[0m02:33:02.412517 [debug] [Thread-6 (]: On model.luxe_training.stg_stores: /* {"app": "dbt", "dbt_version": "1.9.4", "profile_name": "luxe_training", "target_name": "dwh", "node_id": "model.luxe_training.stg_stores"} */
create or replace   view luxe_training.dwh.stg_stores
  
   as (
    select store_id, store_name, city, country, store_type from LUXE_TRAINING.RAW.stores
  );
[0m02:33:02.413032 [debug] [Thread-3 (]: Opening a new connection, currently in state init
[0m02:33:02.413521 [debug] [Thread-4 (]: Opening a new connection, currently in state init
[0m02:33:02.414022 [debug] [Thread-5 (]: Opening a new connection, currently in state init
[0m02:33:02.414756 [debug] [Thread-6 (]: Opening a new connection, currently in state init
[0m02:33:03.297717 [debug] [Thread-2 (]: SQL status: SUCCESS 1 in 0.885 seconds
[0m02:33:03.308949 [debug] [Thread-3 (]: SQL status: SUCCESS 1 in 0.896 seconds
[0m02:33:03.309671 [debug] [Thread-6 (]: SQL status: SUCCESS 1 in 0.895 seconds
[0m02:33:03.324358 [debug] [Thread-5 (]: SQL status: SUCCESS 1 in 0.910 seconds
[0m02:33:03.332895 [info ] [Thread-2 (]: 1 of 11 OK created sql view model dwh.stg_customers ............................ [[32mSUCCESS 1[0m in 1.02s]
[0m02:33:03.333638 [info ] [Thread-3 (]: 2 of 11 OK created sql view model dwh.stg_inventory ............................ [[32mSUCCESS 1[0m in 1.02s]
[0m02:33:03.334321 [info ] [Thread-6 (]: 5 of 11 OK created sql view model dwh.stg_stores ............................... [[32mSUCCESS 1[0m in 1.02s]
[0m02:33:03.335100 [info ] [Thread-5 (]: 4 of 11 OK created sql view model dwh.stg_sales ................................ [[32mSUCCESS 1[0m in 1.02s]
[0m02:33:03.335792 [debug] [Thread-2 (]: Finished running node model.luxe_training.stg_customers
[0m02:33:03.336450 [debug] [Thread-3 (]: Finished running node model.luxe_training.stg_inventory
[0m02:33:03.338846 [debug] [Thread-8 (]: Began running node model.luxe_training.dim_customer
[0m02:33:03.337716 [debug] [Thread-5 (]: Finished running node model.luxe_training.stg_sales
[0m02:33:03.337094 [debug] [Thread-6 (]: Finished running node model.luxe_training.stg_stores
[0m02:33:03.339900 [debug] [Thread-4 (]: SQL status: SUCCESS 1 in 0.926 seconds
[0m02:33:03.340536 [debug] [Thread-7 (]: Began running node model.luxe_training.fact_inventory
[0m02:33:03.341187 [info ] [Thread-8 (]: 6 of 11 START sql table model dwh.dim_customer ................................. [RUN]
[0m02:33:03.342110 [debug] [Thread-3 (]: Began running node model.luxe_training.fact_sales
[0m02:33:03.342750 [debug] [Thread-9 (]: Began running node model.luxe_training.int_sales_30d.sql
[0m02:33:03.343585 [debug] [Thread-5 (]: Began running node model.luxe_training.dim_store
[0m02:33:03.346164 [info ] [Thread-4 (]: 3 of 11 OK created sql view model dwh.stg_products ............................. [[32mSUCCESS 1[0m in 1.04s]
[0m02:33:03.346916 [info ] [Thread-7 (]: 7 of 11 START sql table model dwh.fact_inventory ............................... [RUN]
[0m02:33:03.347625 [debug] [Thread-8 (]: Acquiring new snowflake connection 'model.luxe_training.dim_customer'
[0m02:33:03.348247 [info ] [Thread-3 (]: 8 of 11 START sql table model dwh.fact_sales ................................... [RUN]
[0m02:33:03.348901 [info ] [Thread-9 (]: 9 of 11 START sql table model dwh.int_sales_30d.sql ............................ [RUN]
[0m02:33:03.349538 [info ] [Thread-5 (]: 10 of 11 START sql table model dwh.dim_store ................................... [RUN]
[0m02:33:03.350262 [debug] [Thread-4 (]: Finished running node model.luxe_training.stg_products
[0m02:33:03.350973 [debug] [Thread-7 (]: Acquiring new snowflake connection 'model.luxe_training.fact_inventory'
[0m02:33:03.351482 [debug] [Thread-8 (]: Began compiling node model.luxe_training.dim_customer
[0m02:33:03.352060 [debug] [Thread-3 (]: Re-using an available connection from the pool (formerly model.luxe_training.stg_inventory, now model.luxe_training.fact_sales)
[0m02:33:03.352711 [debug] [Thread-9 (]: Acquiring new snowflake connection 'model.luxe_training.int_sales_30d.sql'
[0m02:33:03.353258 [debug] [Thread-5 (]: Re-using an available connection from the pool (formerly model.luxe_training.stg_sales, now model.luxe_training.dim_store)
[0m02:33:03.354068 [debug] [Thread-6 (]: Began running node model.luxe_training.dim_product
[0m02:33:03.354623 [debug] [Thread-7 (]: Began compiling node model.luxe_training.fact_inventory
[0m02:33:03.359043 [debug] [Thread-8 (]: Writing injected SQL for node "model.luxe_training.dim_customer"
[0m02:33:03.359626 [debug] [Thread-3 (]: Began compiling node model.luxe_training.fact_sales
[0m02:33:03.360149 [debug] [Thread-9 (]: Began compiling node model.luxe_training.int_sales_30d.sql
[0m02:33:03.360676 [debug] [Thread-5 (]: Began compiling node model.luxe_training.dim_store
[0m02:33:03.361302 [info ] [Thread-6 (]: 11 of 11 START sql table model dwh.dim_product ................................. [RUN]
[0m02:33:03.365494 [debug] [Thread-7 (]: Writing injected SQL for node "model.luxe_training.fact_inventory"
[0m02:33:03.369879 [debug] [Thread-3 (]: Writing injected SQL for node "model.luxe_training.fact_sales"
[0m02:33:03.370536 [debug] [Thread-8 (]: Began executing node model.luxe_training.dim_customer
[0m02:33:03.374556 [debug] [Thread-9 (]: Writing injected SQL for node "model.luxe_training.int_sales_30d.sql"
[0m02:33:03.380052 [debug] [Thread-5 (]: Writing injected SQL for node "model.luxe_training.dim_store"
[0m02:33:03.380776 [debug] [Thread-6 (]: Re-using an available connection from the pool (formerly model.luxe_training.stg_stores, now model.luxe_training.dim_product)
[0m02:33:03.381859 [debug] [Thread-7 (]: Began executing node model.luxe_training.fact_inventory
[0m02:33:03.404728 [debug] [Thread-3 (]: Began executing node model.luxe_training.fact_sales
[0m02:33:03.409509 [debug] [Thread-8 (]: Writing runtime sql for node "model.luxe_training.dim_customer"
[0m02:33:03.410744 [debug] [Thread-9 (]: Began executing node model.luxe_training.int_sales_30d.sql
[0m02:33:03.411367 [debug] [Thread-6 (]: Began compiling node model.luxe_training.dim_product
[0m02:33:03.411861 [debug] [Thread-5 (]: Began executing node model.luxe_training.dim_store
[0m02:33:03.416223 [debug] [Thread-7 (]: Writing runtime sql for node "model.luxe_training.fact_inventory"
[0m02:33:03.420589 [debug] [Thread-3 (]: Writing runtime sql for node "model.luxe_training.fact_sales"
[0m02:33:03.425869 [debug] [Thread-9 (]: Writing runtime sql for node "model.luxe_training.int_sales_30d.sql"
[0m02:33:03.426888 [debug] [Thread-8 (]: Using snowflake connection "model.luxe_training.dim_customer"
[0m02:33:03.431026 [debug] [Thread-6 (]: Writing injected SQL for node "model.luxe_training.dim_product"
[0m02:33:03.435304 [debug] [Thread-5 (]: Writing runtime sql for node "model.luxe_training.dim_store"
[0m02:33:03.436819 [debug] [Thread-7 (]: Using snowflake connection "model.luxe_training.fact_inventory"
[0m02:33:03.437960 [debug] [Thread-3 (]: Using snowflake connection "model.luxe_training.fact_sales"
[0m02:33:03.438686 [debug] [Thread-8 (]: On model.luxe_training.dim_customer: /* {"app": "dbt", "dbt_version": "1.9.4", "profile_name": "luxe_training", "target_name": "dwh", "node_id": "model.luxe_training.dim_customer"} */
create or replace transient table luxe_training.dwh.dim_customer
         as
        (select * from luxe_training.dwh.stg_customers
        );
[0m02:33:03.439688 [debug] [Thread-9 (]: Using snowflake connection "model.luxe_training.int_sales_30d.sql"
[0m02:33:03.440628 [debug] [Thread-6 (]: Began executing node model.luxe_training.dim_product
[0m02:33:03.441245 [debug] [Thread-7 (]: On model.luxe_training.fact_inventory: /* {"app": "dbt", "dbt_version": "1.9.4", "profile_name": "luxe_training", "target_name": "dwh", "node_id": "model.luxe_training.fact_inventory"} */
create or replace transient table luxe_training.dwh.fact_inventory
         as
        (select * from luxe_training.dwh.stg_inventory
        );
[0m02:33:03.442109 [debug] [Thread-5 (]: Using snowflake connection "model.luxe_training.dim_store"
[0m02:33:03.442721 [debug] [Thread-3 (]: On model.luxe_training.fact_sales: /* {"app": "dbt", "dbt_version": "1.9.4", "profile_name": "luxe_training", "target_name": "dwh", "node_id": "model.luxe_training.fact_sales"} */
create or replace transient table luxe_training.dwh.fact_sales
         as
        (select * from luxe_training.dwh.stg_sales
        );
[0m02:33:03.443285 [debug] [Thread-8 (]: Opening a new connection, currently in state init
[0m02:33:03.443840 [debug] [Thread-9 (]: On model.luxe_training.int_sales_30d.sql: /* {"app": "dbt", "dbt_version": "1.9.4", "profile_name": "luxe_training", "target_name": "dwh", "node_id": "model.luxe_training.int_sales_30d.sql"} */
create or replace transient table luxe_training.dwh.int_sales_30d.sql
         as
        (SELECT
    product_id,
    store_id,
    SUM(quantity) AS qty_sold_30d,
    SUM(quantity) / 30.0 AS avg_daily_sales

FROM luxe_training.dwh.stg_sales

WHERE sale_date >= DATEADD(day, -30, CURRENT_DATE())

GROUP BY
    product_id,
    store_id
        );
[0m02:33:03.448282 [debug] [Thread-6 (]: Writing runtime sql for node "model.luxe_training.dim_product"
[0m02:33:03.448973 [debug] [Thread-7 (]: Opening a new connection, currently in state init
[0m02:33:03.449534 [debug] [Thread-5 (]: On model.luxe_training.dim_store: /* {"app": "dbt", "dbt_version": "1.9.4", "profile_name": "luxe_training", "target_name": "dwh", "node_id": "model.luxe_training.dim_store"} */
create or replace transient table luxe_training.dwh.dim_store
         as
        (select * from luxe_training.dwh.stg_stores
        );
[0m02:33:03.450061 [debug] [Thread-3 (]: Opening a new connection, currently in state init
[0m02:33:03.450795 [debug] [Thread-9 (]: Opening a new connection, currently in state init
[0m02:33:03.452123 [debug] [Thread-6 (]: Using snowflake connection "model.luxe_training.dim_product"
[0m02:33:03.452619 [debug] [Thread-5 (]: Opening a new connection, currently in state init
[0m02:33:03.453440 [debug] [Thread-6 (]: On model.luxe_training.dim_product: /* {"app": "dbt", "dbt_version": "1.9.4", "profile_name": "luxe_training", "target_name": "dwh", "node_id": "model.luxe_training.dim_product"} */
create or replace transient table luxe_training.dwh.dim_product
         as
        (select * from luxe_training.dwh.stg_products
        );
[0m02:33:03.454100 [debug] [Thread-6 (]: Opening a new connection, currently in state init
[0m02:33:04.240885 [debug] [Thread-9 (]: Snowflake adapter: Snowflake query id: 01c720dd-0002-17c8-0002-c11a000bfdd2
[0m02:33:04.241521 [debug] [Thread-9 (]: Snowflake adapter: Snowflake error: 002043 (02000): SQL compilation error:
Object does not exist, or operation cannot be performed.
[0m02:33:04.245457 [debug] [Thread-9 (]: Database Error in model int_sales_30d.sql (models/marts/int_sales_30d.sql.sql)
  002043 (02000): SQL compilation error:
  Object does not exist, or operation cannot be performed.
  compiled code at target/run/luxe_training/models/marts/int_sales_30d.sql.sql
[0m02:33:04.246580 [error] [Thread-9 (]: 9 of 11 ERROR creating sql table model dwh.int_sales_30d.sql ................... [[31mERROR[0m in 0.89s]
[0m02:33:04.247334 [debug] [Thread-9 (]: Finished running node model.luxe_training.int_sales_30d.sql
[0m02:33:04.248079 [debug] [Thread-12 ]: Marking all children of 'model.luxe_training.int_sales_30d.sql' to be skipped because of status 'error'.  Reason: Database Error in model int_sales_30d.sql (models/marts/int_sales_30d.sql.sql)
  002043 (02000): SQL compilation error:
  Object does not exist, or operation cannot be performed.
  compiled code at target/run/luxe_training/models/marts/int_sales_30d.sql.sql.
[0m02:33:05.329602 [debug] [Thread-6 (]: SQL status: SUCCESS 1 in 1.875 seconds
[0m02:33:05.332531 [info ] [Thread-6 (]: 11 of 11 OK created sql table model dwh.dim_product ............................ [[32mSUCCESS 1[0m in 1.95s]
[0m02:33:05.333292 [debug] [Thread-6 (]: Finished running node model.luxe_training.dim_product
[0m02:33:05.358662 [debug] [Thread-5 (]: SQL status: SUCCESS 1 in 1.906 seconds
[0m02:33:05.361846 [info ] [Thread-5 (]: 10 of 11 OK created sql table model dwh.dim_store .............................. [[32mSUCCESS 1[0m in 2.01s]
[0m02:33:05.362614 [debug] [Thread-5 (]: Finished running node model.luxe_training.dim_store
[0m02:33:05.368160 [debug] [Thread-8 (]: SQL status: SUCCESS 1 in 1.925 seconds
[0m02:33:05.370769 [info ] [Thread-8 (]: 6 of 11 OK created sql table model dwh.dim_customer ............................ [[32mSUCCESS 1[0m in 2.02s]
[0m02:33:05.371439 [debug] [Thread-8 (]: Finished running node model.luxe_training.dim_customer
[0m02:33:05.500552 [debug] [Thread-7 (]: SQL status: SUCCESS 1 in 2.051 seconds
[0m02:33:05.503503 [info ] [Thread-7 (]: 7 of 11 OK created sql table model dwh.fact_inventory .......................... [[32mSUCCESS 1[0m in 2.15s]
[0m02:33:05.504234 [debug] [Thread-7 (]: Finished running node model.luxe_training.fact_inventory
[0m02:33:05.670630 [debug] [Thread-3 (]: SQL status: SUCCESS 1 in 2.220 seconds
[0m02:33:05.673428 [info ] [Thread-3 (]: 8 of 11 OK created sql table model dwh.fact_sales .............................. [[32mSUCCESS 1[0m in 2.32s]
[0m02:33:05.674127 [debug] [Thread-3 (]: Finished running node model.luxe_training.fact_sales
[0m02:33:05.678557 [debug] [Dummy-1   ]: Connection 'master' was properly closed.
[0m02:33:05.679266 [debug] [Dummy-1   ]: Connection 'model.luxe_training.fact_sales' was properly closed.
[0m02:33:05.679994 [debug] [Dummy-1   ]: Connection 'model.luxe_training.stg_customers' was properly closed.
[0m02:33:05.680476 [debug] [Dummy-1   ]: Connection 'model.luxe_training.stg_products' was properly closed.
[0m02:33:05.680930 [debug] [Dummy-1   ]: Connection 'model.luxe_training.dim_store' was properly closed.
[0m02:33:05.681366 [debug] [Dummy-1   ]: Connection 'model.luxe_training.dim_product' was properly closed.
[0m02:33:05.681764 [debug] [Dummy-1   ]: Connection 'model.luxe_training.dim_customer' was properly closed.
[0m02:33:05.682163 [debug] [Dummy-1   ]: Connection 'model.luxe_training.fact_inventory' was properly closed.
[0m02:33:05.682645 [debug] [Dummy-1   ]: Connection 'model.luxe_training.int_sales_30d.sql' was properly closed.
[0m02:33:05.683202 [info ] [Dummy-1   ]: 
[0m02:33:05.683669 [info ] [Dummy-1   ]: Finished running 6 table models, 5 view models in 0 hours 0 minutes and 5.06 seconds (5.06s).
[0m02:33:05.685515 [debug] [Dummy-1   ]: Command end result
[0m02:33:05.711099 [debug] [Dummy-1   ]: Wrote artifact WritableManifest to /tmp/dbt/target/manifest.json
[0m02:33:05.712910 [debug] [Dummy-1   ]: Wrote artifact SemanticManifest to /tmp/dbt/target/semantic_manifest.json
[0m02:33:05.719291 [debug] [Dummy-1   ]: Wrote artifact RunExecutionResult to /tmp/dbt/target/run_results.json
[0m02:33:05.719797 [info ] [Dummy-1   ]: 
[0m02:33:05.720360 [info ] [Dummy-1   ]: [31mCompleted with 1 error, 0 partial successes, and 0 warnings:[0m
[0m02:33:05.720871 [info ] [Dummy-1   ]: 
[0m02:33:05.721451 [error] [Dummy-1   ]:   Database Error in model int_sales_30d.sql (models/marts/int_sales_30d.sql.sql)
  002043 (02000): SQL compilation error:
  Object does not exist, or operation cannot be performed.
  compiled code at target/run/luxe_training/models/marts/int_sales_30d.sql.sql
[0m02:33:05.721888 [info ] [Dummy-1   ]: 
[0m02:33:05.722418 [info ] [Dummy-1   ]: Done. PASS=10 WARN=0 ERROR=1 SKIP=0 TOTAL=11
[0m02:33:05.724096 [debug] [Dummy-1   ]: Resource report: {"command_name": "run", "command_success": false, "command_wall_clock_time": 6.4427547, "process_in_blocks": "0", "process_kernel_time": 0.9, "process_mem_max_rss": "488480", "process_out_blocks": "0", "process_user_time": 4.46}
[0m02:33:05.724747 [debug] [Dummy-1   ]: Command `cli run` failed at 02:33:05.724470 after 6.44 seconds
[0m02:33:05.725274 [debug] [Dummy-1   ]: Flushing usage events


============================== 02:37:29.197457 | 416df01d-a7ce-46de-ba29-0d95498e73c6 ==============================
[0m02:37:29.197457 [info ] [Dummy-1   ]: Running with dbt=1.9.4
[0m02:37:29.198265 [debug] [Dummy-1   ]: running dbt with arguments {'printer_width': '80', 'indirect_selection': 'eager', 'write_json': 'True', 'log_cache_events': 'False', 'partial_parse': 'True', 'cache_selected_only': 'False', 'profiles_dir': '/tmp/dbt_effective_profiles_k7wvkxn2', 'fail_fast': 'False', 'version_check': 'True', 'log_path': '/tmp/dbt/logs', 'debug': 'False', 'warn_error': 'None', 'use_colors': 'True', 'use_experimental_parser': 'False', 'no_print': 'None', 'quiet': 'False', 'empty': 'False', 'warn_error_options': 'WarnErrorOptions(include=[], exclude=[])', 'introspect': 'True', 'invocation_command': 'dbt ', 'log_format': 'default', 'target_path': 'None', 'static_parser': 'True', 'send_anonymous_usage_stats': 'False'}
[0m02:37:29.467762 [info ] [Dummy-1   ]: Registered adapter: snowflake=1.9.2
[0m02:37:30.018592 [debug] [Dummy-1   ]: checksum: 7a8296c70615f566de89055485ae13d89ed1d40af3cf21b3b72f2284f73c401a, vars: {}, profile: , target: dwh, version: 1.9.4
[0m02:37:30.225432 [debug] [Dummy-1   ]: Partial parsing enabled: 0 files deleted, 0 files added, 0 files changed.
[0m02:37:30.226007 [debug] [Dummy-1   ]: Partial parsing enabled, no changes found, skipping parsing
[0m02:37:30.415368 [debug] [Dummy-1   ]: Wrote artifact WritableManifest to /tmp/dbt/target/manifest.json
[0m02:37:30.417399 [debug] [Dummy-1   ]: Wrote artifact SemanticManifest to /tmp/dbt/target/semantic_manifest.json
[0m02:37:30.459185 [info ] [Dummy-1   ]: Found 11 models, 7 data tests, 6 sources, 474 macros
[0m02:37:30.461729 [info ] [Dummy-1   ]: 
[0m02:37:30.462261 [info ] [Dummy-1   ]: Concurrency: 8 threads (target='dwh')
[0m02:37:30.462708 [info ] [Dummy-1   ]: 
[0m02:37:30.463462 [debug] [Dummy-1   ]: Acquiring new snowflake connection 'master'
[0m02:37:30.466789 [debug] [ThreadPool]: Acquiring new snowflake connection 'list_luxe_training'
[0m02:37:30.569644 [debug] [ThreadPool]: Using snowflake connection "list_luxe_training"
[0m02:37:30.570221 [debug] [ThreadPool]: On list_luxe_training: /* {"app": "dbt", "dbt_version": "1.9.4", "profile_name": "luxe_training", "target_name": "dwh", "connection_name": "list_luxe_training"} */
show terse schemas in database luxe_training
    limit 10000
[0m02:37:30.570678 [debug] [ThreadPool]: Opening a new connection, currently in state init
[0m02:37:31.085763 [debug] [ThreadPool]: SQL status: SUCCESS 4 in 0.515 seconds
[0m02:37:31.093792 [debug] [ThreadPool]: Re-using an available connection from the pool (formerly list_luxe_training, now list_luxe_training_dwh)
[0m02:37:31.106083 [debug] [ThreadPool]: Using snowflake connection "list_luxe_training_dwh"
[0m02:37:31.106626 [debug] [ThreadPool]: On list_luxe_training_dwh: /* {"app": "dbt", "dbt_version": "1.9.4", "profile_name": "luxe_training", "target_name": "dwh", "connection_name": "list_luxe_training_dwh"} */
alter session set quoted_identifiers_ignore_case = false;
[0m02:37:31.107068 [debug] [ThreadPool]: Opening a new connection, currently in state init
[0m02:37:31.610043 [debug] [ThreadPool]: SQL status: SUCCESS 1 in 0.503 seconds
[0m02:37:31.614483 [debug] [ThreadPool]: Using snowflake connection "list_luxe_training_dwh"
[0m02:37:31.614971 [debug] [ThreadPool]: On list_luxe_training_dwh: /* {"app": "dbt", "dbt_version": "1.9.4", "profile_name": "luxe_training", "target_name": "dwh", "connection_name": "list_luxe_training_dwh"} */
show objects in luxe_training.dwh
    limit 10000
    
;
[0m02:37:31.750769 [debug] [ThreadPool]: SQL status: SUCCESS 10 in 0.135 seconds
[0m02:37:31.752825 [debug] [ThreadPool]: Using snowflake connection "list_luxe_training_dwh"
[0m02:37:31.753315 [debug] [ThreadPool]: On list_luxe_training_dwh: /* {"app": "dbt", "dbt_version": "1.9.4", "profile_name": "luxe_training", "target_name": "dwh", "connection_name": "list_luxe_training_dwh"} */
alter session unset quoted_identifiers_ignore_case;
[0m02:37:31.808450 [debug] [ThreadPool]: SQL status: SUCCESS 1 in 0.055 seconds
[0m02:37:31.827704 [debug] [Thread-2 (]: Began running node model.luxe_training.int_sales_30d.sql
[0m02:37:31.828436 [info ] [Thread-2 (]: 1 of 1 START sql table model dwh.int_sales_30d.sql ............................. [RUN]
[0m02:37:31.829089 [debug] [Thread-2 (]: Re-using an available connection from the pool (formerly list_luxe_training_dwh, now model.luxe_training.int_sales_30d.sql)
[0m02:37:31.829584 [debug] [Thread-2 (]: Began compiling node model.luxe_training.int_sales_30d.sql
[0m02:37:31.838093 [debug] [Thread-2 (]: Writing injected SQL for node "model.luxe_training.int_sales_30d.sql"
[0m02:37:31.838835 [debug] [Thread-2 (]: Began executing node model.luxe_training.int_sales_30d.sql
[0m02:37:31.871501 [debug] [Thread-2 (]: Writing runtime sql for node "model.luxe_training.int_sales_30d.sql"
[0m02:37:31.872701 [debug] [Thread-2 (]: Using snowflake connection "model.luxe_training.int_sales_30d.sql"
[0m02:37:31.873219 [debug] [Thread-2 (]: On model.luxe_training.int_sales_30d.sql: /* {"app": "dbt", "dbt_version": "1.9.4", "profile_name": "luxe_training", "target_name": "dwh", "node_id": "model.luxe_training.int_sales_30d.sql"} */
create or replace transient table luxe_training.dwh.int_sales_30d.sql
         as
        (SELECT
    product_id,
    store_id,
    SUM(quantity) AS qty_sold_30d,
    SUM(quantity) / 30.0 AS avg_daily_sales

FROM luxe_training.dwh.stg_sales

WHERE sale_date >= DATEADD(day, -30, CURRENT_DATE())

GROUP BY
    product_id,
    store_id
        );
[0m02:37:31.873700 [debug] [Thread-2 (]: Opening a new connection, currently in state init
[0m02:37:32.332446 [debug] [Thread-2 (]: Snowflake adapter: Snowflake query id: 01c720e1-0002-1a51-0002-c11a000d786e
[0m02:37:32.333023 [debug] [Thread-2 (]: Snowflake adapter: Snowflake error: 002043 (02000): SQL compilation error:
Object does not exist, or operation cannot be performed.
[0m02:37:32.336738 [debug] [Thread-2 (]: Database Error in model int_sales_30d.sql (models/marts/int_sales_30d.sql.sql)
  002043 (02000): SQL compilation error:
  Object does not exist, or operation cannot be performed.
  compiled code at target/run/luxe_training/models/marts/int_sales_30d.sql.sql
[0m02:37:32.339156 [error] [Thread-2 (]: 1 of 1 ERROR creating sql table model dwh.int_sales_30d.sql .................... [[31mERROR[0m in 0.51s]
[0m02:37:32.339927 [debug] [Thread-2 (]: Finished running node model.luxe_training.int_sales_30d.sql
[0m02:37:32.340615 [debug] [Thread-12 ]: Marking all children of 'model.luxe_training.int_sales_30d.sql' to be skipped because of status 'error'.  Reason: Database Error in model int_sales_30d.sql (models/marts/int_sales_30d.sql.sql)
  002043 (02000): SQL compilation error:
  Object does not exist, or operation cannot be performed.
  compiled code at target/run/luxe_training/models/marts/int_sales_30d.sql.sql.
[0m02:37:32.344420 [debug] [Dummy-1   ]: Connection 'master' was properly closed.
[0m02:37:32.344861 [debug] [Dummy-1   ]: Connection 'model.luxe_training.int_sales_30d.sql' was properly closed.
[0m02:37:32.345313 [info ] [Dummy-1   ]: 
[0m02:37:32.345783 [info ] [Dummy-1   ]: Finished running 1 table model in 0 hours 0 minutes and 1.88 seconds (1.88s).
[0m02:37:32.346538 [debug] [Dummy-1   ]: Command end result
[0m02:37:32.370161 [debug] [Dummy-1   ]: Wrote artifact WritableManifest to /tmp/dbt/target/manifest.json
[0m02:37:32.371882 [debug] [Dummy-1   ]: Wrote artifact SemanticManifest to /tmp/dbt/target/semantic_manifest.json
[0m02:37:32.377446 [debug] [Dummy-1   ]: Wrote artifact RunExecutionResult to /tmp/dbt/target/run_results.json
[0m02:37:32.377864 [info ] [Dummy-1   ]: 
[0m02:37:32.378415 [info ] [Dummy-1   ]: [31mCompleted with 1 error, 0 partial successes, and 0 warnings:[0m
[0m02:37:32.378845 [info ] [Dummy-1   ]: 
[0m02:37:32.379417 [error] [Dummy-1   ]:   Database Error in model int_sales_30d.sql (models/marts/int_sales_30d.sql.sql)
  002043 (02000): SQL compilation error:
  Object does not exist, or operation cannot be performed.
  compiled code at target/run/luxe_training/models/marts/int_sales_30d.sql.sql
[0m02:37:32.379828 [info ] [Dummy-1   ]: 
[0m02:37:32.380267 [info ] [Dummy-1   ]: Done. PASS=0 WARN=0 ERROR=1 SKIP=0 TOTAL=1
[0m02:37:32.381776 [debug] [Dummy-1   ]: Resource report: {"command_name": "run", "command_success": false, "command_wall_clock_time": 3.2575862, "process_in_blocks": "0", "process_kernel_time": 0.9, "process_mem_max_rss": "479716", "process_out_blocks": "0", "process_user_time": 3.87}
[0m02:37:32.382368 [debug] [Dummy-1   ]: Command `cli run` failed at 02:37:32.382121 after 3.26 seconds
[0m02:37:32.382860 [debug] [Dummy-1   ]: Flushing usage events


============================== 02:40:49.001979 | 9fcf7b16-5d9d-40b7-bf04-8e7e15e6f86d ==============================
[0m02:40:49.001979 [info ] [Dummy-1   ]: Running with dbt=1.9.4
[0m02:40:49.002819 [debug] [Dummy-1   ]: running dbt with arguments {'printer_width': '80', 'indirect_selection': 'eager', 'write_json': 'True', 'log_cache_events': 'False', 'partial_parse': 'True', 'cache_selected_only': 'False', 'warn_error': 'None', 'version_check': 'True', 'profiles_dir': '/tmp/dbt_effective_profiles_yoe2yj1o', 'log_path': '/tmp/dbt/logs', 'debug': 'False', 'fail_fast': 'False', 'use_colors': 'True', 'use_experimental_parser': 'False', 'empty': 'False', 'quiet': 'False', 'no_print': 'None', 'log_format': 'default', 'invocation_command': 'dbt ', 'static_parser': 'True', 'warn_error_options': 'WarnErrorOptions(include=[], exclude=[])', 'target_path': 'None', 'introspect': 'True', 'send_anonymous_usage_stats': 'False'}
[0m02:40:49.271929 [info ] [Dummy-1   ]: Registered adapter: snowflake=1.9.2
[0m02:40:49.827974 [debug] [Dummy-1   ]: checksum: 7a8296c70615f566de89055485ae13d89ed1d40af3cf21b3b72f2284f73c401a, vars: {}, profile: , target: dwh, version: 1.9.4
[0m02:40:50.029952 [debug] [Dummy-1   ]: Partial parsing enabled: 1 files deleted, 1 files added, 0 files changed.
[0m02:40:50.030751 [debug] [Dummy-1   ]: Partial parsing: added file: luxe_training://models/marts/int_sales_30d.sql
[0m02:40:50.031310 [debug] [Dummy-1   ]: Partial parsing: deleted file: luxe_training://models/marts/int_sales_30d.sql.sql
[0m02:40:50.521912 [debug] [Dummy-1   ]: Wrote artifact WritableManifest to /tmp/dbt/target/manifest.json
[0m02:40:50.523887 [debug] [Dummy-1   ]: Wrote artifact SemanticManifest to /tmp/dbt/target/semantic_manifest.json
[0m02:40:50.566242 [info ] [Dummy-1   ]: Found 11 models, 7 data tests, 6 sources, 474 macros
[0m02:40:50.567673 [warn ] [Dummy-1   ]: The selection criterion 'models/marts/int_sales_30d.sql.sql' does not match any enabled nodes
[0m02:40:50.569118 [warn ] [Dummy-1   ]: Nothing to do. Try checking your model configs and model specification args
[0m02:40:50.569809 [debug] [Dummy-1   ]: Command end result
[0m02:40:50.592878 [debug] [Dummy-1   ]: Wrote artifact WritableManifest to /tmp/dbt/target/manifest.json
[0m02:40:50.594592 [debug] [Dummy-1   ]: Wrote artifact SemanticManifest to /tmp/dbt/target/semantic_manifest.json
[0m02:40:50.597765 [debug] [Dummy-1   ]: Wrote artifact RunExecutionResult to /tmp/dbt/target/run_results.json
[0m02:40:50.599460 [debug] [Dummy-1   ]: Resource report: {"command_name": "run", "command_success": true, "command_wall_clock_time": 1.6712773, "process_in_blocks": "0", "process_kernel_time": 0.69, "process_mem_max_rss": "461304", "process_out_blocks": "0", "process_user_time": 4.11}
[0m02:40:50.600119 [debug] [Dummy-1   ]: Command `cli run` succeeded at 02:40:50.599875 after 1.67 seconds
[0m02:40:50.600702 [debug] [Dummy-1   ]: Flushing usage events


============================== 02:51:37.374397 | 7d6c4751-b3b6-41a4-a45a-6e0012ee7910 ==============================
[0m02:51:37.374397 [info ] [Dummy-1   ]: Running with dbt=1.9.4
[0m02:51:37.375255 [debug] [Dummy-1   ]: running dbt with arguments {'printer_width': '80', 'indirect_selection': 'eager', 'write_json': 'True', 'log_cache_events': 'False', 'partial_parse': 'True', 'cache_selected_only': 'False', 'profiles_dir': '/tmp/dbt_effective_profiles_tnzjsy6i', 'version_check': 'True', 'warn_error': 'None', 'log_path': '/tmp/dbt/logs', 'debug': 'False', 'fail_fast': 'False', 'use_colors': 'True', 'use_experimental_parser': 'False', 'no_print': 'None', 'quiet': 'False', 'empty': 'False', 'log_format': 'default', 'static_parser': 'True', 'introspect': 'True', 'warn_error_options': 'WarnErrorOptions(include=[], exclude=[])', 'target_path': 'None', 'invocation_command': 'dbt ', 'send_anonymous_usage_stats': 'False'}
[0m02:51:37.646818 [info ] [Dummy-1   ]: Registered adapter: snowflake=1.9.2
[0m02:51:38.183244 [debug] [Dummy-1   ]: checksum: 7a8296c70615f566de89055485ae13d89ed1d40af3cf21b3b72f2284f73c401a, vars: {}, profile: , target: dwh, version: 1.9.4
[0m02:51:38.391242 [debug] [Dummy-1   ]: Partial parsing enabled: 0 files deleted, 1 files added, 0 files changed.
[0m02:51:38.392052 [debug] [Dummy-1   ]: Partial parsing: added file: luxe_training://models/marts/int_inventory_current.sql
[0m02:51:38.894435 [debug] [Dummy-1   ]: Wrote artifact WritableManifest to /tmp/dbt/target/manifest.json
[0m02:51:38.896440 [debug] [Dummy-1   ]: Wrote artifact SemanticManifest to /tmp/dbt/target/semantic_manifest.json
[0m02:51:38.940001 [info ] [Dummy-1   ]: Found 12 models, 7 data tests, 6 sources, 474 macros
[0m02:51:38.942454 [info ] [Dummy-1   ]: 
[0m02:51:38.942967 [info ] [Dummy-1   ]: Concurrency: 8 threads (target='dwh')
[0m02:51:38.943398 [info ] [Dummy-1   ]: 
[0m02:51:38.944142 [debug] [Dummy-1   ]: Acquiring new snowflake connection 'master'
[0m02:51:38.946396 [debug] [ThreadPool]: Acquiring new snowflake connection 'list_luxe_training'
[0m02:51:39.042233 [debug] [ThreadPool]: Using snowflake connection "list_luxe_training"
[0m02:51:39.042776 [debug] [ThreadPool]: On list_luxe_training: /* {"app": "dbt", "dbt_version": "1.9.4", "profile_name": "luxe_training", "target_name": "dwh", "connection_name": "list_luxe_training"} */
show terse schemas in database luxe_training
    limit 10000
[0m02:51:39.043221 [debug] [ThreadPool]: Opening a new connection, currently in state init
[0m02:51:39.505600 [debug] [ThreadPool]: SQL status: SUCCESS 4 in 0.462 seconds
[0m02:51:39.513724 [debug] [ThreadPool]: Re-using an available connection from the pool (formerly list_luxe_training, now list_luxe_training_dwh)
[0m02:51:39.525941 [debug] [ThreadPool]: Using snowflake connection "list_luxe_training_dwh"
[0m02:51:39.526433 [debug] [ThreadPool]: On list_luxe_training_dwh: /* {"app": "dbt", "dbt_version": "1.9.4", "profile_name": "luxe_training", "target_name": "dwh", "connection_name": "list_luxe_training_dwh"} */
alter session set quoted_identifiers_ignore_case = false;
[0m02:51:39.526879 [debug] [ThreadPool]: Opening a new connection, currently in state init
[0m02:51:40.005428 [debug] [ThreadPool]: SQL status: SUCCESS 1 in 0.478 seconds
[0m02:51:40.009850 [debug] [ThreadPool]: Using snowflake connection "list_luxe_training_dwh"
[0m02:51:40.010351 [debug] [ThreadPool]: On list_luxe_training_dwh: /* {"app": "dbt", "dbt_version": "1.9.4", "profile_name": "luxe_training", "target_name": "dwh", "connection_name": "list_luxe_training_dwh"} */
show objects in luxe_training.dwh
    limit 10000
    
;
[0m02:51:40.139683 [debug] [ThreadPool]: SQL status: SUCCESS 10 in 0.129 seconds
[0m02:51:40.141826 [debug] [ThreadPool]: Using snowflake connection "list_luxe_training_dwh"
[0m02:51:40.142316 [debug] [ThreadPool]: On list_luxe_training_dwh: /* {"app": "dbt", "dbt_version": "1.9.4", "profile_name": "luxe_training", "target_name": "dwh", "connection_name": "list_luxe_training_dwh"} */
alter session unset quoted_identifiers_ignore_case;
[0m02:51:40.201939 [debug] [ThreadPool]: SQL status: SUCCESS 1 in 0.059 seconds
[0m02:51:40.220983 [debug] [Thread-2 (]: Began running node model.luxe_training.int_inventory_current
[0m02:51:40.221745 [info ] [Thread-2 (]: 1 of 1 START sql table model dwh.int_inventory_current ......................... [RUN]
[0m02:51:40.222425 [debug] [Thread-2 (]: Re-using an available connection from the pool (formerly list_luxe_training_dwh, now model.luxe_training.int_inventory_current)
[0m02:51:40.222911 [debug] [Thread-2 (]: Began compiling node model.luxe_training.int_inventory_current
[0m02:51:40.232258 [debug] [Thread-2 (]: Writing injected SQL for node "model.luxe_training.int_inventory_current"
[0m02:51:40.233043 [debug] [Thread-2 (]: Began executing node model.luxe_training.int_inventory_current
[0m02:51:40.264623 [debug] [Thread-2 (]: Writing runtime sql for node "model.luxe_training.int_inventory_current"
[0m02:51:40.265895 [debug] [Thread-2 (]: Using snowflake connection "model.luxe_training.int_inventory_current"
[0m02:51:40.266433 [debug] [Thread-2 (]: On model.luxe_training.int_inventory_current: /* {"app": "dbt", "dbt_version": "1.9.4", "profile_name": "luxe_training", "target_name": "dwh", "node_id": "model.luxe_training.int_inventory_current"} */
create or replace transient table luxe_training.dwh.int_inventory_current
         as
        (SELECT
    product_id,
    store_id,
    stock_available

FROM luxe_training.dwh.stg_inventory

QUALIFY ROW_NUMBER() OVER (
    PARTITION BY product_id, store_id
    ORDER BY inventory_date DESC
) = 1
        );
[0m02:51:40.266922 [debug] [Thread-2 (]: Opening a new connection, currently in state init
[0m02:51:40.824158 [debug] [Thread-2 (]: Snowflake adapter: Snowflake query id: 01c720ef-0002-1a51-0002-c11a000d799e
[0m02:51:40.824769 [debug] [Thread-2 (]: Snowflake adapter: Snowflake error: 000904 (42000): SQL compilation error: error line 6 at position 4
invalid identifier 'STOCK_AVAILABLE'
[0m02:51:40.828595 [debug] [Thread-2 (]: Database Error in model int_inventory_current (models/marts/int_inventory_current.sql)
  000904 (42000): SQL compilation error: error line 6 at position 4
  invalid identifier 'STOCK_AVAILABLE'
  compiled code at target/run/luxe_training/models/marts/int_inventory_current.sql
[0m02:51:40.831157 [error] [Thread-2 (]: 1 of 1 ERROR creating sql table model dwh.int_inventory_current ................ [[31mERROR[0m in 0.61s]
[0m02:51:40.831901 [debug] [Thread-2 (]: Finished running node model.luxe_training.int_inventory_current
[0m02:51:40.832612 [debug] [Thread-12 ]: Marking all children of 'model.luxe_training.int_inventory_current' to be skipped because of status 'error'.  Reason: Database Error in model int_inventory_current (models/marts/int_inventory_current.sql)
  000904 (42000): SQL compilation error: error line 6 at position 4
  invalid identifier 'STOCK_AVAILABLE'
  compiled code at target/run/luxe_training/models/marts/int_inventory_current.sql.
[0m02:51:40.836610 [debug] [Dummy-1   ]: Connection 'master' was properly closed.
[0m02:51:40.837178 [debug] [Dummy-1   ]: Connection 'model.luxe_training.int_inventory_current' was properly closed.
[0m02:51:40.837669 [info ] [Dummy-1   ]: 
[0m02:51:40.838154 [info ] [Dummy-1   ]: Finished running 1 table model in 0 hours 0 minutes and 1.89 seconds (1.89s).
[0m02:51:40.838951 [debug] [Dummy-1   ]: Command end result
[0m02:51:40.863852 [debug] [Dummy-1   ]: Wrote artifact WritableManifest to /tmp/dbt/target/manifest.json
[0m02:51:40.865566 [debug] [Dummy-1   ]: Wrote artifact SemanticManifest to /tmp/dbt/target/semantic_manifest.json
[0m02:51:40.871147 [debug] [Dummy-1   ]: Wrote artifact RunExecutionResult to /tmp/dbt/target/run_results.json
[0m02:51:40.871606 [info ] [Dummy-1   ]: 
[0m02:51:40.872206 [info ] [Dummy-1   ]: [31mCompleted with 1 error, 0 partial successes, and 0 warnings:[0m
[0m02:51:40.872702 [info ] [Dummy-1   ]: 
[0m02:51:40.873352 [error] [Dummy-1   ]:   Database Error in model int_inventory_current (models/marts/int_inventory_current.sql)
  000904 (42000): SQL compilation error: error line 6 at position 4
  invalid identifier 'STOCK_AVAILABLE'
  compiled code at target/run/luxe_training/models/marts/int_inventory_current.sql
[0m02:51:40.873793 [info ] [Dummy-1   ]: 
[0m02:51:40.874267 [info ] [Dummy-1   ]: Done. PASS=0 WARN=0 ERROR=1 SKIP=0 TOTAL=1
[0m02:51:40.875879 [debug] [Dummy-1   ]: Resource report: {"command_name": "run", "command_success": false, "command_wall_clock_time": 3.5740707, "process_in_blocks": "0", "process_kernel_time": 0.78, "process_mem_max_rss": "539232", "process_out_blocks": "0", "process_user_time": 4.21}
[0m02:51:40.876442 [debug] [Dummy-1   ]: Command `cli run` failed at 02:51:40.876220 after 3.57 seconds
[0m02:51:40.876987 [debug] [Dummy-1   ]: Flushing usage events


============================== 02:52:07.945637 | 9c713313-0c3b-4357-ad12-0743994733a4 ==============================
[0m02:52:07.945637 [info ] [Dummy-1   ]: Running with dbt=1.9.4
[0m02:52:07.946464 [debug] [Dummy-1   ]: running dbt with arguments {'printer_width': '80', 'indirect_selection': 'eager', 'write_json': 'True', 'log_cache_events': 'False', 'partial_parse': 'True', 'cache_selected_only': 'False', 'warn_error': 'None', 'fail_fast': 'False', 'debug': 'False', 'log_path': '/tmp/dbt/logs', 'version_check': 'True', 'profiles_dir': '/tmp/dbt_effective_profiles_0p34pqev', 'use_colors': 'True', 'use_experimental_parser': 'False', 'empty': 'False', 'quiet': 'False', 'no_print': 'None', 'warn_error_options': 'WarnErrorOptions(include=[], exclude=[])', 'invocation_command': 'dbt ', 'introspect': 'True', 'log_format': 'default', 'target_path': 'None', 'static_parser': 'True', 'send_anonymous_usage_stats': 'False'}
[0m02:52:08.214038 [info ] [Dummy-1   ]: Registered adapter: snowflake=1.9.2
[0m02:52:08.744071 [debug] [Dummy-1   ]: checksum: 7a8296c70615f566de89055485ae13d89ed1d40af3cf21b3b72f2284f73c401a, vars: {}, profile: , target: dwh, version: 1.9.4
[0m02:52:08.960926 [debug] [Dummy-1   ]: Partial parsing enabled: 0 files deleted, 0 files added, 0 files changed.
[0m02:52:08.961498 [debug] [Dummy-1   ]: Partial parsing enabled, no changes found, skipping parsing
[0m02:52:09.149583 [debug] [Dummy-1   ]: Wrote artifact WritableManifest to /tmp/dbt/target/manifest.json
[0m02:52:09.151376 [debug] [Dummy-1   ]: Wrote artifact SemanticManifest to /tmp/dbt/target/semantic_manifest.json
[0m02:52:09.192708 [info ] [Dummy-1   ]: Found 12 models, 7 data tests, 6 sources, 474 macros
[0m02:52:09.195071 [info ] [Dummy-1   ]: 
[0m02:52:09.195616 [info ] [Dummy-1   ]: Concurrency: 8 threads (target='dwh')
[0m02:52:09.196090 [info ] [Dummy-1   ]: 
[0m02:52:09.196942 [debug] [Dummy-1   ]: Acquiring new snowflake connection 'master'
[0m02:52:09.199331 [debug] [ThreadPool]: Acquiring new snowflake connection 'list_luxe_training'
[0m02:52:09.304963 [debug] [ThreadPool]: Using snowflake connection "list_luxe_training"
[0m02:52:09.305569 [debug] [ThreadPool]: On list_luxe_training: /* {"app": "dbt", "dbt_version": "1.9.4", "profile_name": "luxe_training", "target_name": "dwh", "connection_name": "list_luxe_training"} */
show terse schemas in database luxe_training
    limit 10000
[0m02:52:09.306044 [debug] [ThreadPool]: Opening a new connection, currently in state init
[0m02:52:09.780733 [debug] [ThreadPool]: SQL status: SUCCESS 4 in 0.475 seconds
[0m02:52:09.788737 [debug] [ThreadPool]: Re-using an available connection from the pool (formerly list_luxe_training, now list_luxe_training_dwh)
[0m02:52:09.800947 [debug] [ThreadPool]: Using snowflake connection "list_luxe_training_dwh"
[0m02:52:09.801475 [debug] [ThreadPool]: On list_luxe_training_dwh: /* {"app": "dbt", "dbt_version": "1.9.4", "profile_name": "luxe_training", "target_name": "dwh", "connection_name": "list_luxe_training_dwh"} */
alter session set quoted_identifiers_ignore_case = false;
[0m02:52:09.801934 [debug] [ThreadPool]: Opening a new connection, currently in state init
[0m02:52:10.242229 [debug] [ThreadPool]: SQL status: SUCCESS 1 in 0.440 seconds
[0m02:52:10.246538 [debug] [ThreadPool]: Using snowflake connection "list_luxe_training_dwh"
[0m02:52:10.247023 [debug] [ThreadPool]: On list_luxe_training_dwh: /* {"app": "dbt", "dbt_version": "1.9.4", "profile_name": "luxe_training", "target_name": "dwh", "connection_name": "list_luxe_training_dwh"} */
show objects in luxe_training.dwh
    limit 10000
    
;
[0m02:52:10.389415 [debug] [ThreadPool]: SQL status: SUCCESS 10 in 0.142 seconds
[0m02:52:10.391459 [debug] [ThreadPool]: Using snowflake connection "list_luxe_training_dwh"
[0m02:52:10.391939 [debug] [ThreadPool]: On list_luxe_training_dwh: /* {"app": "dbt", "dbt_version": "1.9.4", "profile_name": "luxe_training", "target_name": "dwh", "connection_name": "list_luxe_training_dwh"} */
alter session unset quoted_identifiers_ignore_case;
[0m02:52:10.451428 [debug] [ThreadPool]: SQL status: SUCCESS 1 in 0.059 seconds
[0m02:52:10.470146 [debug] [Thread-2 (]: Began running node model.luxe_training.int_inventory_current
[0m02:52:10.470861 [info ] [Thread-2 (]: 1 of 1 START sql table model dwh.int_inventory_current ......................... [RUN]
[0m02:52:10.471563 [debug] [Thread-2 (]: Re-using an available connection from the pool (formerly list_luxe_training_dwh, now model.luxe_training.int_inventory_current)
[0m02:52:10.472060 [debug] [Thread-2 (]: Began compiling node model.luxe_training.int_inventory_current
[0m02:52:10.480398 [debug] [Thread-2 (]: Writing injected SQL for node "model.luxe_training.int_inventory_current"
[0m02:52:10.481165 [debug] [Thread-2 (]: Began executing node model.luxe_training.int_inventory_current
[0m02:52:10.513691 [debug] [Thread-2 (]: Writing runtime sql for node "model.luxe_training.int_inventory_current"
[0m02:52:10.514845 [debug] [Thread-2 (]: Using snowflake connection "model.luxe_training.int_inventory_current"
[0m02:52:10.515378 [debug] [Thread-2 (]: On model.luxe_training.int_inventory_current: /* {"app": "dbt", "dbt_version": "1.9.4", "profile_name": "luxe_training", "target_name": "dwh", "node_id": "model.luxe_training.int_inventory_current"} */
create or replace transient table luxe_training.dwh.int_inventory_current
         as
        (SELECT
    product_id,
    store_id,
    stock_available

FROM luxe_training.dwh.stg_inventory

QUALIFY ROW_NUMBER() OVER (
    PARTITION BY product_id, store_id
    ORDER BY inventory_date DESC
) = 1
        );
[0m02:52:10.515870 [debug] [Thread-2 (]: Opening a new connection, currently in state init
[0m02:52:11.024438 [debug] [Thread-2 (]: Snowflake adapter: Snowflake query id: 01c720f0-0002-17c3-0002-c11a000da626
[0m02:52:11.025123 [debug] [Thread-2 (]: Snowflake adapter: Snowflake error: 000904 (42000): SQL compilation error: error line 6 at position 4
invalid identifier 'STOCK_AVAILABLE'
[0m02:52:11.028924 [debug] [Thread-2 (]: Database Error in model int_inventory_current (models/marts/int_inventory_current.sql)
  000904 (42000): SQL compilation error: error line 6 at position 4
  invalid identifier 'STOCK_AVAILABLE'
  compiled code at target/run/luxe_training/models/marts/int_inventory_current.sql
[0m02:52:11.031485 [error] [Thread-2 (]: 1 of 1 ERROR creating sql table model dwh.int_inventory_current ................ [[31mERROR[0m in 0.56s]
[0m02:52:11.032309 [debug] [Thread-2 (]: Finished running node model.luxe_training.int_inventory_current
[0m02:52:11.033199 [debug] [Thread-12 ]: Marking all children of 'model.luxe_training.int_inventory_current' to be skipped because of status 'error'.  Reason: Database Error in model int_inventory_current (models/marts/int_inventory_current.sql)
  000904 (42000): SQL compilation error: error line 6 at position 4
  invalid identifier 'STOCK_AVAILABLE'
  compiled code at target/run/luxe_training/models/marts/int_inventory_current.sql.
[0m02:52:11.037070 [debug] [Dummy-1   ]: Connection 'master' was properly closed.
[0m02:52:11.037566 [debug] [Dummy-1   ]: Connection 'model.luxe_training.int_inventory_current' was properly closed.
[0m02:52:11.038045 [info ] [Dummy-1   ]: 
[0m02:52:11.038565 [info ] [Dummy-1   ]: Finished running 1 table model in 0 hours 0 minutes and 1.84 seconds (1.84s).
[0m02:52:11.039337 [debug] [Dummy-1   ]: Command end result
[0m02:52:11.063988 [debug] [Dummy-1   ]: Wrote artifact WritableManifest to /tmp/dbt/target/manifest.json
[0m02:52:11.065673 [debug] [Dummy-1   ]: Wrote artifact SemanticManifest to /tmp/dbt/target/semantic_manifest.json
[0m02:52:11.071195 [debug] [Dummy-1   ]: Wrote artifact RunExecutionResult to /tmp/dbt/target/run_results.json
[0m02:52:11.071618 [info ] [Dummy-1   ]: 
[0m02:52:11.072159 [info ] [Dummy-1   ]: [31mCompleted with 1 error, 0 partial successes, and 0 warnings:[0m
[0m02:52:11.072607 [info ] [Dummy-1   ]: 
[0m02:52:11.073204 [error] [Dummy-1   ]:   Database Error in model int_inventory_current (models/marts/int_inventory_current.sql)
  000904 (42000): SQL compilation error: error line 6 at position 4
  invalid identifier 'STOCK_AVAILABLE'
  compiled code at target/run/luxe_training/models/marts/int_inventory_current.sql
[0m02:52:11.073603 [info ] [Dummy-1   ]: 
[0m02:52:11.074060 [info ] [Dummy-1   ]: Done. PASS=0 WARN=0 ERROR=1 SKIP=0 TOTAL=1
[0m02:52:11.075475 [debug] [Dummy-1   ]: Resource report: {"command_name": "run", "command_success": false, "command_wall_clock_time": 3.202584, "process_in_blocks": "0", "process_kernel_time": 0.79, "process_mem_max_rss": "474136", "process_out_blocks": "0", "process_user_time": 3.96}
[0m02:52:11.076060 [debug] [Dummy-1   ]: Command `cli run` failed at 02:52:11.075821 after 3.20 seconds
[0m02:52:11.076522 [debug] [Dummy-1   ]: Flushing usage events


============================== 02:54:42.341076 | 92862a44-66da-4615-9da5-9fd38d9c2a70 ==============================
[0m02:54:42.341076 [info ] [Dummy-1   ]: Running with dbt=1.9.4
[0m02:54:42.342025 [debug] [Dummy-1   ]: running dbt with arguments {'printer_width': '80', 'indirect_selection': 'eager', 'write_json': 'True', 'log_cache_events': 'False', 'partial_parse': 'True', 'cache_selected_only': 'False', 'profiles_dir': '/tmp/dbt_effective_profiles_4o8eudwj', 'debug': 'False', 'fail_fast': 'False', 'log_path': '/tmp/dbt/logs', 'warn_error': 'None', 'version_check': 'True', 'use_colors': 'True', 'use_experimental_parser': 'False', 'no_print': 'None', 'quiet': 'False', 'empty': 'False', 'warn_error_options': 'WarnErrorOptions(include=[], exclude=[])', 'invocation_command': 'dbt ', 'log_format': 'default', 'static_parser': 'True', 'target_path': 'None', 'introspect': 'True', 'send_anonymous_usage_stats': 'False'}
[0m02:54:42.625383 [info ] [Dummy-1   ]: Registered adapter: snowflake=1.9.2
[0m02:54:43.164887 [debug] [Dummy-1   ]: checksum: 7a8296c70615f566de89055485ae13d89ed1d40af3cf21b3b72f2284f73c401a, vars: {}, profile: , target: dwh, version: 1.9.4
[0m02:54:43.401966 [debug] [Dummy-1   ]: Partial parsing enabled: 1 files deleted, 0 files added, 0 files changed.
[0m02:54:43.402852 [debug] [Dummy-1   ]: Partial parsing: deleted file: luxe_training://models/marts/int_inventory_current.sql
[0m02:54:43.686163 [debug] [Dummy-1   ]: Wrote artifact WritableManifest to /tmp/dbt/target/manifest.json
[0m02:54:43.688344 [debug] [Dummy-1   ]: Wrote artifact SemanticManifest to /tmp/dbt/target/semantic_manifest.json
[0m02:54:43.738415 [info ] [Dummy-1   ]: Found 11 models, 7 data tests, 6 sources, 474 macros
[0m02:54:43.741176 [info ] [Dummy-1   ]: 
[0m02:54:43.741788 [info ] [Dummy-1   ]: Concurrency: 8 threads (target='dwh')
[0m02:54:43.742444 [info ] [Dummy-1   ]: 
[0m02:54:43.743274 [debug] [Dummy-1   ]: Acquiring new snowflake connection 'master'
[0m02:54:43.746081 [debug] [ThreadPool]: Acquiring new snowflake connection 'list_luxe_training'
[0m02:54:43.851404 [debug] [ThreadPool]: Using snowflake connection "list_luxe_training"
[0m02:54:43.852030 [debug] [ThreadPool]: On list_luxe_training: /* {"app": "dbt", "dbt_version": "1.9.4", "profile_name": "luxe_training", "target_name": "dwh", "connection_name": "list_luxe_training"} */
show terse schemas in database luxe_training
    limit 10000
[0m02:54:43.852539 [debug] [ThreadPool]: Opening a new connection, currently in state init
[0m02:54:44.377014 [debug] [ThreadPool]: SQL status: SUCCESS 4 in 0.524 seconds
[0m02:54:44.388207 [debug] [ThreadPool]: Acquiring new snowflake connection 'list_luxe_training_dwh'
[0m02:54:44.402176 [debug] [ThreadPool]: Using snowflake connection "list_luxe_training_dwh"
[0m02:54:44.402867 [debug] [ThreadPool]: On list_luxe_training_dwh: /* {"app": "dbt", "dbt_version": "1.9.4", "profile_name": "luxe_training", "target_name": "dwh", "connection_name": "list_luxe_training_dwh"} */
alter session set quoted_identifiers_ignore_case = false;
[0m02:54:44.403318 [debug] [ThreadPool]: Opening a new connection, currently in state init
[0m02:54:44.909040 [debug] [ThreadPool]: SQL status: SUCCESS 1 in 0.506 seconds
[0m02:54:44.913836 [debug] [ThreadPool]: Using snowflake connection "list_luxe_training_dwh"
[0m02:54:44.914472 [debug] [ThreadPool]: On list_luxe_training_dwh: /* {"app": "dbt", "dbt_version": "1.9.4", "profile_name": "luxe_training", "target_name": "dwh", "connection_name": "list_luxe_training_dwh"} */
show objects in luxe_training.dwh
    limit 10000
    
;
[0m02:54:45.056662 [debug] [ThreadPool]: SQL status: SUCCESS 10 in 0.142 seconds
[0m02:54:45.059204 [debug] [ThreadPool]: Using snowflake connection "list_luxe_training_dwh"
[0m02:54:45.059765 [debug] [ThreadPool]: On list_luxe_training_dwh: /* {"app": "dbt", "dbt_version": "1.9.4", "profile_name": "luxe_training", "target_name": "dwh", "connection_name": "list_luxe_training_dwh"} */
alter session unset quoted_identifiers_ignore_case;
[0m02:54:45.126585 [debug] [ThreadPool]: SQL status: SUCCESS 1 in 0.066 seconds
[0m02:54:45.145788 [debug] [Thread-2 (]: Began running node model.luxe_training.int_sales_30d
[0m02:54:45.146818 [info ] [Thread-2 (]: 1 of 1 START sql table model dwh.int_sales_30d ................................. [RUN]
[0m02:54:45.147588 [debug] [Thread-2 (]: Re-using an available connection from the pool (formerly list_luxe_training_dwh, now model.luxe_training.int_sales_30d)
[0m02:54:45.148131 [debug] [Thread-2 (]: Began compiling node model.luxe_training.int_sales_30d
[0m02:54:45.158406 [debug] [Thread-2 (]: Writing injected SQL for node "model.luxe_training.int_sales_30d"
[0m02:54:45.159275 [debug] [Thread-2 (]: Began executing node model.luxe_training.int_sales_30d
[0m02:54:45.194154 [debug] [Thread-2 (]: Writing runtime sql for node "model.luxe_training.int_sales_30d"
[0m02:54:45.195693 [debug] [Thread-2 (]: Using snowflake connection "model.luxe_training.int_sales_30d"
[0m02:54:45.196298 [debug] [Thread-2 (]: On model.luxe_training.int_sales_30d: /* {"app": "dbt", "dbt_version": "1.9.4", "profile_name": "luxe_training", "target_name": "dwh", "node_id": "model.luxe_training.int_sales_30d"} */
create or replace transient table luxe_training.dwh.int_sales_30d
         as
        (SELECT
    product_id,
    store_id,
    SUM(quantity) AS qty_sold_30d,
    SUM(quantity) / 30.0 AS avg_daily_sales

FROM luxe_training.dwh.stg_sales

WHERE sale_date >= DATEADD(day, -30, CURRENT_DATE())

GROUP BY
    product_id,
    store_id
        );
[0m02:54:45.196868 [debug] [Thread-2 (]: Opening a new connection, currently in state init
[0m02:54:47.089558 [debug] [Thread-2 (]: SQL status: SUCCESS 1 in 1.892 seconds
[0m02:54:47.113481 [info ] [Thread-2 (]: 1 of 1 OK created sql table model dwh.int_sales_30d ............................ [[32mSUCCESS 1[0m in 1.96s]
[0m02:54:47.114323 [debug] [Thread-2 (]: Finished running node model.luxe_training.int_sales_30d
[0m02:54:47.118288 [debug] [Dummy-1   ]: Connection 'master' was properly closed.
[0m02:54:47.118878 [debug] [Dummy-1   ]: Connection 'list_luxe_training' was properly closed.
[0m02:54:47.119287 [debug] [Dummy-1   ]: Connection 'model.luxe_training.int_sales_30d' was properly closed.
[0m02:54:47.119724 [info ] [Dummy-1   ]: 
[0m02:54:47.120178 [info ] [Dummy-1   ]: Finished running 1 table model in 0 hours 0 minutes and 3.38 seconds (3.38s).
[0m02:54:47.120949 [debug] [Dummy-1   ]: Command end result
[0m02:54:47.146620 [debug] [Dummy-1   ]: Wrote artifact WritableManifest to /tmp/dbt/target/manifest.json
[0m02:54:47.148546 [debug] [Dummy-1   ]: Wrote artifact SemanticManifest to /tmp/dbt/target/semantic_manifest.json
[0m02:54:47.154748 [debug] [Dummy-1   ]: Wrote artifact RunExecutionResult to /tmp/dbt/target/run_results.json
[0m02:54:47.155251 [info ] [Dummy-1   ]: 
[0m02:54:47.155903 [info ] [Dummy-1   ]: [32mCompleted successfully[0m
[0m02:54:47.156378 [info ] [Dummy-1   ]: 
[0m02:54:47.156875 [info ] [Dummy-1   ]: Done. PASS=1 WARN=0 ERROR=0 SKIP=0 TOTAL=1
[0m02:54:47.158672 [debug] [Dummy-1   ]: Resource report: {"command_name": "run", "command_success": true, "command_wall_clock_time": 4.8955894, "process_in_blocks": "0", "process_kernel_time": 0.83, "process_mem_max_rss": "472992", "process_out_blocks": "0", "process_user_time": 4.51}
[0m02:54:47.159327 [debug] [Dummy-1   ]: Command `cli run` succeeded at 02:54:47.159062 after 4.90 seconds
[0m02:54:47.159824 [debug] [Dummy-1   ]: Flushing usage events


============================== 02:57:03.750962 | 8c53a3b4-e645-491f-99d8-51f122162bcc ==============================
[0m02:57:03.750962 [info ] [Dummy-1   ]: Running with dbt=1.9.4
[0m02:57:03.751772 [debug] [Dummy-1   ]: running dbt with arguments {'printer_width': '80', 'indirect_selection': 'eager', 'log_cache_events': 'False', 'write_json': 'True', 'partial_parse': 'True', 'cache_selected_only': 'False', 'profiles_dir': '/tmp/dbt_effective_profiles_swoi2t0_', 'version_check': 'True', 'fail_fast': 'False', 'log_path': '/tmp/dbt/logs', 'debug': 'False', 'warn_error': 'None', 'use_colors': 'True', 'use_experimental_parser': 'False', 'empty': 'False', 'quiet': 'False', 'no_print': 'None', 'log_format': 'default', 'introspect': 'True', 'invocation_command': 'dbt ', 'warn_error_options': 'WarnErrorOptions(include=[], exclude=[])', 'target_path': 'None', 'static_parser': 'True', 'send_anonymous_usage_stats': 'False'}
[0m02:57:04.022426 [info ] [Dummy-1   ]: Registered adapter: snowflake=1.9.2
[0m02:57:04.550074 [debug] [Dummy-1   ]: checksum: 7a8296c70615f566de89055485ae13d89ed1d40af3cf21b3b72f2284f73c401a, vars: {}, profile: , target: dwh, version: 1.9.4
[0m02:57:04.775382 [debug] [Dummy-1   ]: Partial parsing enabled: 1 files deleted, 0 files added, 0 files changed.
[0m02:57:04.776134 [debug] [Dummy-1   ]: Partial parsing: deleted file: luxe_training://models/marts/int_sales_30d.sql
[0m02:57:05.028207 [debug] [Dummy-1   ]: Wrote artifact WritableManifest to /tmp/dbt/target/manifest.json
[0m02:57:05.030129 [debug] [Dummy-1   ]: Wrote artifact SemanticManifest to /tmp/dbt/target/semantic_manifest.json
[0m02:57:05.064339 [info ] [Dummy-1   ]: Found 10 models, 7 data tests, 6 sources, 474 macros
[0m02:57:05.066897 [info ] [Dummy-1   ]: 
[0m02:57:05.067380 [info ] [Dummy-1   ]: Concurrency: 8 threads (target='dwh')
[0m02:57:05.067911 [info ] [Dummy-1   ]: 
[0m02:57:05.068654 [debug] [Dummy-1   ]: Acquiring new snowflake connection 'master'
[0m02:57:05.074995 [debug] [ThreadPool]: Acquiring new snowflake connection 'list_luxe_training_dwh'
[0m02:57:05.184630 [debug] [ThreadPool]: Using snowflake connection "list_luxe_training_dwh"
[0m02:57:05.185194 [debug] [ThreadPool]: On list_luxe_training_dwh: /* {"app": "dbt", "dbt_version": "1.9.4", "profile_name": "luxe_training", "target_name": "dwh", "connection_name": "list_luxe_training_dwh"} */
alter session set quoted_identifiers_ignore_case = false;
[0m02:57:05.185687 [debug] [ThreadPool]: Opening a new connection, currently in state init
[0m02:57:05.731675 [debug] [ThreadPool]: SQL status: SUCCESS 1 in 0.546 seconds
[0m02:57:05.736144 [debug] [ThreadPool]: Using snowflake connection "list_luxe_training_dwh"
[0m02:57:05.736637 [debug] [ThreadPool]: On list_luxe_training_dwh: /* {"app": "dbt", "dbt_version": "1.9.4", "profile_name": "luxe_training", "target_name": "dwh", "connection_name": "list_luxe_training_dwh"} */
show objects in luxe_training.dwh
    limit 10000
    
;
[0m02:57:05.855160 [debug] [ThreadPool]: SQL status: SUCCESS 11 in 0.118 seconds
[0m02:57:05.857370 [debug] [ThreadPool]: Using snowflake connection "list_luxe_training_dwh"
[0m02:57:05.857849 [debug] [ThreadPool]: On list_luxe_training_dwh: /* {"app": "dbt", "dbt_version": "1.9.4", "profile_name": "luxe_training", "target_name": "dwh", "connection_name": "list_luxe_training_dwh"} */
alter session unset quoted_identifiers_ignore_case;
[0m02:57:05.916343 [debug] [ThreadPool]: SQL status: SUCCESS 1 in 0.058 seconds
[0m02:57:05.935352 [debug] [Thread-2 (]: Began running node model.luxe_training.stg_customers
[0m02:57:05.935933 [debug] [Thread-3 (]: Began running node model.luxe_training.stg_inventory
[0m02:57:05.936499 [debug] [Thread-4 (]: Began running node model.luxe_training.stg_products
[0m02:57:05.937058 [debug] [Thread-5 (]: Began running node model.luxe_training.stg_sales
[0m02:57:05.937587 [debug] [Thread-6 (]: Began running node model.luxe_training.stg_stores
[0m02:57:05.938171 [debug] [Thread-2 (]: Re-using an available connection from the pool (formerly list_luxe_training_dwh, now model.luxe_training.stg_customers)
[0m02:57:05.938890 [debug] [Thread-3 (]: Acquiring new snowflake connection 'model.luxe_training.stg_inventory'
[0m02:57:05.939559 [debug] [Thread-4 (]: Acquiring new snowflake connection 'model.luxe_training.stg_products'
[0m02:57:05.940200 [debug] [Thread-5 (]: Acquiring new snowflake connection 'model.luxe_training.stg_sales'
[0m02:57:05.940846 [debug] [Thread-6 (]: Acquiring new snowflake connection 'model.luxe_training.stg_stores'
[0m02:57:05.941377 [debug] [Thread-2 (]: Began compiling node model.luxe_training.stg_customers
[0m02:57:05.941870 [debug] [Thread-3 (]: Began compiling node model.luxe_training.stg_inventory
[0m02:57:05.942335 [debug] [Thread-4 (]: Began compiling node model.luxe_training.stg_products
[0m02:57:05.942934 [debug] [Thread-5 (]: Began compiling node model.luxe_training.stg_sales
[0m02:57:05.943482 [debug] [Thread-6 (]: Began compiling node model.luxe_training.stg_stores
[0m02:57:05.952156 [debug] [Thread-2 (]: Writing injected SQL for node "model.luxe_training.stg_customers"
[0m02:57:05.956875 [debug] [Thread-3 (]: Writing injected SQL for node "model.luxe_training.stg_inventory"
[0m02:57:05.960803 [debug] [Thread-4 (]: Writing injected SQL for node "model.luxe_training.stg_products"
[0m02:57:05.964816 [debug] [Thread-5 (]: Writing injected SQL for node "model.luxe_training.stg_sales"
[0m02:57:05.968683 [debug] [Thread-6 (]: Writing injected SQL for node "model.luxe_training.stg_stores"
[0m02:57:05.969716 [debug] [Thread-2 (]: Began executing node model.luxe_training.stg_customers
[0m02:57:05.970675 [debug] [Thread-3 (]: Began executing node model.luxe_training.stg_inventory
[0m02:57:05.971462 [debug] [Thread-4 (]: Began executing node model.luxe_training.stg_products
[0m02:57:05.972315 [debug] [Thread-5 (]: Began executing node model.luxe_training.stg_sales
[0m02:57:05.973290 [debug] [Thread-2 (]: Finished running node model.luxe_training.stg_customers
[0m02:57:05.973802 [debug] [Thread-6 (]: Began executing node model.luxe_training.stg_stores
[0m02:57:05.974531 [debug] [Thread-3 (]: Finished running node model.luxe_training.stg_inventory
[0m02:57:05.975352 [debug] [Thread-4 (]: Finished running node model.luxe_training.stg_products
[0m02:57:05.976113 [debug] [Thread-5 (]: Finished running node model.luxe_training.stg_sales
[0m02:57:05.977160 [debug] [Thread-8 (]: Began running node model.luxe_training.dim_customer
[0m02:57:05.977901 [debug] [Thread-6 (]: Finished running node model.luxe_training.stg_stores
[0m02:57:05.978909 [debug] [Thread-7 (]: Began running node model.luxe_training.fact_inventory
[0m02:57:05.979906 [debug] [Thread-9 (]: Began running node model.luxe_training.dim_product
[0m02:57:05.980725 [debug] [Thread-2 (]: Began running node model.luxe_training.fact_sales
[0m02:57:05.981370 [debug] [Thread-8 (]: Acquiring new snowflake connection 'model.luxe_training.dim_customer'
[0m02:57:05.982211 [debug] [Thread-3 (]: Began running node model.luxe_training.dim_store
[0m02:57:05.982921 [debug] [Thread-7 (]: Acquiring new snowflake connection 'model.luxe_training.fact_inventory'
[0m02:57:05.983591 [debug] [Thread-9 (]: Acquiring new snowflake connection 'model.luxe_training.dim_product'
[0m02:57:05.984178 [debug] [Thread-2 (]: Re-using an available connection from the pool (formerly model.luxe_training.stg_customers, now model.luxe_training.fact_sales)
[0m02:57:05.984732 [debug] [Thread-8 (]: Began compiling node model.luxe_training.dim_customer
[0m02:57:05.985319 [debug] [Thread-3 (]: Re-using an available connection from the pool (formerly model.luxe_training.stg_inventory, now model.luxe_training.dim_store)
[0m02:57:05.985826 [debug] [Thread-7 (]: Began compiling node model.luxe_training.fact_inventory
[0m02:57:05.986296 [debug] [Thread-9 (]: Began compiling node model.luxe_training.dim_product
[0m02:57:05.986831 [debug] [Thread-2 (]: Began compiling node model.luxe_training.fact_sales
[0m02:57:05.990900 [debug] [Thread-8 (]: Writing injected SQL for node "model.luxe_training.dim_customer"
[0m02:57:05.991447 [debug] [Thread-3 (]: Began compiling node model.luxe_training.dim_store
[0m02:57:05.996514 [debug] [Thread-7 (]: Writing injected SQL for node "model.luxe_training.fact_inventory"
[0m02:57:06.000326 [debug] [Thread-9 (]: Writing injected SQL for node "model.luxe_training.dim_product"
[0m02:57:06.003934 [debug] [Thread-2 (]: Writing injected SQL for node "model.luxe_training.fact_sales"
[0m02:57:06.007901 [debug] [Thread-3 (]: Writing injected SQL for node "model.luxe_training.dim_store"
[0m02:57:06.008453 [debug] [Thread-8 (]: Began executing node model.luxe_training.dim_customer
[0m02:57:06.009315 [debug] [Thread-7 (]: Began executing node model.luxe_training.fact_inventory
[0m02:57:06.010124 [debug] [Thread-9 (]: Began executing node model.luxe_training.dim_product
[0m02:57:06.011026 [debug] [Thread-2 (]: Began executing node model.luxe_training.fact_sales
[0m02:57:06.011868 [debug] [Thread-8 (]: Finished running node model.luxe_training.dim_customer
[0m02:57:06.012444 [debug] [Thread-3 (]: Began executing node model.luxe_training.dim_store
[0m02:57:06.013187 [debug] [Thread-7 (]: Finished running node model.luxe_training.fact_inventory
[0m02:57:06.013906 [debug] [Thread-9 (]: Finished running node model.luxe_training.dim_product
[0m02:57:06.014691 [debug] [Thread-2 (]: Finished running node model.luxe_training.fact_sales
[0m02:57:06.015605 [debug] [Thread-3 (]: Finished running node model.luxe_training.dim_store
[0m02:57:06.016728 [debug] [Thread-4 (]: Began running node test.luxe_training.not_null_dim_product_product_id.02b1f06816
[0m02:57:06.017305 [debug] [Thread-6 (]: Began running node test.luxe_training.unique_dim_product_product_id.46495bf7fe
[0m02:57:06.018133 [debug] [Thread-8 (]: Began running node test.luxe_training.not_null_fact_sales_quantity.123217c37f
[0m02:57:06.018691 [debug] [Thread-7 (]: Began running node test.luxe_training.not_null_fact_sales_sale_id.ea1dca7100
[0m02:57:06.019196 [debug] [Thread-9 (]: Began running node test.luxe_training.unique_fact_sales_sale_id.16dc554bac
[0m02:57:06.019923 [debug] [Thread-2 (]: Began running node test.luxe_training.not_null_dim_store_store_id.8cb7c6ace0
[0m02:57:06.020424 [debug] [Thread-3 (]: Began running node test.luxe_training.unique_dim_store_store_id.90e408e197
[0m02:57:06.020996 [debug] [Thread-4 (]: Re-using an available connection from the pool (formerly model.luxe_training.stg_products, now test.luxe_training.not_null_dim_product_product_id.02b1f06816)
[0m02:57:06.021539 [debug] [Thread-6 (]: Re-using an available connection from the pool (formerly model.luxe_training.stg_stores, now test.luxe_training.unique_dim_product_product_id.46495bf7fe)
[0m02:57:06.022098 [debug] [Thread-8 (]: Re-using an available connection from the pool (formerly model.luxe_training.dim_customer, now test.luxe_training.not_null_fact_sales_quantity.123217c37f)
[0m02:57:06.022725 [debug] [Thread-7 (]: Re-using an available connection from the pool (formerly model.luxe_training.fact_inventory, now test.luxe_training.not_null_fact_sales_sale_id.ea1dca7100)
[0m02:57:06.023293 [debug] [Thread-9 (]: Re-using an available connection from the pool (formerly model.luxe_training.dim_product, now test.luxe_training.unique_fact_sales_sale_id.16dc554bac)
[0m02:57:06.023877 [debug] [Thread-2 (]: Re-using an available connection from the pool (formerly model.luxe_training.fact_sales, now test.luxe_training.not_null_dim_store_store_id.8cb7c6ace0)
[0m02:57:06.024434 [debug] [Thread-3 (]: Re-using an available connection from the pool (formerly model.luxe_training.dim_store, now test.luxe_training.unique_dim_store_store_id.90e408e197)
[0m02:57:06.024905 [debug] [Thread-4 (]: Began compiling node test.luxe_training.not_null_dim_product_product_id.02b1f06816
[0m02:57:06.025382 [debug] [Thread-6 (]: Began compiling node test.luxe_training.unique_dim_product_product_id.46495bf7fe
[0m02:57:06.025837 [debug] [Thread-8 (]: Began compiling node test.luxe_training.not_null_fact_sales_quantity.123217c37f
[0m02:57:06.026278 [debug] [Thread-7 (]: Began compiling node test.luxe_training.not_null_fact_sales_sale_id.ea1dca7100
[0m02:57:06.026786 [debug] [Thread-9 (]: Began compiling node test.luxe_training.unique_fact_sales_sale_id.16dc554bac
[0m02:57:06.027274 [debug] [Thread-2 (]: Began compiling node test.luxe_training.not_null_dim_store_store_id.8cb7c6ace0
[0m02:57:06.027775 [debug] [Thread-3 (]: Began compiling node test.luxe_training.unique_dim_store_store_id.90e408e197
[0m02:57:06.040779 [debug] [Thread-4 (]: Writing injected SQL for node "test.luxe_training.not_null_dim_product_product_id.02b1f06816"
[0m02:57:06.049761 [debug] [Thread-6 (]: Writing injected SQL for node "test.luxe_training.unique_dim_product_product_id.46495bf7fe"
[0m02:57:06.055051 [debug] [Thread-8 (]: Writing injected SQL for node "test.luxe_training.not_null_fact_sales_quantity.123217c37f"
[0m02:57:06.060168 [debug] [Thread-7 (]: Writing injected SQL for node "test.luxe_training.not_null_fact_sales_sale_id.ea1dca7100"
[0m02:57:06.065056 [debug] [Thread-9 (]: Writing injected SQL for node "test.luxe_training.unique_fact_sales_sale_id.16dc554bac"
[0m02:57:06.070040 [debug] [Thread-2 (]: Writing injected SQL for node "test.luxe_training.not_null_dim_store_store_id.8cb7c6ace0"
[0m02:57:06.076607 [debug] [Thread-3 (]: Writing injected SQL for node "test.luxe_training.unique_dim_store_store_id.90e408e197"
[0m02:57:06.077538 [debug] [Thread-4 (]: Began executing node test.luxe_training.not_null_dim_product_product_id.02b1f06816
[0m02:57:06.078279 [debug] [Thread-6 (]: Began executing node test.luxe_training.unique_dim_product_product_id.46495bf7fe
[0m02:57:06.079111 [debug] [Thread-8 (]: Began executing node test.luxe_training.not_null_fact_sales_quantity.123217c37f
[0m02:57:06.079978 [debug] [Thread-7 (]: Began executing node test.luxe_training.not_null_fact_sales_sale_id.ea1dca7100
[0m02:57:06.080880 [debug] [Thread-9 (]: Began executing node test.luxe_training.unique_fact_sales_sale_id.16dc554bac
[0m02:57:06.081541 [debug] [Thread-2 (]: Began executing node test.luxe_training.not_null_dim_store_store_id.8cb7c6ace0
[0m02:57:06.082431 [debug] [Thread-4 (]: Finished running node test.luxe_training.not_null_dim_product_product_id.02b1f06816
[0m02:57:06.083017 [debug] [Thread-3 (]: Began executing node test.luxe_training.unique_dim_store_store_id.90e408e197
[0m02:57:06.083774 [debug] [Thread-6 (]: Finished running node test.luxe_training.unique_dim_product_product_id.46495bf7fe
[0m02:57:06.084503 [debug] [Thread-8 (]: Finished running node test.luxe_training.not_null_fact_sales_quantity.123217c37f
[0m02:57:06.085207 [debug] [Thread-7 (]: Finished running node test.luxe_training.not_null_fact_sales_sale_id.ea1dca7100
[0m02:57:06.085929 [debug] [Thread-9 (]: Finished running node test.luxe_training.unique_fact_sales_sale_id.16dc554bac
[0m02:57:06.086680 [debug] [Thread-2 (]: Finished running node test.luxe_training.not_null_dim_store_store_id.8cb7c6ace0
[0m02:57:06.087642 [debug] [Thread-3 (]: Finished running node test.luxe_training.unique_dim_store_store_id.90e408e197
[0m02:57:06.091697 [debug] [Dummy-1   ]: Connection 'master' was properly closed.
[0m02:57:06.092214 [debug] [Dummy-1   ]: Connection 'test.luxe_training.not_null_dim_store_store_id.8cb7c6ace0' was properly closed.
[0m02:57:06.092675 [debug] [Dummy-1   ]: Connection 'test.luxe_training.unique_dim_store_store_id.90e408e197' was properly closed.
[0m02:57:06.093077 [debug] [Dummy-1   ]: Connection 'test.luxe_training.not_null_dim_product_product_id.02b1f06816' was properly closed.
[0m02:57:06.093483 [debug] [Dummy-1   ]: Connection 'model.luxe_training.stg_sales' was properly closed.
[0m02:57:06.093880 [debug] [Dummy-1   ]: Connection 'test.luxe_training.unique_dim_product_product_id.46495bf7fe' was properly closed.
[0m02:57:06.094293 [debug] [Dummy-1   ]: Connection 'test.luxe_training.not_null_fact_sales_quantity.123217c37f' was properly closed.
[0m02:57:06.094759 [debug] [Dummy-1   ]: Connection 'test.luxe_training.not_null_fact_sales_sale_id.ea1dca7100' was properly closed.
[0m02:57:06.095145 [debug] [Dummy-1   ]: Connection 'test.luxe_training.unique_fact_sales_sale_id.16dc554bac' was properly closed.
[0m02:57:06.097385 [debug] [Dummy-1   ]: Command end result
[0m02:57:06.120551 [debug] [Dummy-1   ]: Wrote artifact WritableManifest to /tmp/dbt/target/manifest.json
[0m02:57:06.122287 [debug] [Dummy-1   ]: Wrote artifact SemanticManifest to /tmp/dbt/target/semantic_manifest.json
[0m02:57:06.129460 [debug] [Dummy-1   ]: Wrote artifact RunExecutionResult to /tmp/dbt/target/run_results.json
[0m02:57:06.131186 [debug] [Dummy-1   ]: Resource report: {"command_name": "compile", "command_success": true, "command_wall_clock_time": 2.4525697, "process_in_blocks": "0", "process_kernel_time": 0.78, "process_mem_max_rss": "477648", "process_out_blocks": "0", "process_user_time": 4.18}
[0m02:57:06.131813 [debug] [Dummy-1   ]: Command `cli compile` succeeded at 02:57:06.131549 after 2.45 seconds
[0m02:57:06.132359 [debug] [Dummy-1   ]: Flushing usage events


============================== 02:57:52.174342 | 649ee049-6cf2-4ac0-b31a-70baa165d382 ==============================
[0m02:57:52.174342 [info ] [Dummy-1   ]: Running with dbt=1.9.4
[0m02:57:52.175244 [debug] [Dummy-1   ]: running dbt with arguments {'printer_width': '80', 'indirect_selection': 'eager', 'write_json': 'True', 'log_cache_events': 'False', 'partial_parse': 'True', 'cache_selected_only': 'False', 'warn_error': 'None', 'debug': 'False', 'fail_fast': 'False', 'log_path': '/tmp/dbt/logs', 'version_check': 'True', 'profiles_dir': '/tmp/dbt_effective_profiles_sulldk8e', 'use_colors': 'True', 'use_experimental_parser': 'False', 'no_print': 'None', 'quiet': 'False', 'empty': 'False', 'warn_error_options': 'WarnErrorOptions(include=[], exclude=[])', 'invocation_command': 'dbt ', 'introspect': 'True', 'log_format': 'default', 'target_path': 'None', 'static_parser': 'True', 'send_anonymous_usage_stats': 'False'}
[0m02:57:52.445129 [info ] [Dummy-1   ]: Registered adapter: snowflake=1.9.2
[0m02:57:52.965205 [debug] [Dummy-1   ]: checksum: 7a8296c70615f566de89055485ae13d89ed1d40af3cf21b3b72f2284f73c401a, vars: {}, profile: , target: dwh, version: 1.9.4
[0m02:57:53.188363 [debug] [Dummy-1   ]: Partial parsing enabled: 0 files deleted, 0 files added, 0 files changed.
[0m02:57:53.188909 [debug] [Dummy-1   ]: Partial parsing enabled, no changes found, skipping parsing
[0m02:57:53.376797 [debug] [Dummy-1   ]: Wrote artifact WritableManifest to /tmp/dbt/target/manifest.json
[0m02:57:53.378814 [debug] [Dummy-1   ]: Wrote artifact SemanticManifest to /tmp/dbt/target/semantic_manifest.json
[0m02:57:53.420351 [info ] [Dummy-1   ]: Found 10 models, 7 data tests, 6 sources, 474 macros
[0m02:57:53.422859 [info ] [Dummy-1   ]: 
[0m02:57:53.423422 [info ] [Dummy-1   ]: Concurrency: 8 threads (target='dwh')
[0m02:57:53.423900 [info ] [Dummy-1   ]: 
[0m02:57:53.424758 [debug] [Dummy-1   ]: Acquiring new snowflake connection 'master'
[0m02:57:53.431364 [debug] [ThreadPool]: Acquiring new snowflake connection 'list_luxe_training'
[0m02:57:53.537237 [debug] [ThreadPool]: Using snowflake connection "list_luxe_training"
[0m02:57:53.537802 [debug] [ThreadPool]: On list_luxe_training: /* {"app": "dbt", "dbt_version": "1.9.4", "profile_name": "luxe_training", "target_name": "dwh", "connection_name": "list_luxe_training"} */
show terse schemas in database luxe_training
    limit 10000
[0m02:57:53.538268 [debug] [ThreadPool]: Opening a new connection, currently in state init
[0m02:57:54.050372 [debug] [ThreadPool]: SQL status: SUCCESS 4 in 0.512 seconds
[0m02:57:54.054850 [debug] [ThreadPool]: Acquiring new snowflake connection 'list_luxe_training_dwh'
[0m02:57:54.067012 [debug] [ThreadPool]: Using snowflake connection "list_luxe_training_dwh"
[0m02:57:54.067541 [debug] [ThreadPool]: On list_luxe_training_dwh: /* {"app": "dbt", "dbt_version": "1.9.4", "profile_name": "luxe_training", "target_name": "dwh", "connection_name": "list_luxe_training_dwh"} */
alter session set quoted_identifiers_ignore_case = false;
[0m02:57:54.067965 [debug] [ThreadPool]: Opening a new connection, currently in state init
[0m02:57:54.527272 [debug] [ThreadPool]: SQL status: SUCCESS 1 in 0.459 seconds
[0m02:57:54.531670 [debug] [ThreadPool]: Using snowflake connection "list_luxe_training_dwh"
[0m02:57:54.532174 [debug] [ThreadPool]: On list_luxe_training_dwh: /* {"app": "dbt", "dbt_version": "1.9.4", "profile_name": "luxe_training", "target_name": "dwh", "connection_name": "list_luxe_training_dwh"} */
show objects in luxe_training.dwh
    limit 10000
    
;
[0m02:57:54.654084 [debug] [ThreadPool]: SQL status: SUCCESS 11 in 0.121 seconds
[0m02:57:54.656252 [debug] [ThreadPool]: Using snowflake connection "list_luxe_training_dwh"
[0m02:57:54.656697 [debug] [ThreadPool]: On list_luxe_training_dwh: /* {"app": "dbt", "dbt_version": "1.9.4", "profile_name": "luxe_training", "target_name": "dwh", "connection_name": "list_luxe_training_dwh"} */
alter session unset quoted_identifiers_ignore_case;
[0m02:57:54.716745 [debug] [ThreadPool]: SQL status: SUCCESS 1 in 0.060 seconds
[0m02:57:54.735196 [debug] [Thread-2 (]: Began running node model.luxe_training.stg_customers
[0m02:57:54.735767 [debug] [Thread-3 (]: Began running node model.luxe_training.stg_inventory
[0m02:57:54.736344 [debug] [Thread-4 (]: Began running node model.luxe_training.stg_products
[0m02:57:54.737004 [debug] [Thread-5 (]: Began running node model.luxe_training.stg_sales
[0m02:57:54.737581 [debug] [Thread-6 (]: Began running node model.luxe_training.stg_stores
[0m02:57:54.738251 [info ] [Thread-2 (]: 1 of 10 START sql view model dwh.stg_customers ................................. [RUN]
[0m02:57:54.738986 [info ] [Thread-3 (]: 2 of 10 START sql view model dwh.stg_inventory ................................. [RUN]
[0m02:57:54.739640 [info ] [Thread-4 (]: 3 of 10 START sql view model dwh.stg_products .................................. [RUN]
[0m02:57:54.740285 [info ] [Thread-5 (]: 4 of 10 START sql view model dwh.stg_sales ..................................... [RUN]
[0m02:57:54.740897 [info ] [Thread-6 (]: 5 of 10 START sql view model dwh.stg_stores .................................... [RUN]
[0m02:57:54.741565 [debug] [Thread-2 (]: Re-using an available connection from the pool (formerly list_luxe_training_dwh, now model.luxe_training.stg_customers)
[0m02:57:54.742129 [debug] [Thread-3 (]: Re-using an available connection from the pool (formerly list_luxe_training, now model.luxe_training.stg_inventory)
[0m02:57:54.742827 [debug] [Thread-4 (]: Acquiring new snowflake connection 'model.luxe_training.stg_products'
[0m02:57:54.743421 [debug] [Thread-5 (]: Acquiring new snowflake connection 'model.luxe_training.stg_sales'
[0m02:57:54.744038 [debug] [Thread-6 (]: Acquiring new snowflake connection 'model.luxe_training.stg_stores'
[0m02:57:54.744567 [debug] [Thread-2 (]: Began compiling node model.luxe_training.stg_customers
[0m02:57:54.745054 [debug] [Thread-3 (]: Began compiling node model.luxe_training.stg_inventory
[0m02:57:54.745540 [debug] [Thread-4 (]: Began compiling node model.luxe_training.stg_products
[0m02:57:54.746021 [debug] [Thread-5 (]: Began compiling node model.luxe_training.stg_sales
[0m02:57:54.746482 [debug] [Thread-6 (]: Began compiling node model.luxe_training.stg_stores
[0m02:57:54.755099 [debug] [Thread-2 (]: Writing injected SQL for node "model.luxe_training.stg_customers"
[0m02:57:54.760228 [debug] [Thread-3 (]: Writing injected SQL for node "model.luxe_training.stg_inventory"
[0m02:57:54.764196 [debug] [Thread-4 (]: Writing injected SQL for node "model.luxe_training.stg_products"
[0m02:57:54.768152 [debug] [Thread-5 (]: Writing injected SQL for node "model.luxe_training.stg_sales"
[0m02:57:54.772022 [debug] [Thread-6 (]: Writing injected SQL for node "model.luxe_training.stg_stores"
[0m02:57:54.772915 [debug] [Thread-2 (]: Began executing node model.luxe_training.stg_customers
[0m02:57:54.773662 [debug] [Thread-3 (]: Began executing node model.luxe_training.stg_inventory
[0m02:57:54.774358 [debug] [Thread-4 (]: Began executing node model.luxe_training.stg_products
[0m02:57:54.775230 [debug] [Thread-5 (]: Began executing node model.luxe_training.stg_sales
[0m02:57:54.792316 [debug] [Thread-6 (]: Began executing node model.luxe_training.stg_stores
[0m02:57:54.819459 [debug] [Thread-2 (]: Writing runtime sql for node "model.luxe_training.stg_customers"
[0m02:57:54.833382 [debug] [Thread-3 (]: Writing runtime sql for node "model.luxe_training.stg_inventory"
[0m02:57:54.837394 [debug] [Thread-4 (]: Writing runtime sql for node "model.luxe_training.stg_products"
[0m02:57:54.841353 [debug] [Thread-5 (]: Writing runtime sql for node "model.luxe_training.stg_sales"
[0m02:57:54.845274 [debug] [Thread-6 (]: Writing runtime sql for node "model.luxe_training.stg_stores"
[0m02:57:54.846706 [debug] [Thread-2 (]: Using snowflake connection "model.luxe_training.stg_customers"
[0m02:57:54.847847 [debug] [Thread-3 (]: Using snowflake connection "model.luxe_training.stg_inventory"
[0m02:57:54.848845 [debug] [Thread-4 (]: Using snowflake connection "model.luxe_training.stg_products"
[0m02:57:54.849958 [debug] [Thread-5 (]: Using snowflake connection "model.luxe_training.stg_sales"
[0m02:57:54.850656 [debug] [Thread-2 (]: On model.luxe_training.stg_customers: /* {"app": "dbt", "dbt_version": "1.9.4", "profile_name": "luxe_training", "target_name": "dwh", "node_id": "model.luxe_training.stg_customers"} */
create or replace   view luxe_training.dwh.stg_customers
  
   as (
    select customer_id, first_name, last_name, country, segment from LUXE_TRAINING.RAW.customers_dyn
--test
  );
[0m02:57:54.851472 [debug] [Thread-6 (]: Using snowflake connection "model.luxe_training.stg_stores"
[0m02:57:54.851990 [debug] [Thread-3 (]: On model.luxe_training.stg_inventory: /* {"app": "dbt", "dbt_version": "1.9.4", "profile_name": "luxe_training", "target_name": "dwh", "node_id": "model.luxe_training.stg_inventory"} */
create or replace   view luxe_training.dwh.stg_inventory
  
   as (
    select snapshot_date, product_id, store_id, stock_qty, stock_in_transit from LUXE_TRAINING.RAW.inventory
  );
[0m02:57:54.852536 [debug] [Thread-4 (]: On model.luxe_training.stg_products: /* {"app": "dbt", "dbt_version": "1.9.4", "profile_name": "luxe_training", "target_name": "dwh", "node_id": "model.luxe_training.stg_products"} */
create or replace   view luxe_training.dwh.stg_products
  
   as (
    select product_id, sku, category, collection, unit_price, supplier_name from LUXE_TRAINING.RAW.products
  );
[0m02:57:54.853071 [debug] [Thread-5 (]: On model.luxe_training.stg_sales: /* {"app": "dbt", "dbt_version": "1.9.4", "profile_name": "luxe_training", "target_name": "dwh", "node_id": "model.luxe_training.stg_sales"} */
create or replace   view luxe_training.dwh.stg_sales
  
   as (
    select sale_id, sale_date, product_id, store_id, customer_id, channel, quantity, unit_price, sales_amount from LUXE_TRAINING.RAW.sales
  );
[0m02:57:54.853573 [debug] [Thread-2 (]: Opening a new connection, currently in state init
[0m02:57:54.854054 [debug] [Thread-6 (]: On model.luxe_training.stg_stores: /* {"app": "dbt", "dbt_version": "1.9.4", "profile_name": "luxe_training", "target_name": "dwh", "node_id": "model.luxe_training.stg_stores"} */
create or replace   view luxe_training.dwh.stg_stores
  
   as (
    select store_id, store_name, city, country, store_type from LUXE_TRAINING.RAW.stores
  );
[0m02:57:54.854596 [debug] [Thread-3 (]: Opening a new connection, currently in state init
[0m02:57:54.855105 [debug] [Thread-4 (]: Opening a new connection, currently in state init
[0m02:57:54.855604 [debug] [Thread-5 (]: Opening a new connection, currently in state init
[0m02:57:54.856302 [debug] [Thread-6 (]: Opening a new connection, currently in state init
[0m02:57:55.995840 [debug] [Thread-2 (]: SQL status: SUCCESS 1 in 1.142 seconds
[0m02:57:56.021350 [info ] [Thread-2 (]: 1 of 10 OK created sql view model dwh.stg_customers ............................ [[32mSUCCESS 1[0m in 1.28s]
[0m02:57:56.022111 [debug] [Thread-2 (]: Finished running node model.luxe_training.stg_customers
[0m02:57:56.023131 [debug] [Thread-8 (]: Began running node model.luxe_training.dim_customer
[0m02:57:56.023816 [info ] [Thread-8 (]: 6 of 10 START sql table model dwh.dim_customer ................................. [RUN]
[0m02:57:56.024538 [debug] [Thread-8 (]: Acquiring new snowflake connection 'model.luxe_training.dim_customer'
[0m02:57:56.025028 [debug] [Thread-8 (]: Began compiling node model.luxe_training.dim_customer
[0m02:57:56.029236 [debug] [Thread-8 (]: Writing injected SQL for node "model.luxe_training.dim_customer"
[0m02:57:56.029921 [debug] [Thread-8 (]: Began executing node model.luxe_training.dim_customer
[0m02:57:56.054128 [debug] [Thread-8 (]: Writing runtime sql for node "model.luxe_training.dim_customer"
[0m02:57:56.054919 [debug] [Thread-5 (]: SQL status: SUCCESS 1 in 1.199 seconds
[0m02:57:56.057731 [info ] [Thread-5 (]: 4 of 10 OK created sql view model dwh.stg_sales ................................ [[32mSUCCESS 1[0m in 1.31s]
[0m02:57:56.058652 [debug] [Thread-8 (]: Using snowflake connection "model.luxe_training.dim_customer"
[0m02:57:56.059353 [debug] [Thread-3 (]: SQL status: SUCCESS 1 in 1.205 seconds
[0m02:57:56.059980 [debug] [Thread-5 (]: Finished running node model.luxe_training.stg_sales
[0m02:57:56.060537 [debug] [Thread-8 (]: On model.luxe_training.dim_customer: /* {"app": "dbt", "dbt_version": "1.9.4", "profile_name": "luxe_training", "target_name": "dwh", "node_id": "model.luxe_training.dim_customer"} */
create or replace transient table luxe_training.dwh.dim_customer
         as
        (select * from luxe_training.dwh.stg_customers
        );
[0m02:57:56.063055 [info ] [Thread-3 (]: 2 of 10 OK created sql view model dwh.stg_inventory ............................ [[32mSUCCESS 1[0m in 1.32s]
[0m02:57:56.064143 [debug] [Thread-7 (]: Began running node model.luxe_training.fact_sales
[0m02:57:56.064682 [debug] [Thread-8 (]: Opening a new connection, currently in state init
[0m02:57:56.065326 [debug] [Thread-3 (]: Finished running node model.luxe_training.stg_inventory
[0m02:57:56.065933 [info ] [Thread-7 (]: 7 of 10 START sql table model dwh.fact_sales ................................... [RUN]
[0m02:57:56.067113 [debug] [Thread-9 (]: Began running node model.luxe_training.fact_inventory
[0m02:57:56.067804 [debug] [Thread-7 (]: Acquiring new snowflake connection 'model.luxe_training.fact_sales'
[0m02:57:56.068432 [info ] [Thread-9 (]: 8 of 10 START sql table model dwh.fact_inventory ............................... [RUN]
[0m02:57:56.069000 [debug] [Thread-7 (]: Began compiling node model.luxe_training.fact_sales
[0m02:57:56.069629 [debug] [Thread-9 (]: Acquiring new snowflake connection 'model.luxe_training.fact_inventory'
[0m02:57:56.073598 [debug] [Thread-7 (]: Writing injected SQL for node "model.luxe_training.fact_sales"
[0m02:57:56.074147 [debug] [Thread-9 (]: Began compiling node model.luxe_training.fact_inventory
[0m02:57:56.079406 [debug] [Thread-9 (]: Writing injected SQL for node "model.luxe_training.fact_inventory"
[0m02:57:56.079992 [debug] [Thread-7 (]: Began executing node model.luxe_training.fact_sales
[0m02:57:56.080785 [debug] [Thread-4 (]: SQL status: SUCCESS 1 in 1.226 seconds
[0m02:57:56.084807 [debug] [Thread-7 (]: Writing runtime sql for node "model.luxe_training.fact_sales"
[0m02:57:56.085354 [debug] [Thread-9 (]: Began executing node model.luxe_training.fact_inventory
[0m02:57:56.087891 [info ] [Thread-4 (]: 3 of 10 OK created sql view model dwh.stg_products ............................. [[32mSUCCESS 1[0m in 1.34s]
[0m02:57:56.092148 [debug] [Thread-9 (]: Writing runtime sql for node "model.luxe_training.fact_inventory"
[0m02:57:56.092878 [debug] [Thread-7 (]: Using snowflake connection "model.luxe_training.fact_sales"
[0m02:57:56.093561 [debug] [Thread-4 (]: Finished running node model.luxe_training.stg_products
[0m02:57:56.094472 [debug] [Thread-7 (]: On model.luxe_training.fact_sales: /* {"app": "dbt", "dbt_version": "1.9.4", "profile_name": "luxe_training", "target_name": "dwh", "node_id": "model.luxe_training.fact_sales"} */
create or replace transient table luxe_training.dwh.fact_sales
         as
        (select * from luxe_training.dwh.stg_sales
        );
[0m02:57:56.095346 [debug] [Thread-9 (]: Using snowflake connection "model.luxe_training.fact_inventory"
[0m02:57:56.096237 [debug] [Thread-2 (]: Began running node model.luxe_training.dim_product
[0m02:57:56.096744 [debug] [Thread-7 (]: Opening a new connection, currently in state init
[0m02:57:56.097286 [debug] [Thread-9 (]: On model.luxe_training.fact_inventory: /* {"app": "dbt", "dbt_version": "1.9.4", "profile_name": "luxe_training", "target_name": "dwh", "node_id": "model.luxe_training.fact_inventory"} */
create or replace transient table luxe_training.dwh.fact_inventory
         as
        (select * from luxe_training.dwh.stg_inventory
        );
[0m02:57:56.097967 [info ] [Thread-2 (]: 9 of 10 START sql table model dwh.dim_product .................................. [RUN]
[0m02:57:56.098861 [debug] [Thread-9 (]: Opening a new connection, currently in state init
[0m02:57:56.099558 [debug] [Thread-2 (]: Re-using an available connection from the pool (formerly model.luxe_training.stg_customers, now model.luxe_training.dim_product)
[0m02:57:56.100860 [debug] [Thread-2 (]: Began compiling node model.luxe_training.dim_product
[0m02:57:56.104928 [debug] [Thread-2 (]: Writing injected SQL for node "model.luxe_training.dim_product"
[0m02:57:56.105602 [debug] [Thread-2 (]: Began executing node model.luxe_training.dim_product
[0m02:57:56.109529 [debug] [Thread-2 (]: Writing runtime sql for node "model.luxe_training.dim_product"
[0m02:57:56.110228 [debug] [Thread-6 (]: SQL status: SUCCESS 1 in 1.254 seconds
[0m02:57:56.113124 [info ] [Thread-6 (]: 5 of 10 OK created sql view model dwh.stg_stores ............................... [[32mSUCCESS 1[0m in 1.37s]
[0m02:57:56.113888 [debug] [Thread-2 (]: Using snowflake connection "model.luxe_training.dim_product"
[0m02:57:56.114527 [debug] [Thread-6 (]: Finished running node model.luxe_training.stg_stores
[0m02:57:56.115143 [debug] [Thread-2 (]: On model.luxe_training.dim_product: /* {"app": "dbt", "dbt_version": "1.9.4", "profile_name": "luxe_training", "target_name": "dwh", "node_id": "model.luxe_training.dim_product"} */
create or replace transient table luxe_training.dwh.dim_product
         as
        (select * from luxe_training.dwh.stg_products
        );
[0m02:57:56.116118 [debug] [Thread-5 (]: Began running node model.luxe_training.dim_store
[0m02:57:56.116671 [debug] [Thread-2 (]: Opening a new connection, currently in state init
[0m02:57:56.117307 [info ] [Thread-5 (]: 10 of 10 START sql table model dwh.dim_store ................................... [RUN]
[0m02:57:56.118040 [debug] [Thread-5 (]: Re-using an available connection from the pool (formerly model.luxe_training.stg_sales, now model.luxe_training.dim_store)
[0m02:57:56.118623 [debug] [Thread-5 (]: Began compiling node model.luxe_training.dim_store
[0m02:57:56.123360 [debug] [Thread-5 (]: Writing injected SQL for node "model.luxe_training.dim_store"
[0m02:57:56.124660 [debug] [Thread-5 (]: Began executing node model.luxe_training.dim_store
[0m02:57:56.128490 [debug] [Thread-5 (]: Writing runtime sql for node "model.luxe_training.dim_store"
[0m02:57:56.129377 [debug] [Thread-5 (]: Using snowflake connection "model.luxe_training.dim_store"
[0m02:57:56.130310 [debug] [Thread-5 (]: On model.luxe_training.dim_store: /* {"app": "dbt", "dbt_version": "1.9.4", "profile_name": "luxe_training", "target_name": "dwh", "node_id": "model.luxe_training.dim_store"} */
create or replace transient table luxe_training.dwh.dim_store
         as
        (select * from luxe_training.dwh.stg_stores
        );
[0m02:57:56.131197 [debug] [Thread-5 (]: Opening a new connection, currently in state init
[0m02:57:57.401575 [debug] [Thread-9 (]: SQL status: SUCCESS 1 in 1.303 seconds
[0m02:57:57.404561 [info ] [Thread-9 (]: 8 of 10 OK created sql table model dwh.fact_inventory .......................... [[32mSUCCESS 1[0m in 1.33s]
[0m02:57:57.405326 [debug] [Thread-9 (]: Finished running node model.luxe_training.fact_inventory
[0m02:57:57.407043 [debug] [Thread-2 (]: SQL status: SUCCESS 1 in 1.290 seconds
[0m02:57:57.409632 [info ] [Thread-2 (]: 9 of 10 OK created sql table model dwh.dim_product ............................. [[32mSUCCESS 1[0m in 1.31s]
[0m02:57:57.410294 [debug] [Thread-2 (]: Finished running node model.luxe_training.dim_product
[0m02:57:57.420867 [debug] [Thread-8 (]: SQL status: SUCCESS 1 in 1.356 seconds
[0m02:57:57.423487 [info ] [Thread-8 (]: 6 of 10 OK created sql table model dwh.dim_customer ............................ [[32mSUCCESS 1[0m in 1.40s]
[0m02:57:57.424186 [debug] [Thread-8 (]: Finished running node model.luxe_training.dim_customer
[0m02:57:57.433091 [debug] [Thread-5 (]: SQL status: SUCCESS 1 in 1.302 seconds
[0m02:57:57.435926 [info ] [Thread-5 (]: 10 of 10 OK created sql table model dwh.dim_store .............................. [[32mSUCCESS 1[0m in 1.32s]
[0m02:57:57.436649 [debug] [Thread-5 (]: Finished running node model.luxe_training.dim_store
[0m02:57:57.625109 [debug] [Thread-7 (]: SQL status: SUCCESS 1 in 1.528 seconds
[0m02:57:57.627933 [info ] [Thread-7 (]: 7 of 10 OK created sql table model dwh.fact_sales .............................. [[32mSUCCESS 1[0m in 1.56s]
[0m02:57:57.628649 [debug] [Thread-7 (]: Finished running node model.luxe_training.fact_sales
[0m02:57:57.633103 [debug] [Dummy-1   ]: Connection 'master' was properly closed.
[0m02:57:57.633828 [debug] [Dummy-1   ]: Connection 'model.luxe_training.stg_inventory' was properly closed.
[0m02:57:57.634534 [debug] [Dummy-1   ]: Connection 'model.luxe_training.dim_product' was properly closed.
[0m02:57:57.635068 [debug] [Dummy-1   ]: Connection 'model.luxe_training.stg_products' was properly closed.
[0m02:57:57.635473 [debug] [Dummy-1   ]: Connection 'model.luxe_training.dim_store' was properly closed.
[0m02:57:57.635858 [debug] [Dummy-1   ]: Connection 'model.luxe_training.stg_stores' was properly closed.
[0m02:57:57.636250 [debug] [Dummy-1   ]: Connection 'model.luxe_training.dim_customer' was properly closed.
[0m02:57:57.636613 [debug] [Dummy-1   ]: Connection 'model.luxe_training.fact_sales' was properly closed.
[0m02:57:57.636976 [debug] [Dummy-1   ]: Connection 'model.luxe_training.fact_inventory' was properly closed.
[0m02:57:57.637499 [info ] [Dummy-1   ]: 
[0m02:57:57.637952 [info ] [Dummy-1   ]: Finished running 5 table models, 5 view models in 0 hours 0 minutes and 4.21 seconds (4.21s).
[0m02:57:57.639805 [debug] [Dummy-1   ]: Command end result
[0m02:57:57.664286 [debug] [Dummy-1   ]: Wrote artifact WritableManifest to /tmp/dbt/target/manifest.json
[0m02:57:57.665957 [debug] [Dummy-1   ]: Wrote artifact SemanticManifest to /tmp/dbt/target/semantic_manifest.json
[0m02:57:57.672037 [debug] [Dummy-1   ]: Wrote artifact RunExecutionResult to /tmp/dbt/target/run_results.json
[0m02:57:57.672473 [info ] [Dummy-1   ]: 
[0m02:57:57.673005 [info ] [Dummy-1   ]: [32mCompleted successfully[0m
[0m02:57:57.673444 [info ] [Dummy-1   ]: 
[0m02:57:57.673889 [info ] [Dummy-1   ]: Done. PASS=10 WARN=0 ERROR=0 SKIP=0 TOTAL=10
[0m02:57:57.675538 [debug] [Dummy-1   ]: Resource report: {"command_name": "run", "command_success": true, "command_wall_clock_time": 5.5739355, "process_in_blocks": "0", "process_kernel_time": 0.88, "process_mem_max_rss": "485528", "process_out_blocks": "0", "process_user_time": 4.4}
[0m02:57:57.676189 [debug] [Dummy-1   ]: Command `cli run` succeeded at 02:57:57.675920 after 5.57 seconds
[0m02:57:57.676719 [debug] [Dummy-1   ]: Flushing usage events


============================== 03:10:22.001255 | 10d00cf0-0fc2-4714-8d7a-ef3f5e817369 ==============================
[0m03:10:22.001255 [info ] [Dummy-1   ]: Running with dbt=1.9.4
[0m03:10:22.002113 [debug] [Dummy-1   ]: running dbt with arguments {'printer_width': '80', 'indirect_selection': 'eager', 'log_cache_events': 'False', 'write_json': 'True', 'partial_parse': 'True', 'cache_selected_only': 'False', 'profiles_dir': '/tmp/dbt_effective_profiles_f_vuk474', 'version_check': 'True', 'warn_error': 'None', 'log_path': '/tmp/dbt/logs', 'debug': 'False', 'fail_fast': 'False', 'use_colors': 'True', 'use_experimental_parser': 'False', 'empty': 'False', 'quiet': 'False', 'no_print': 'None', 'warn_error_options': 'WarnErrorOptions(include=[], exclude=[])', 'introspect': 'True', 'log_format': 'default', 'static_parser': 'True', 'target_path': 'None', 'invocation_command': 'dbt ', 'send_anonymous_usage_stats': 'False'}
[0m03:10:22.284109 [info ] [Dummy-1   ]: Registered adapter: snowflake=1.9.2
[0m03:10:22.818142 [debug] [Dummy-1   ]: checksum: 7a8296c70615f566de89055485ae13d89ed1d40af3cf21b3b72f2284f73c401a, vars: {}, profile: , target: dwh, version: 1.9.4
[0m03:10:23.040901 [debug] [Dummy-1   ]: Partial parsing enabled: 0 files deleted, 3 files added, 0 files changed.
[0m03:10:23.041692 [debug] [Dummy-1   ]: Partial parsing: added file: luxe_training://models/marts/fact_stock_coverage.sql
[0m03:10:23.042200 [debug] [Dummy-1   ]: Partial parsing: added file: luxe_training://models/marts/int_inventory_current.sql
[0m03:10:23.042685 [debug] [Dummy-1   ]: Partial parsing: added file: luxe_training://models/marts/int_sales_30d.sql
[0m03:10:23.567905 [debug] [Dummy-1   ]: Wrote artifact WritableManifest to /tmp/dbt/target/manifest.json
[0m03:10:23.569890 [debug] [Dummy-1   ]: Wrote artifact SemanticManifest to /tmp/dbt/target/semantic_manifest.json
[0m03:10:23.614672 [info ] [Dummy-1   ]: Found 13 models, 7 data tests, 6 sources, 474 macros
[0m03:10:23.617200 [info ] [Dummy-1   ]: 
[0m03:10:23.617826 [info ] [Dummy-1   ]: Concurrency: 8 threads (target='dwh')
[0m03:10:23.618298 [info ] [Dummy-1   ]: 
[0m03:10:23.619074 [debug] [Dummy-1   ]: Acquiring new snowflake connection 'master'
[0m03:10:23.621355 [debug] [ThreadPool]: Acquiring new snowflake connection 'list_luxe_training'
[0m03:10:23.722112 [debug] [ThreadPool]: Using snowflake connection "list_luxe_training"
[0m03:10:23.722681 [debug] [ThreadPool]: On list_luxe_training: /* {"app": "dbt", "dbt_version": "1.9.4", "profile_name": "luxe_training", "target_name": "dwh", "connection_name": "list_luxe_training"} */
show terse schemas in database luxe_training
    limit 10000
[0m03:10:23.723162 [debug] [ThreadPool]: Opening a new connection, currently in state init
[0m03:10:24.318708 [debug] [ThreadPool]: SQL status: SUCCESS 4 in 0.595 seconds
[0m03:10:24.327528 [debug] [ThreadPool]: Re-using an available connection from the pool (formerly list_luxe_training, now list_luxe_training_dwh)
[0m03:10:24.340705 [debug] [ThreadPool]: Using snowflake connection "list_luxe_training_dwh"
[0m03:10:24.341294 [debug] [ThreadPool]: On list_luxe_training_dwh: /* {"app": "dbt", "dbt_version": "1.9.4", "profile_name": "luxe_training", "target_name": "dwh", "connection_name": "list_luxe_training_dwh"} */
alter session set quoted_identifiers_ignore_case = false;
[0m03:10:24.341767 [debug] [ThreadPool]: Opening a new connection, currently in state init
[0m03:10:24.915682 [debug] [ThreadPool]: SQL status: SUCCESS 1 in 0.574 seconds
[0m03:10:24.920319 [debug] [ThreadPool]: Using snowflake connection "list_luxe_training_dwh"
[0m03:10:24.920899 [debug] [ThreadPool]: On list_luxe_training_dwh: /* {"app": "dbt", "dbt_version": "1.9.4", "profile_name": "luxe_training", "target_name": "dwh", "connection_name": "list_luxe_training_dwh"} */
show objects in luxe_training.dwh
    limit 10000
    
;
[0m03:10:25.121667 [debug] [ThreadPool]: SQL status: SUCCESS 11 in 0.200 seconds
[0m03:10:25.124079 [debug] [ThreadPool]: Using snowflake connection "list_luxe_training_dwh"
[0m03:10:25.124615 [debug] [ThreadPool]: On list_luxe_training_dwh: /* {"app": "dbt", "dbt_version": "1.9.4", "profile_name": "luxe_training", "target_name": "dwh", "connection_name": "list_luxe_training_dwh"} */
alter session unset quoted_identifiers_ignore_case;
[0m03:10:25.198870 [debug] [ThreadPool]: SQL status: SUCCESS 1 in 0.074 seconds
[0m03:10:25.218245 [debug] [Thread-2 (]: Began running node model.luxe_training.fact_stock_coverage
[0m03:10:25.219028 [info ] [Thread-2 (]: 1 of 1 START sql table model dwh.fact_stock_coverage ........................... [RUN]
[0m03:10:25.219752 [debug] [Thread-2 (]: Re-using an available connection from the pool (formerly list_luxe_training_dwh, now model.luxe_training.fact_stock_coverage)
[0m03:10:25.220272 [debug] [Thread-2 (]: Began compiling node model.luxe_training.fact_stock_coverage
[0m03:10:25.230165 [debug] [Thread-2 (]: Writing injected SQL for node "model.luxe_training.fact_stock_coverage"
[0m03:10:25.231006 [debug] [Thread-2 (]: Began executing node model.luxe_training.fact_stock_coverage
[0m03:10:25.264340 [debug] [Thread-2 (]: Writing runtime sql for node "model.luxe_training.fact_stock_coverage"
[0m03:10:25.265861 [debug] [Thread-2 (]: Using snowflake connection "model.luxe_training.fact_stock_coverage"
[0m03:10:25.266442 [debug] [Thread-2 (]: On model.luxe_training.fact_stock_coverage: /* {"app": "dbt", "dbt_version": "1.9.4", "profile_name": "luxe_training", "target_name": "dwh", "node_id": "model.luxe_training.fact_stock_coverage"} */
create or replace transient table luxe_training.dwh.fact_stock_coverage
         as
        (SELECT
    i.product_id,
    i.store_id,
    i.stock_available,
    s.qty_sold_30d,
    s.avg_daily_sales,

    CASE
        WHEN s.avg_daily_sales > 0
        THEN i.stock_available / s.avg_daily_sales
        ELSE NULL
    END AS stock_coverage_days

FROM luxe_training.dwh.int_inventory_current i

LEFT JOIN luxe_training.dwh.int_sales_30d s
    ON i.product_id = s.product_id
    AND i.store_id = s.store_id
        );
[0m03:10:25.266934 [debug] [Thread-2 (]: Opening a new connection, currently in state init
[0m03:10:25.857323 [debug] [Thread-2 (]: Snowflake adapter: Snowflake query id: 01c72102-0002-17c8-0002-c11a000dc35a
[0m03:10:25.857928 [debug] [Thread-2 (]: Snowflake adapter: Snowflake error: 002003 (42S02): SQL compilation error:
Object 'LUXE_TRAINING.DWH.INT_INVENTORY_CURRENT' does not exist or not authorized.
[0m03:10:25.861827 [debug] [Thread-2 (]: Database Error in model fact_stock_coverage (models/marts/fact_stock_coverage.sql)
  002003 (42S02): SQL compilation error:
  Object 'LUXE_TRAINING.DWH.INT_INVENTORY_CURRENT' does not exist or not authorized.
  compiled code at target/run/luxe_training/models/marts/fact_stock_coverage.sql
[0m03:10:25.864466 [error] [Thread-2 (]: 1 of 1 ERROR creating sql table model dwh.fact_stock_coverage .................. [[31mERROR[0m in 0.64s]
[0m03:10:25.865199 [debug] [Thread-2 (]: Finished running node model.luxe_training.fact_stock_coverage
[0m03:10:25.865923 [debug] [Thread-12 ]: Marking all children of 'model.luxe_training.fact_stock_coverage' to be skipped because of status 'error'.  Reason: Database Error in model fact_stock_coverage (models/marts/fact_stock_coverage.sql)
  002003 (42S02): SQL compilation error:
  Object 'LUXE_TRAINING.DWH.INT_INVENTORY_CURRENT' does not exist or not authorized.
  compiled code at target/run/luxe_training/models/marts/fact_stock_coverage.sql.
[0m03:10:25.869928 [debug] [Dummy-1   ]: Connection 'master' was properly closed.
[0m03:10:25.870402 [debug] [Dummy-1   ]: Connection 'model.luxe_training.fact_stock_coverage' was properly closed.
[0m03:10:25.870879 [info ] [Dummy-1   ]: 
[0m03:10:25.871374 [info ] [Dummy-1   ]: Finished running 1 table model in 0 hours 0 minutes and 2.25 seconds (2.25s).
[0m03:10:25.872264 [debug] [Dummy-1   ]: Command end result
[0m03:10:25.897681 [debug] [Dummy-1   ]: Wrote artifact WritableManifest to /tmp/dbt/target/manifest.json
[0m03:10:25.899656 [debug] [Dummy-1   ]: Wrote artifact SemanticManifest to /tmp/dbt/target/semantic_manifest.json
[0m03:10:25.905876 [debug] [Dummy-1   ]: Wrote artifact RunExecutionResult to /tmp/dbt/target/run_results.json
[0m03:10:25.906360 [info ] [Dummy-1   ]: 
[0m03:10:25.906927 [info ] [Dummy-1   ]: [31mCompleted with 1 error, 0 partial successes, and 0 warnings:[0m
[0m03:10:25.907403 [info ] [Dummy-1   ]: 
[0m03:10:25.908041 [error] [Dummy-1   ]:   Database Error in model fact_stock_coverage (models/marts/fact_stock_coverage.sql)
  002003 (42S02): SQL compilation error:
  Object 'LUXE_TRAINING.DWH.INT_INVENTORY_CURRENT' does not exist or not authorized.
  compiled code at target/run/luxe_training/models/marts/fact_stock_coverage.sql
[0m03:10:25.908462 [info ] [Dummy-1   ]: 
[0m03:10:25.908917 [info ] [Dummy-1   ]: Done. PASS=0 WARN=0 ERROR=1 SKIP=0 TOTAL=1
[0m03:10:25.910575 [debug] [Dummy-1   ]: Resource report: {"command_name": "run", "command_success": false, "command_wall_clock_time": 3.9840453, "process_in_blocks": "0", "process_kernel_time": 0.84, "process_mem_max_rss": "538792", "process_out_blocks": "0", "process_user_time": 4.52}
[0m03:10:25.911144 [debug] [Dummy-1   ]: Command `cli run` failed at 03:10:25.910916 after 3.98 seconds
[0m03:10:25.911764 [debug] [Dummy-1   ]: Flushing usage events


============================== 03:10:58.791232 | b3878bb8-9c00-4a42-98cc-970f90220e86 ==============================
[0m03:10:58.791232 [info ] [Dummy-1   ]: Running with dbt=1.9.4
[0m03:10:58.792281 [debug] [Dummy-1   ]: running dbt with arguments {'printer_width': '80', 'indirect_selection': 'eager', 'log_cache_events': 'False', 'write_json': 'True', 'partial_parse': 'True', 'cache_selected_only': 'False', 'warn_error': 'None', 'fail_fast': 'False', 'profiles_dir': '/tmp/dbt_effective_profiles_2jr6nooh', 'log_path': '/tmp/dbt/logs', 'version_check': 'True', 'debug': 'False', 'use_colors': 'True', 'use_experimental_parser': 'False', 'empty': 'False', 'quiet': 'False', 'no_print': 'None', 'warn_error_options': 'WarnErrorOptions(include=[], exclude=[])', 'introspect': 'True', 'log_format': 'default', 'static_parser': 'True', 'target_path': 'None', 'invocation_command': 'dbt ', 'send_anonymous_usage_stats': 'False'}
[0m03:10:59.077467 [info ] [Dummy-1   ]: Registered adapter: snowflake=1.9.2
[0m03:10:59.602306 [debug] [Dummy-1   ]: checksum: 7a8296c70615f566de89055485ae13d89ed1d40af3cf21b3b72f2284f73c401a, vars: {}, profile: , target: dwh, version: 1.9.4
[0m03:10:59.834560 [debug] [Dummy-1   ]: Partial parsing enabled: 0 files deleted, 0 files added, 0 files changed.
[0m03:10:59.835159 [debug] [Dummy-1   ]: Partial parsing enabled, no changes found, skipping parsing
[0m03:11:00.037329 [debug] [Dummy-1   ]: Wrote artifact WritableManifest to /tmp/dbt/target/manifest.json
[0m03:11:00.039336 [debug] [Dummy-1   ]: Wrote artifact SemanticManifest to /tmp/dbt/target/semantic_manifest.json
[0m03:11:00.085048 [info ] [Dummy-1   ]: Found 13 models, 7 data tests, 6 sources, 474 macros
[0m03:11:00.087405 [info ] [Dummy-1   ]: 
[0m03:11:00.087987 [info ] [Dummy-1   ]: Concurrency: 8 threads (target='dwh')
[0m03:11:00.088413 [info ] [Dummy-1   ]: 
[0m03:11:00.089157 [debug] [Dummy-1   ]: Acquiring new snowflake connection 'master'
[0m03:11:00.091427 [debug] [ThreadPool]: Acquiring new snowflake connection 'list_luxe_training'
[0m03:11:00.199024 [debug] [ThreadPool]: Using snowflake connection "list_luxe_training"
[0m03:11:00.199708 [debug] [ThreadPool]: On list_luxe_training: /* {"app": "dbt", "dbt_version": "1.9.4", "profile_name": "luxe_training", "target_name": "dwh", "connection_name": "list_luxe_training"} */
show terse schemas in database luxe_training
    limit 10000
[0m03:11:00.200226 [debug] [ThreadPool]: Opening a new connection, currently in state init
[0m03:11:00.697928 [debug] [ThreadPool]: SQL status: SUCCESS 4 in 0.498 seconds
[0m03:11:00.706265 [debug] [ThreadPool]: Re-using an available connection from the pool (formerly list_luxe_training, now list_luxe_training_dwh)
[0m03:11:00.719154 [debug] [ThreadPool]: Using snowflake connection "list_luxe_training_dwh"
[0m03:11:00.719768 [debug] [ThreadPool]: On list_luxe_training_dwh: /* {"app": "dbt", "dbt_version": "1.9.4", "profile_name": "luxe_training", "target_name": "dwh", "connection_name": "list_luxe_training_dwh"} */
alter session set quoted_identifiers_ignore_case = false;
[0m03:11:00.720245 [debug] [ThreadPool]: Opening a new connection, currently in state init
[0m03:11:01.167674 [debug] [ThreadPool]: SQL status: SUCCESS 1 in 0.447 seconds
[0m03:11:01.172340 [debug] [ThreadPool]: Using snowflake connection "list_luxe_training_dwh"
[0m03:11:01.172888 [debug] [ThreadPool]: On list_luxe_training_dwh: /* {"app": "dbt", "dbt_version": "1.9.4", "profile_name": "luxe_training", "target_name": "dwh", "connection_name": "list_luxe_training_dwh"} */
show objects in luxe_training.dwh
    limit 10000
    
;
[0m03:11:01.336115 [debug] [ThreadPool]: SQL status: SUCCESS 11 in 0.163 seconds
[0m03:11:01.338526 [debug] [ThreadPool]: Using snowflake connection "list_luxe_training_dwh"
[0m03:11:01.339084 [debug] [ThreadPool]: On list_luxe_training_dwh: /* {"app": "dbt", "dbt_version": "1.9.4", "profile_name": "luxe_training", "target_name": "dwh", "connection_name": "list_luxe_training_dwh"} */
alter session unset quoted_identifiers_ignore_case;
[0m03:11:01.405755 [debug] [ThreadPool]: SQL status: SUCCESS 1 in 0.066 seconds
[0m03:11:01.427324 [debug] [Thread-2 (]: Began running node model.luxe_training.int_inventory_current
[0m03:11:01.428327 [info ] [Thread-2 (]: 1 of 1 START sql table model dwh.int_inventory_current ......................... [RUN]
[0m03:11:01.429095 [debug] [Thread-2 (]: Re-using an available connection from the pool (formerly list_luxe_training_dwh, now model.luxe_training.int_inventory_current)
[0m03:11:01.429634 [debug] [Thread-2 (]: Began compiling node model.luxe_training.int_inventory_current
[0m03:11:01.438922 [debug] [Thread-2 (]: Writing injected SQL for node "model.luxe_training.int_inventory_current"
[0m03:11:01.440101 [debug] [Thread-2 (]: Began executing node model.luxe_training.int_inventory_current
[0m03:11:01.475961 [debug] [Thread-2 (]: Writing runtime sql for node "model.luxe_training.int_inventory_current"
[0m03:11:01.477336 [debug] [Thread-2 (]: Using snowflake connection "model.luxe_training.int_inventory_current"
[0m03:11:01.477888 [debug] [Thread-2 (]: On model.luxe_training.int_inventory_current: /* {"app": "dbt", "dbt_version": "1.9.4", "profile_name": "luxe_training", "target_name": "dwh", "node_id": "model.luxe_training.int_inventory_current"} */
create or replace transient table luxe_training.dwh.int_inventory_current
         as
        (SELECT
    product_id,
    store_id,
    stock_qty

FROM luxe_training.dwh.stg_inventory

QUALIFY ROW_NUMBER() OVER (
    PARTITION BY product_id, store_id
    ORDER BY inventory_date DESC
) = 1
        );
[0m03:11:01.478388 [debug] [Thread-2 (]: Opening a new connection, currently in state init
[0m03:11:02.041512 [debug] [Thread-2 (]: Snowflake adapter: Snowflake query id: 01c72103-0002-1a45-0002-c11a000db50e
[0m03:11:02.042180 [debug] [Thread-2 (]: Snowflake adapter: Snowflake error: 000904 (42000): SQL compilation error: error line 12 at position 13
invalid identifier 'INVENTORY_DATE'
[0m03:11:02.046316 [debug] [Thread-2 (]: Database Error in model int_inventory_current (models/marts/int_inventory_current.sql)
  000904 (42000): SQL compilation error: error line 12 at position 13
  invalid identifier 'INVENTORY_DATE'
  compiled code at target/run/luxe_training/models/marts/int_inventory_current.sql
[0m03:11:02.049315 [error] [Thread-2 (]: 1 of 1 ERROR creating sql table model dwh.int_inventory_current ................ [[31mERROR[0m in 0.62s]
[0m03:11:02.050133 [debug] [Thread-2 (]: Finished running node model.luxe_training.int_inventory_current
[0m03:11:02.050931 [debug] [Thread-12 ]: Marking all children of 'model.luxe_training.int_inventory_current' to be skipped because of status 'error'.  Reason: Database Error in model int_inventory_current (models/marts/int_inventory_current.sql)
  000904 (42000): SQL compilation error: error line 12 at position 13
  invalid identifier 'INVENTORY_DATE'
  compiled code at target/run/luxe_training/models/marts/int_inventory_current.sql.
[0m03:11:02.055390 [debug] [Dummy-1   ]: Connection 'master' was properly closed.
[0m03:11:02.056025 [debug] [Dummy-1   ]: Connection 'model.luxe_training.int_inventory_current' was properly closed.
[0m03:11:02.056523 [info ] [Dummy-1   ]: 
[0m03:11:02.057055 [info ] [Dummy-1   ]: Finished running 1 table model in 0 hours 0 minutes and 1.97 seconds (1.97s).
[0m03:11:02.057949 [debug] [Dummy-1   ]: Command end result
[0m03:11:02.084737 [debug] [Dummy-1   ]: Wrote artifact WritableManifest to /tmp/dbt/target/manifest.json
[0m03:11:02.086812 [debug] [Dummy-1   ]: Wrote artifact SemanticManifest to /tmp/dbt/target/semantic_manifest.json
[0m03:11:02.093086 [debug] [Dummy-1   ]: Wrote artifact RunExecutionResult to /tmp/dbt/target/run_results.json
[0m03:11:02.093575 [info ] [Dummy-1   ]: 
[0m03:11:02.094162 [info ] [Dummy-1   ]: [31mCompleted with 1 error, 0 partial successes, and 0 warnings:[0m
[0m03:11:02.094634 [info ] [Dummy-1   ]: 
[0m03:11:02.095213 [error] [Dummy-1   ]:   Database Error in model int_inventory_current (models/marts/int_inventory_current.sql)
  000904 (42000): SQL compilation error: error line 12 at position 13
  invalid identifier 'INVENTORY_DATE'
  compiled code at target/run/luxe_training/models/marts/int_inventory_current.sql
[0m03:11:02.095687 [info ] [Dummy-1   ]: 
[0m03:11:02.096200 [info ] [Dummy-1   ]: Done. PASS=0 WARN=0 ERROR=1 SKIP=0 TOTAL=1
[0m03:11:02.097948 [debug] [Dummy-1   ]: Resource report: {"command_name": "run", "command_success": false, "command_wall_clock_time": 3.38349, "process_in_blocks": "0", "process_kernel_time": 0.74, "process_mem_max_rss": "475632", "process_out_blocks": "0", "process_user_time": 4.3}
[0m03:11:02.098594 [debug] [Dummy-1   ]: Command `cli run` failed at 03:11:02.098338 after 3.38 seconds
[0m03:11:02.099142 [debug] [Dummy-1   ]: Flushing usage events


============================== 03:11:39.822430 | e67334bb-1d10-4d6c-85c2-a625297b1e23 ==============================
[0m03:11:39.822430 [info ] [Dummy-1   ]: Running with dbt=1.9.4
[0m03:11:39.823296 [debug] [Dummy-1   ]: running dbt with arguments {'printer_width': '80', 'indirect_selection': 'eager', 'write_json': 'True', 'log_cache_events': 'False', 'partial_parse': 'True', 'cache_selected_only': 'False', 'warn_error': 'None', 'version_check': 'True', 'fail_fast': 'False', 'log_path': '/tmp/dbt/logs', 'debug': 'False', 'profiles_dir': '/tmp/dbt_effective_profiles_x_jn6wpd', 'use_colors': 'True', 'use_experimental_parser': 'False', 'no_print': 'None', 'quiet': 'False', 'empty': 'False', 'warn_error_options': 'WarnErrorOptions(include=[], exclude=[])', 'static_parser': 'True', 'log_format': 'default', 'introspect': 'True', 'target_path': 'None', 'invocation_command': 'dbt ', 'send_anonymous_usage_stats': 'False'}
[0m03:11:40.094407 [info ] [Dummy-1   ]: Registered adapter: snowflake=1.9.2
[0m03:11:40.644210 [debug] [Dummy-1   ]: checksum: 7a8296c70615f566de89055485ae13d89ed1d40af3cf21b3b72f2284f73c401a, vars: {}, profile: , target: dwh, version: 1.9.4
[0m03:11:40.878818 [debug] [Dummy-1   ]: Partial parsing enabled: 0 files deleted, 0 files added, 0 files changed.
[0m03:11:40.879361 [debug] [Dummy-1   ]: Partial parsing enabled, no changes found, skipping parsing
[0m03:11:41.072888 [debug] [Dummy-1   ]: Wrote artifact WritableManifest to /tmp/dbt/target/manifest.json
[0m03:11:41.074931 [debug] [Dummy-1   ]: Wrote artifact SemanticManifest to /tmp/dbt/target/semantic_manifest.json
[0m03:11:41.110663 [info ] [Dummy-1   ]: Found 13 models, 7 data tests, 6 sources, 474 macros
[0m03:11:41.113427 [info ] [Dummy-1   ]: 
[0m03:11:41.114018 [info ] [Dummy-1   ]: Concurrency: 8 threads (target='dwh')
[0m03:11:41.114433 [info ] [Dummy-1   ]: 
[0m03:11:41.115638 [debug] [Dummy-1   ]: Acquiring new snowflake connection 'master'
[0m03:11:41.122583 [debug] [ThreadPool]: Acquiring new snowflake connection 'list_luxe_training_dwh'
[0m03:11:41.228999 [debug] [ThreadPool]: Using snowflake connection "list_luxe_training_dwh"
[0m03:11:41.229593 [debug] [ThreadPool]: On list_luxe_training_dwh: /* {"app": "dbt", "dbt_version": "1.9.4", "profile_name": "luxe_training", "target_name": "dwh", "connection_name": "list_luxe_training_dwh"} */
alter session set quoted_identifiers_ignore_case = false;
[0m03:11:41.230105 [debug] [ThreadPool]: Opening a new connection, currently in state init
[0m03:11:41.810773 [debug] [ThreadPool]: SQL status: SUCCESS 1 in 0.581 seconds
[0m03:11:41.815482 [debug] [ThreadPool]: Using snowflake connection "list_luxe_training_dwh"
[0m03:11:41.816118 [debug] [ThreadPool]: On list_luxe_training_dwh: /* {"app": "dbt", "dbt_version": "1.9.4", "profile_name": "luxe_training", "target_name": "dwh", "connection_name": "list_luxe_training_dwh"} */
show objects in luxe_training.dwh
    limit 10000
    
;
[0m03:11:41.967080 [debug] [ThreadPool]: SQL status: SUCCESS 11 in 0.150 seconds
[0m03:11:41.969548 [debug] [ThreadPool]: Using snowflake connection "list_luxe_training_dwh"
[0m03:11:41.970057 [debug] [ThreadPool]: On list_luxe_training_dwh: /* {"app": "dbt", "dbt_version": "1.9.4", "profile_name": "luxe_training", "target_name": "dwh", "connection_name": "list_luxe_training_dwh"} */
alter session unset quoted_identifiers_ignore_case;
[0m03:11:42.044005 [debug] [ThreadPool]: SQL status: SUCCESS 1 in 0.073 seconds
[0m03:11:42.064019 [debug] [Thread-2 (]: Began running node model.luxe_training.stg_customers
[0m03:11:42.064693 [debug] [Thread-3 (]: Began running node model.luxe_training.stg_inventory
[0m03:11:42.065281 [debug] [Thread-4 (]: Began running node model.luxe_training.stg_products
[0m03:11:42.065869 [debug] [Thread-5 (]: Began running node model.luxe_training.stg_sales
[0m03:11:42.066416 [debug] [Thread-6 (]: Began running node model.luxe_training.stg_stores
[0m03:11:42.067111 [debug] [Thread-2 (]: Re-using an available connection from the pool (formerly list_luxe_training_dwh, now model.luxe_training.stg_customers)
[0m03:11:42.067895 [debug] [Thread-3 (]: Acquiring new snowflake connection 'model.luxe_training.stg_inventory'
[0m03:11:42.068560 [debug] [Thread-4 (]: Acquiring new snowflake connection 'model.luxe_training.stg_products'
[0m03:11:42.069210 [debug] [Thread-5 (]: Acquiring new snowflake connection 'model.luxe_training.stg_sales'
[0m03:11:42.069862 [debug] [Thread-6 (]: Acquiring new snowflake connection 'model.luxe_training.stg_stores'
[0m03:11:42.070372 [debug] [Thread-2 (]: Began compiling node model.luxe_training.stg_customers
[0m03:11:42.070879 [debug] [Thread-3 (]: Began compiling node model.luxe_training.stg_inventory
[0m03:11:42.071348 [debug] [Thread-4 (]: Began compiling node model.luxe_training.stg_products
[0m03:11:42.071916 [debug] [Thread-5 (]: Began compiling node model.luxe_training.stg_sales
[0m03:11:42.072413 [debug] [Thread-6 (]: Began compiling node model.luxe_training.stg_stores
[0m03:11:42.081497 [debug] [Thread-2 (]: Writing injected SQL for node "model.luxe_training.stg_customers"
[0m03:11:42.085968 [debug] [Thread-3 (]: Writing injected SQL for node "model.luxe_training.stg_inventory"
[0m03:11:42.091663 [debug] [Thread-4 (]: Writing injected SQL for node "model.luxe_training.stg_products"
[0m03:11:42.096157 [debug] [Thread-5 (]: Writing injected SQL for node "model.luxe_training.stg_sales"
[0m03:11:42.100611 [debug] [Thread-6 (]: Writing injected SQL for node "model.luxe_training.stg_stores"
[0m03:11:42.101919 [debug] [Thread-2 (]: Began executing node model.luxe_training.stg_customers
[0m03:11:42.102752 [debug] [Thread-3 (]: Began executing node model.luxe_training.stg_inventory
[0m03:11:42.103520 [debug] [Thread-4 (]: Began executing node model.luxe_training.stg_products
[0m03:11:42.104425 [debug] [Thread-5 (]: Began executing node model.luxe_training.stg_sales
[0m03:11:42.105412 [debug] [Thread-2 (]: Finished running node model.luxe_training.stg_customers
[0m03:11:42.105920 [debug] [Thread-6 (]: Began executing node model.luxe_training.stg_stores
[0m03:11:42.106654 [debug] [Thread-3 (]: Finished running node model.luxe_training.stg_inventory
[0m03:11:42.107412 [debug] [Thread-4 (]: Finished running node model.luxe_training.stg_products
[0m03:11:42.108290 [debug] [Thread-5 (]: Finished running node model.luxe_training.stg_sales
[0m03:11:42.109347 [debug] [Thread-8 (]: Began running node model.luxe_training.dim_customer
[0m03:11:42.110148 [debug] [Thread-6 (]: Finished running node model.luxe_training.stg_stores
[0m03:11:42.111193 [debug] [Thread-7 (]: Began running node model.luxe_training.fact_inventory
[0m03:11:42.111790 [debug] [Thread-2 (]: Began running node model.luxe_training.int_inventory_current
[0m03:11:42.112641 [debug] [Thread-3 (]: Began running node model.luxe_training.dim_product
[0m03:11:42.113534 [debug] [Thread-4 (]: Began running node model.luxe_training.fact_sales
[0m03:11:42.114166 [debug] [Thread-9 (]: Began running node model.luxe_training.int_sales_30d
[0m03:11:42.114974 [debug] [Thread-8 (]: Acquiring new snowflake connection 'model.luxe_training.dim_customer'
[0m03:11:42.115938 [debug] [Thread-5 (]: Began running node model.luxe_training.dim_store
[0m03:11:42.116663 [debug] [Thread-7 (]: Acquiring new snowflake connection 'model.luxe_training.fact_inventory'
[0m03:11:42.117257 [debug] [Thread-2 (]: Re-using an available connection from the pool (formerly model.luxe_training.stg_customers, now model.luxe_training.int_inventory_current)
[0m03:11:42.117820 [debug] [Thread-3 (]: Re-using an available connection from the pool (formerly model.luxe_training.stg_inventory, now model.luxe_training.dim_product)
[0m03:11:42.118378 [debug] [Thread-4 (]: Re-using an available connection from the pool (formerly model.luxe_training.stg_products, now model.luxe_training.fact_sales)
[0m03:11:42.119238 [debug] [Thread-9 (]: Acquiring new snowflake connection 'model.luxe_training.int_sales_30d'
[0m03:11:42.119826 [debug] [Thread-8 (]: Began compiling node model.luxe_training.dim_customer
[0m03:11:42.120419 [debug] [Thread-5 (]: Re-using an available connection from the pool (formerly model.luxe_training.stg_sales, now model.luxe_training.dim_store)
[0m03:11:42.120905 [debug] [Thread-7 (]: Began compiling node model.luxe_training.fact_inventory
[0m03:11:42.121372 [debug] [Thread-2 (]: Began compiling node model.luxe_training.int_inventory_current
[0m03:11:42.121857 [debug] [Thread-3 (]: Began compiling node model.luxe_training.dim_product
[0m03:11:42.122308 [debug] [Thread-4 (]: Began compiling node model.luxe_training.fact_sales
[0m03:11:42.122759 [debug] [Thread-9 (]: Began compiling node model.luxe_training.int_sales_30d
[0m03:11:42.127326 [debug] [Thread-8 (]: Writing injected SQL for node "model.luxe_training.dim_customer"
[0m03:11:42.128028 [debug] [Thread-5 (]: Began compiling node model.luxe_training.dim_store
[0m03:11:42.132671 [debug] [Thread-7 (]: Writing injected SQL for node "model.luxe_training.fact_inventory"
[0m03:11:42.138663 [debug] [Thread-2 (]: Writing injected SQL for node "model.luxe_training.int_inventory_current"
[0m03:11:42.143147 [debug] [Thread-3 (]: Writing injected SQL for node "model.luxe_training.dim_product"
[0m03:11:42.147450 [debug] [Thread-4 (]: Writing injected SQL for node "model.luxe_training.fact_sales"
[0m03:11:42.159778 [debug] [Thread-2 (]: Began executing node model.luxe_training.int_inventory_current
[0m03:11:42.156917 [debug] [Thread-5 (]: Writing injected SQL for node "model.luxe_training.dim_store"
[0m03:11:42.157556 [debug] [Thread-8 (]: Began executing node model.luxe_training.dim_customer
[0m03:11:42.158702 [debug] [Thread-7 (]: Began executing node model.luxe_training.fact_inventory
[0m03:11:42.152034 [debug] [Thread-9 (]: Writing injected SQL for node "model.luxe_training.int_sales_30d"
[0m03:11:42.160557 [debug] [Thread-3 (]: Began executing node model.luxe_training.dim_product
[0m03:11:42.161529 [debug] [Thread-2 (]: Finished running node model.luxe_training.int_inventory_current
[0m03:11:42.162174 [debug] [Thread-4 (]: Began executing node model.luxe_training.fact_sales
[0m03:11:42.163238 [debug] [Thread-8 (]: Finished running node model.luxe_training.dim_customer
[0m03:11:42.163860 [debug] [Thread-5 (]: Began executing node model.luxe_training.dim_store
[0m03:11:42.164700 [debug] [Thread-7 (]: Finished running node model.luxe_training.fact_inventory
[0m03:11:42.165817 [debug] [Thread-3 (]: Finished running node model.luxe_training.dim_product
[0m03:11:42.166403 [debug] [Thread-9 (]: Began executing node model.luxe_training.int_sales_30d
[0m03:11:42.167442 [debug] [Thread-4 (]: Finished running node model.luxe_training.fact_sales
[0m03:11:42.168610 [debug] [Thread-5 (]: Finished running node model.luxe_training.dim_store
[0m03:11:42.169865 [debug] [Thread-6 (]: Began running node test.luxe_training.not_null_dim_product_product_id.02b1f06816
[0m03:11:42.170442 [debug] [Thread-2 (]: Began running node test.luxe_training.unique_dim_product_product_id.46495bf7fe
[0m03:11:42.171166 [debug] [Thread-9 (]: Finished running node model.luxe_training.int_sales_30d
[0m03:11:42.172169 [debug] [Thread-7 (]: Began running node test.luxe_training.not_null_fact_sales_quantity.123217c37f
[0m03:11:42.172707 [debug] [Thread-3 (]: Began running node test.luxe_training.not_null_fact_sales_sale_id.ea1dca7100
[0m03:11:42.173220 [debug] [Thread-8 (]: Began running node test.luxe_training.unique_fact_sales_sale_id.16dc554bac
[0m03:11:42.173983 [debug] [Thread-5 (]: Began running node test.luxe_training.not_null_dim_store_store_id.8cb7c6ace0
[0m03:11:42.174485 [debug] [Thread-4 (]: Began running node test.luxe_training.unique_dim_store_store_id.90e408e197
[0m03:11:42.175086 [debug] [Thread-6 (]: Re-using an available connection from the pool (formerly model.luxe_training.stg_stores, now test.luxe_training.not_null_dim_product_product_id.02b1f06816)
[0m03:11:42.175733 [debug] [Thread-2 (]: Re-using an available connection from the pool (formerly model.luxe_training.int_inventory_current, now test.luxe_training.unique_dim_product_product_id.46495bf7fe)
[0m03:11:42.176597 [debug] [Thread-9 (]: Began running node model.luxe_training.fact_stock_coverage
[0m03:11:42.177195 [debug] [Thread-7 (]: Re-using an available connection from the pool (formerly model.luxe_training.fact_inventory, now test.luxe_training.not_null_fact_sales_quantity.123217c37f)
[0m03:11:42.177769 [debug] [Thread-3 (]: Re-using an available connection from the pool (formerly model.luxe_training.dim_product, now test.luxe_training.not_null_fact_sales_sale_id.ea1dca7100)
[0m03:11:42.178302 [debug] [Thread-8 (]: Re-using an available connection from the pool (formerly model.luxe_training.dim_customer, now test.luxe_training.unique_fact_sales_sale_id.16dc554bac)
[0m03:11:42.178841 [debug] [Thread-5 (]: Re-using an available connection from the pool (formerly model.luxe_training.dim_store, now test.luxe_training.not_null_dim_store_store_id.8cb7c6ace0)
[0m03:11:42.179511 [debug] [Thread-4 (]: Re-using an available connection from the pool (formerly model.luxe_training.fact_sales, now test.luxe_training.unique_dim_store_store_id.90e408e197)
[0m03:11:42.180147 [debug] [Thread-6 (]: Began compiling node test.luxe_training.not_null_dim_product_product_id.02b1f06816
[0m03:11:42.180682 [debug] [Thread-2 (]: Began compiling node test.luxe_training.unique_dim_product_product_id.46495bf7fe
[0m03:11:42.181301 [debug] [Thread-9 (]: Re-using an available connection from the pool (formerly model.luxe_training.int_sales_30d, now model.luxe_training.fact_stock_coverage)
[0m03:11:42.181821 [debug] [Thread-7 (]: Began compiling node test.luxe_training.not_null_fact_sales_quantity.123217c37f
[0m03:11:42.182293 [debug] [Thread-3 (]: Began compiling node test.luxe_training.not_null_fact_sales_sale_id.ea1dca7100
[0m03:11:42.182823 [debug] [Thread-8 (]: Began compiling node test.luxe_training.unique_fact_sales_sale_id.16dc554bac
[0m03:11:42.183378 [debug] [Thread-5 (]: Began compiling node test.luxe_training.not_null_dim_store_store_id.8cb7c6ace0
[0m03:11:42.184019 [debug] [Thread-4 (]: Began compiling node test.luxe_training.unique_dim_store_store_id.90e408e197
[0m03:11:42.199855 [debug] [Thread-6 (]: Writing injected SQL for node "test.luxe_training.not_null_dim_product_product_id.02b1f06816"
[0m03:11:42.208422 [debug] [Thread-2 (]: Writing injected SQL for node "test.luxe_training.unique_dim_product_product_id.46495bf7fe"
[0m03:11:42.209064 [debug] [Thread-9 (]: Began compiling node model.luxe_training.fact_stock_coverage
[0m03:11:42.214673 [debug] [Thread-7 (]: Writing injected SQL for node "test.luxe_training.not_null_fact_sales_quantity.123217c37f"
[0m03:11:42.220693 [debug] [Thread-3 (]: Writing injected SQL for node "test.luxe_training.not_null_fact_sales_sale_id.ea1dca7100"
[0m03:11:42.226501 [debug] [Thread-8 (]: Writing injected SQL for node "test.luxe_training.unique_fact_sales_sale_id.16dc554bac"
[0m03:11:42.234186 [debug] [Thread-5 (]: Writing injected SQL for node "test.luxe_training.not_null_dim_store_store_id.8cb7c6ace0"
[0m03:11:42.240387 [debug] [Thread-4 (]: Writing injected SQL for node "test.luxe_training.unique_dim_store_store_id.90e408e197"
[0m03:11:42.245615 [debug] [Thread-9 (]: Writing injected SQL for node "model.luxe_training.fact_stock_coverage"
[0m03:11:42.246177 [debug] [Thread-6 (]: Began executing node test.luxe_training.not_null_dim_product_product_id.02b1f06816
[0m03:11:42.246829 [debug] [Thread-2 (]: Began executing node test.luxe_training.unique_dim_product_product_id.46495bf7fe
[0m03:11:42.247957 [debug] [Thread-7 (]: Began executing node test.luxe_training.not_null_fact_sales_quantity.123217c37f
[0m03:11:42.248718 [debug] [Thread-3 (]: Began executing node test.luxe_training.not_null_fact_sales_sale_id.ea1dca7100
[0m03:11:42.249505 [debug] [Thread-8 (]: Began executing node test.luxe_training.unique_fact_sales_sale_id.16dc554bac
[0m03:11:42.250293 [debug] [Thread-5 (]: Began executing node test.luxe_training.not_null_dim_store_store_id.8cb7c6ace0
[0m03:11:42.251112 [debug] [Thread-4 (]: Began executing node test.luxe_training.unique_dim_store_store_id.90e408e197
[0m03:11:42.252070 [debug] [Thread-6 (]: Finished running node test.luxe_training.not_null_dim_product_product_id.02b1f06816
[0m03:11:42.252674 [debug] [Thread-9 (]: Began executing node model.luxe_training.fact_stock_coverage
[0m03:11:42.253469 [debug] [Thread-2 (]: Finished running node test.luxe_training.unique_dim_product_product_id.46495bf7fe
[0m03:11:42.254206 [debug] [Thread-7 (]: Finished running node test.luxe_training.not_null_fact_sales_quantity.123217c37f
[0m03:11:42.254939 [debug] [Thread-3 (]: Finished running node test.luxe_training.not_null_fact_sales_sale_id.ea1dca7100
[0m03:11:42.255805 [debug] [Thread-8 (]: Finished running node test.luxe_training.unique_fact_sales_sale_id.16dc554bac
[0m03:11:42.256574 [debug] [Thread-5 (]: Finished running node test.luxe_training.not_null_dim_store_store_id.8cb7c6ace0
[0m03:11:42.257287 [debug] [Thread-4 (]: Finished running node test.luxe_training.unique_dim_store_store_id.90e408e197
[0m03:11:42.258203 [debug] [Thread-9 (]: Finished running node model.luxe_training.fact_stock_coverage
[0m03:11:42.262642 [debug] [Dummy-1   ]: Connection 'master' was properly closed.
[0m03:11:42.263171 [debug] [Dummy-1   ]: Connection 'test.luxe_training.unique_dim_product_product_id.46495bf7fe' was properly closed.
[0m03:11:42.263637 [debug] [Dummy-1   ]: Connection 'test.luxe_training.not_null_fact_sales_sale_id.ea1dca7100' was properly closed.
[0m03:11:42.264057 [debug] [Dummy-1   ]: Connection 'test.luxe_training.unique_dim_store_store_id.90e408e197' was properly closed.
[0m03:11:42.264444 [debug] [Dummy-1   ]: Connection 'test.luxe_training.not_null_dim_store_store_id.8cb7c6ace0' was properly closed.
[0m03:11:42.264832 [debug] [Dummy-1   ]: Connection 'test.luxe_training.not_null_dim_product_product_id.02b1f06816' was properly closed.
[0m03:11:42.265192 [debug] [Dummy-1   ]: Connection 'test.luxe_training.unique_fact_sales_sale_id.16dc554bac' was properly closed.
[0m03:11:42.265553 [debug] [Dummy-1   ]: Connection 'test.luxe_training.not_null_fact_sales_quantity.123217c37f' was properly closed.
[0m03:11:42.265922 [debug] [Dummy-1   ]: Connection 'model.luxe_training.fact_stock_coverage' was properly closed.
[0m03:11:42.268717 [debug] [Dummy-1   ]: Command end result
[0m03:11:42.295277 [debug] [Dummy-1   ]: Wrote artifact WritableManifest to /tmp/dbt/target/manifest.json
[0m03:11:42.297380 [debug] [Dummy-1   ]: Wrote artifact SemanticManifest to /tmp/dbt/target/semantic_manifest.json
[0m03:11:42.305031 [debug] [Dummy-1   ]: Wrote artifact RunExecutionResult to /tmp/dbt/target/run_results.json
[0m03:11:42.306836 [debug] [Dummy-1   ]: Resource report: {"command_name": "compile", "command_success": true, "command_wall_clock_time": 2.55825, "process_in_blocks": "0", "process_kernel_time": 0.82, "process_mem_max_rss": "486128", "process_out_blocks": "0", "process_user_time": 4.19}
[0m03:11:42.307491 [debug] [Dummy-1   ]: Command `cli compile` succeeded at 03:11:42.307237 after 2.56 seconds
[0m03:11:42.308120 [debug] [Dummy-1   ]: Flushing usage events


============================== 03:22:11.950322 | 2b06530e-6fba-40bf-b24b-5aed7b3908d4 ==============================
[0m03:22:11.950322 [info ] [Dummy-1   ]: Running with dbt=1.9.4
[0m03:22:11.951178 [debug] [Dummy-1   ]: running dbt with arguments {'printer_width': '80', 'indirect_selection': 'eager', 'write_json': 'True', 'log_cache_events': 'False', 'partial_parse': 'True', 'cache_selected_only': 'False', 'profiles_dir': '/tmp/dbt_effective_profiles_qmm82c68', 'debug': 'False', 'warn_error': 'None', 'log_path': '/tmp/dbt/logs', 'fail_fast': 'False', 'version_check': 'True', 'use_colors': 'True', 'use_experimental_parser': 'False', 'empty': 'False', 'quiet': 'False', 'no_print': 'None', 'log_format': 'default', 'introspect': 'True', 'warn_error_options': 'WarnErrorOptions(include=[], exclude=[])', 'static_parser': 'True', 'target_path': 'None', 'invocation_command': 'dbt ', 'send_anonymous_usage_stats': 'False'}
[0m03:22:12.225313 [info ] [Dummy-1   ]: Registered adapter: snowflake=1.9.2
[0m03:22:12.777841 [debug] [Dummy-1   ]: checksum: 7a8296c70615f566de89055485ae13d89ed1d40af3cf21b3b72f2284f73c401a, vars: {}, profile: , target: dwh, version: 1.9.4
[0m03:22:12.999356 [debug] [Dummy-1   ]: Partial parsing enabled: 0 files deleted, 0 files added, 1 files changed.
[0m03:22:13.000351 [debug] [Dummy-1   ]: Partial parsing: updated file: luxe_training://models/marts/int_inventory_current.sql
[0m03:22:13.505739 [debug] [Dummy-1   ]: Wrote artifact WritableManifest to /tmp/dbt/target/manifest.json
[0m03:22:13.507800 [debug] [Dummy-1   ]: Wrote artifact SemanticManifest to /tmp/dbt/target/semantic_manifest.json
[0m03:22:13.542476 [info ] [Dummy-1   ]: Found 13 models, 7 data tests, 6 sources, 474 macros
[0m03:22:13.545301 [info ] [Dummy-1   ]: 
[0m03:22:13.545807 [info ] [Dummy-1   ]: Concurrency: 8 threads (target='dwh')
[0m03:22:13.546238 [info ] [Dummy-1   ]: 
[0m03:22:13.546967 [debug] [Dummy-1   ]: Acquiring new snowflake connection 'master'
[0m03:22:13.553624 [debug] [ThreadPool]: Acquiring new snowflake connection 'list_luxe_training_dwh'
[0m03:22:13.652904 [debug] [ThreadPool]: Using snowflake connection "list_luxe_training_dwh"
[0m03:22:13.653499 [debug] [ThreadPool]: On list_luxe_training_dwh: /* {"app": "dbt", "dbt_version": "1.9.4", "profile_name": "luxe_training", "target_name": "dwh", "connection_name": "list_luxe_training_dwh"} */
alter session set quoted_identifiers_ignore_case = false;
[0m03:22:13.653983 [debug] [ThreadPool]: Opening a new connection, currently in state init
[0m03:22:14.185279 [debug] [ThreadPool]: SQL status: SUCCESS 1 in 0.531 seconds
[0m03:22:14.189780 [debug] [ThreadPool]: Using snowflake connection "list_luxe_training_dwh"
[0m03:22:14.190279 [debug] [ThreadPool]: On list_luxe_training_dwh: /* {"app": "dbt", "dbt_version": "1.9.4", "profile_name": "luxe_training", "target_name": "dwh", "connection_name": "list_luxe_training_dwh"} */
show objects in luxe_training.dwh
    limit 10000
    
;
[0m03:22:14.297581 [debug] [ThreadPool]: SQL status: SUCCESS 11 in 0.107 seconds
[0m03:22:14.299933 [debug] [ThreadPool]: Using snowflake connection "list_luxe_training_dwh"
[0m03:22:14.300499 [debug] [ThreadPool]: On list_luxe_training_dwh: /* {"app": "dbt", "dbt_version": "1.9.4", "profile_name": "luxe_training", "target_name": "dwh", "connection_name": "list_luxe_training_dwh"} */
alter session unset quoted_identifiers_ignore_case;
[0m03:22:14.357109 [debug] [ThreadPool]: SQL status: SUCCESS 1 in 0.056 seconds
[0m03:22:14.376490 [debug] [Thread-2 (]: Began running node model.luxe_training.stg_customers
[0m03:22:14.377092 [debug] [Thread-3 (]: Began running node model.luxe_training.stg_inventory
[0m03:22:14.377716 [debug] [Thread-4 (]: Began running node model.luxe_training.stg_products
[0m03:22:14.378305 [debug] [Thread-5 (]: Began running node model.luxe_training.stg_sales
[0m03:22:14.378851 [debug] [Thread-6 (]: Began running node model.luxe_training.stg_stores
[0m03:22:14.379473 [debug] [Thread-2 (]: Re-using an available connection from the pool (formerly list_luxe_training_dwh, now model.luxe_training.stg_customers)
[0m03:22:14.380198 [debug] [Thread-3 (]: Acquiring new snowflake connection 'model.luxe_training.stg_inventory'
[0m03:22:14.380865 [debug] [Thread-4 (]: Acquiring new snowflake connection 'model.luxe_training.stg_products'
[0m03:22:14.381493 [debug] [Thread-5 (]: Acquiring new snowflake connection 'model.luxe_training.stg_sales'
[0m03:22:14.382099 [debug] [Thread-6 (]: Acquiring new snowflake connection 'model.luxe_training.stg_stores'
[0m03:22:14.382599 [debug] [Thread-2 (]: Began compiling node model.luxe_training.stg_customers
[0m03:22:14.383099 [debug] [Thread-3 (]: Began compiling node model.luxe_training.stg_inventory
[0m03:22:14.383595 [debug] [Thread-4 (]: Began compiling node model.luxe_training.stg_products
[0m03:22:14.384163 [debug] [Thread-5 (]: Began compiling node model.luxe_training.stg_sales
[0m03:22:14.384685 [debug] [Thread-6 (]: Began compiling node model.luxe_training.stg_stores
[0m03:22:14.393800 [debug] [Thread-2 (]: Writing injected SQL for node "model.luxe_training.stg_customers"
[0m03:22:14.397923 [debug] [Thread-3 (]: Writing injected SQL for node "model.luxe_training.stg_inventory"
[0m03:22:14.401996 [debug] [Thread-4 (]: Writing injected SQL for node "model.luxe_training.stg_products"
[0m03:22:14.406074 [debug] [Thread-5 (]: Writing injected SQL for node "model.luxe_training.stg_sales"
[0m03:22:14.410080 [debug] [Thread-6 (]: Writing injected SQL for node "model.luxe_training.stg_stores"
[0m03:22:14.411185 [debug] [Thread-2 (]: Began executing node model.luxe_training.stg_customers
[0m03:22:14.412085 [debug] [Thread-3 (]: Began executing node model.luxe_training.stg_inventory
[0m03:22:14.412920 [debug] [Thread-4 (]: Began executing node model.luxe_training.stg_products
[0m03:22:14.413878 [debug] [Thread-5 (]: Began executing node model.luxe_training.stg_sales
[0m03:22:14.414842 [debug] [Thread-2 (]: Finished running node model.luxe_training.stg_customers
[0m03:22:14.415419 [debug] [Thread-6 (]: Began executing node model.luxe_training.stg_stores
[0m03:22:14.416241 [debug] [Thread-3 (]: Finished running node model.luxe_training.stg_inventory
[0m03:22:14.417037 [debug] [Thread-4 (]: Finished running node model.luxe_training.stg_products
[0m03:22:14.417839 [debug] [Thread-5 (]: Finished running node model.luxe_training.stg_sales
[0m03:22:14.418819 [debug] [Thread-8 (]: Began running node model.luxe_training.dim_customer
[0m03:22:14.419582 [debug] [Thread-6 (]: Finished running node model.luxe_training.stg_stores
[0m03:22:14.420705 [debug] [Thread-7 (]: Began running node model.luxe_training.fact_inventory
[0m03:22:14.421231 [debug] [Thread-2 (]: Began running node model.luxe_training.int_inventory_current
[0m03:22:14.422052 [debug] [Thread-3 (]: Began running node model.luxe_training.dim_product
[0m03:22:14.422902 [debug] [Thread-4 (]: Began running node model.luxe_training.fact_sales
[0m03:22:14.423510 [debug] [Thread-9 (]: Began running node model.luxe_training.int_sales_30d
[0m03:22:14.424252 [debug] [Thread-8 (]: Acquiring new snowflake connection 'model.luxe_training.dim_customer'
[0m03:22:14.425180 [debug] [Thread-5 (]: Began running node model.luxe_training.dim_store
[0m03:22:14.425899 [debug] [Thread-7 (]: Acquiring new snowflake connection 'model.luxe_training.fact_inventory'
[0m03:22:14.426589 [debug] [Thread-2 (]: Re-using an available connection from the pool (formerly model.luxe_training.stg_customers, now model.luxe_training.int_inventory_current)
[0m03:22:14.427218 [debug] [Thread-3 (]: Re-using an available connection from the pool (formerly model.luxe_training.stg_inventory, now model.luxe_training.dim_product)
[0m03:22:14.428046 [debug] [Thread-4 (]: Re-using an available connection from the pool (formerly model.luxe_training.stg_products, now model.luxe_training.fact_sales)
[0m03:22:14.428817 [debug] [Thread-9 (]: Acquiring new snowflake connection 'model.luxe_training.int_sales_30d'
[0m03:22:14.429364 [debug] [Thread-8 (]: Began compiling node model.luxe_training.dim_customer
[0m03:22:14.429954 [debug] [Thread-5 (]: Re-using an available connection from the pool (formerly model.luxe_training.stg_sales, now model.luxe_training.dim_store)
[0m03:22:14.430457 [debug] [Thread-7 (]: Began compiling node model.luxe_training.fact_inventory
[0m03:22:14.430956 [debug] [Thread-2 (]: Began compiling node model.luxe_training.int_inventory_current
[0m03:22:14.431475 [debug] [Thread-3 (]: Began compiling node model.luxe_training.dim_product
[0m03:22:14.431974 [debug] [Thread-4 (]: Began compiling node model.luxe_training.fact_sales
[0m03:22:14.432545 [debug] [Thread-9 (]: Began compiling node model.luxe_training.int_sales_30d
[0m03:22:14.438288 [debug] [Thread-8 (]: Writing injected SQL for node "model.luxe_training.dim_customer"
[0m03:22:14.438942 [debug] [Thread-5 (]: Began compiling node model.luxe_training.dim_store
[0m03:22:14.443128 [debug] [Thread-7 (]: Writing injected SQL for node "model.luxe_training.fact_inventory"
[0m03:22:14.446969 [debug] [Thread-2 (]: Writing injected SQL for node "model.luxe_training.int_inventory_current"
[0m03:22:14.450801 [debug] [Thread-3 (]: Writing injected SQL for node "model.luxe_training.dim_product"
[0m03:22:14.454583 [debug] [Thread-4 (]: Writing injected SQL for node "model.luxe_training.fact_sales"
[0m03:22:14.458607 [debug] [Thread-9 (]: Writing injected SQL for node "model.luxe_training.int_sales_30d"
[0m03:22:14.463922 [debug] [Thread-5 (]: Writing injected SQL for node "model.luxe_training.dim_store"
[0m03:22:14.464622 [debug] [Thread-8 (]: Began executing node model.luxe_training.dim_customer
[0m03:22:14.465464 [debug] [Thread-7 (]: Began executing node model.luxe_training.fact_inventory
[0m03:22:14.466332 [debug] [Thread-2 (]: Began executing node model.luxe_training.int_inventory_current
[0m03:22:14.467072 [debug] [Thread-3 (]: Began executing node model.luxe_training.dim_product
[0m03:22:14.467905 [debug] [Thread-4 (]: Began executing node model.luxe_training.fact_sales
[0m03:22:14.468755 [debug] [Thread-9 (]: Began executing node model.luxe_training.int_sales_30d
[0m03:22:14.469657 [debug] [Thread-8 (]: Finished running node model.luxe_training.dim_customer
[0m03:22:14.470109 [debug] [Thread-5 (]: Began executing node model.luxe_training.dim_store
[0m03:22:14.470853 [debug] [Thread-7 (]: Finished running node model.luxe_training.fact_inventory
[0m03:22:14.471645 [debug] [Thread-2 (]: Finished running node model.luxe_training.int_inventory_current
[0m03:22:14.472478 [debug] [Thread-3 (]: Finished running node model.luxe_training.dim_product
[0m03:22:14.473207 [debug] [Thread-4 (]: Finished running node model.luxe_training.fact_sales
[0m03:22:14.473941 [debug] [Thread-9 (]: Finished running node model.luxe_training.int_sales_30d
[0m03:22:14.474893 [debug] [Thread-5 (]: Finished running node model.luxe_training.dim_store
[0m03:22:14.476181 [debug] [Thread-6 (]: Began running node test.luxe_training.not_null_dim_product_product_id.02b1f06816
[0m03:22:14.476719 [debug] [Thread-8 (]: Began running node test.luxe_training.unique_dim_product_product_id.46495bf7fe
[0m03:22:14.477502 [debug] [Thread-2 (]: Began running node test.luxe_training.not_null_fact_sales_quantity.123217c37f
[0m03:22:14.478058 [debug] [Thread-3 (]: Began running node test.luxe_training.not_null_fact_sales_sale_id.ea1dca7100
[0m03:22:14.478582 [debug] [Thread-7 (]: Began running node test.luxe_training.unique_fact_sales_sale_id.16dc554bac
[0m03:22:14.479431 [debug] [Thread-4 (]: Began running node model.luxe_training.fact_stock_coverage
[0m03:22:14.480347 [debug] [Thread-9 (]: Began running node test.luxe_training.not_null_dim_store_store_id.8cb7c6ace0
[0m03:22:14.480878 [debug] [Thread-5 (]: Began running node test.luxe_training.unique_dim_store_store_id.90e408e197
[0m03:22:14.481449 [debug] [Thread-6 (]: Re-using an available connection from the pool (formerly model.luxe_training.stg_stores, now test.luxe_training.not_null_dim_product_product_id.02b1f06816)
[0m03:22:14.482022 [debug] [Thread-8 (]: Re-using an available connection from the pool (formerly model.luxe_training.dim_customer, now test.luxe_training.unique_dim_product_product_id.46495bf7fe)
[0m03:22:14.482593 [debug] [Thread-2 (]: Re-using an available connection from the pool (formerly model.luxe_training.int_inventory_current, now test.luxe_training.not_null_fact_sales_quantity.123217c37f)
[0m03:22:14.483176 [debug] [Thread-3 (]: Re-using an available connection from the pool (formerly model.luxe_training.dim_product, now test.luxe_training.not_null_fact_sales_sale_id.ea1dca7100)
[0m03:22:14.483810 [debug] [Thread-7 (]: Re-using an available connection from the pool (formerly model.luxe_training.fact_inventory, now test.luxe_training.unique_fact_sales_sale_id.16dc554bac)
[0m03:22:14.484425 [debug] [Thread-4 (]: Re-using an available connection from the pool (formerly model.luxe_training.fact_sales, now model.luxe_training.fact_stock_coverage)
[0m03:22:14.484981 [debug] [Thread-9 (]: Re-using an available connection from the pool (formerly model.luxe_training.int_sales_30d, now test.luxe_training.not_null_dim_store_store_id.8cb7c6ace0)
[0m03:22:14.485518 [debug] [Thread-5 (]: Re-using an available connection from the pool (formerly model.luxe_training.dim_store, now test.luxe_training.unique_dim_store_store_id.90e408e197)
[0m03:22:14.486034 [debug] [Thread-6 (]: Began compiling node test.luxe_training.not_null_dim_product_product_id.02b1f06816
[0m03:22:14.486527 [debug] [Thread-8 (]: Began compiling node test.luxe_training.unique_dim_product_product_id.46495bf7fe
[0m03:22:14.487014 [debug] [Thread-2 (]: Began compiling node test.luxe_training.not_null_fact_sales_quantity.123217c37f
[0m03:22:14.487500 [debug] [Thread-3 (]: Began compiling node test.luxe_training.not_null_fact_sales_sale_id.ea1dca7100
[0m03:22:14.487989 [debug] [Thread-7 (]: Began compiling node test.luxe_training.unique_fact_sales_sale_id.16dc554bac
[0m03:22:14.488539 [debug] [Thread-4 (]: Began compiling node model.luxe_training.fact_stock_coverage
[0m03:22:14.489008 [debug] [Thread-9 (]: Began compiling node test.luxe_training.not_null_dim_store_store_id.8cb7c6ace0
[0m03:22:14.489498 [debug] [Thread-5 (]: Began compiling node test.luxe_training.unique_dim_store_store_id.90e408e197
[0m03:22:14.503415 [debug] [Thread-6 (]: Writing injected SQL for node "test.luxe_training.not_null_dim_product_product_id.02b1f06816"
[0m03:22:14.511252 [debug] [Thread-8 (]: Writing injected SQL for node "test.luxe_training.unique_dim_product_product_id.46495bf7fe"
[0m03:22:14.516680 [debug] [Thread-2 (]: Writing injected SQL for node "test.luxe_training.not_null_fact_sales_quantity.123217c37f"
[0m03:22:14.523154 [debug] [Thread-3 (]: Writing injected SQL for node "test.luxe_training.not_null_fact_sales_sale_id.ea1dca7100"
[0m03:22:14.528581 [debug] [Thread-7 (]: Writing injected SQL for node "test.luxe_training.unique_fact_sales_sale_id.16dc554bac"
[0m03:22:14.532684 [debug] [Thread-4 (]: Writing injected SQL for node "model.luxe_training.fact_stock_coverage"
[0m03:22:14.537991 [debug] [Thread-9 (]: Writing injected SQL for node "test.luxe_training.not_null_dim_store_store_id.8cb7c6ace0"
[0m03:22:14.543083 [debug] [Thread-5 (]: Writing injected SQL for node "test.luxe_training.unique_dim_store_store_id.90e408e197"
[0m03:22:14.544317 [debug] [Thread-6 (]: Began executing node test.luxe_training.not_null_dim_product_product_id.02b1f06816
[0m03:22:14.545166 [debug] [Thread-8 (]: Began executing node test.luxe_training.unique_dim_product_product_id.46495bf7fe
[0m03:22:14.545964 [debug] [Thread-2 (]: Began executing node test.luxe_training.not_null_fact_sales_quantity.123217c37f
[0m03:22:14.546723 [debug] [Thread-3 (]: Began executing node test.luxe_training.not_null_fact_sales_sale_id.ea1dca7100
[0m03:22:14.547549 [debug] [Thread-7 (]: Began executing node test.luxe_training.unique_fact_sales_sale_id.16dc554bac
[0m03:22:14.548357 [debug] [Thread-4 (]: Began executing node model.luxe_training.fact_stock_coverage
[0m03:22:14.549059 [debug] [Thread-9 (]: Began executing node test.luxe_training.not_null_dim_store_store_id.8cb7c6ace0
[0m03:22:14.549947 [debug] [Thread-6 (]: Finished running node test.luxe_training.not_null_dim_product_product_id.02b1f06816
[0m03:22:14.550466 [debug] [Thread-5 (]: Began executing node test.luxe_training.unique_dim_store_store_id.90e408e197
[0m03:22:14.551262 [debug] [Thread-8 (]: Finished running node test.luxe_training.unique_dim_product_product_id.46495bf7fe
[0m03:22:14.552051 [debug] [Thread-2 (]: Finished running node test.luxe_training.not_null_fact_sales_quantity.123217c37f
[0m03:22:14.552948 [debug] [Thread-3 (]: Finished running node test.luxe_training.not_null_fact_sales_sale_id.ea1dca7100
[0m03:22:14.553713 [debug] [Thread-7 (]: Finished running node test.luxe_training.unique_fact_sales_sale_id.16dc554bac
[0m03:22:14.554494 [debug] [Thread-4 (]: Finished running node model.luxe_training.fact_stock_coverage
[0m03:22:14.555266 [debug] [Thread-9 (]: Finished running node test.luxe_training.not_null_dim_store_store_id.8cb7c6ace0
[0m03:22:14.556319 [debug] [Thread-5 (]: Finished running node test.luxe_training.unique_dim_store_store_id.90e408e197
[0m03:22:14.560523 [debug] [Dummy-1   ]: Connection 'master' was properly closed.
[0m03:22:14.561068 [debug] [Dummy-1   ]: Connection 'test.luxe_training.not_null_fact_sales_quantity.123217c37f' was properly closed.
[0m03:22:14.561529 [debug] [Dummy-1   ]: Connection 'test.luxe_training.not_null_fact_sales_sale_id.ea1dca7100' was properly closed.
[0m03:22:14.561932 [debug] [Dummy-1   ]: Connection 'model.luxe_training.fact_stock_coverage' was properly closed.
[0m03:22:14.562306 [debug] [Dummy-1   ]: Connection 'test.luxe_training.unique_dim_store_store_id.90e408e197' was properly closed.
[0m03:22:14.562673 [debug] [Dummy-1   ]: Connection 'test.luxe_training.not_null_dim_product_product_id.02b1f06816' was properly closed.
[0m03:22:14.563075 [debug] [Dummy-1   ]: Connection 'test.luxe_training.unique_dim_product_product_id.46495bf7fe' was properly closed.
[0m03:22:14.563477 [debug] [Dummy-1   ]: Connection 'test.luxe_training.unique_fact_sales_sale_id.16dc554bac' was properly closed.
[0m03:22:14.563894 [debug] [Dummy-1   ]: Connection 'test.luxe_training.not_null_dim_store_store_id.8cb7c6ace0' was properly closed.
[0m03:22:14.566566 [debug] [Dummy-1   ]: Command end result
[0m03:22:14.592254 [debug] [Dummy-1   ]: Wrote artifact WritableManifest to /tmp/dbt/target/manifest.json
[0m03:22:14.594167 [debug] [Dummy-1   ]: Wrote artifact SemanticManifest to /tmp/dbt/target/semantic_manifest.json
[0m03:22:14.601660 [debug] [Dummy-1   ]: Wrote artifact RunExecutionResult to /tmp/dbt/target/run_results.json
[0m03:22:14.603407 [debug] [Dummy-1   ]: Resource report: {"command_name": "compile", "command_success": true, "command_wall_clock_time": 2.7268007, "process_in_blocks": "0", "process_kernel_time": 0.85, "process_mem_max_rss": "531792", "process_out_blocks": "0", "process_user_time": 4.42}
[0m03:22:14.604022 [debug] [Dummy-1   ]: Command `cli compile` succeeded at 03:22:14.603784 after 2.73 seconds
[0m03:22:14.604611 [debug] [Dummy-1   ]: Flushing usage events


============================== 03:28:42.827652 | e2c67de5-b060-4d15-9c93-48d525420288 ==============================
[0m03:28:42.827652 [info ] [Dummy-1   ]: Running with dbt=1.9.4
[0m03:28:42.828746 [debug] [Dummy-1   ]: running dbt with arguments {'printer_width': '80', 'indirect_selection': 'eager', 'write_json': 'True', 'log_cache_events': 'False', 'partial_parse': 'True', 'cache_selected_only': 'False', 'warn_error': 'None', 'fail_fast': 'False', 'version_check': 'True', 'log_path': '/tmp/dbt/logs', 'debug': 'False', 'profiles_dir': '/tmp/dbt_effective_profiles_4i4fdi3l', 'use_colors': 'True', 'use_experimental_parser': 'False', 'no_print': 'None', 'quiet': 'False', 'empty': 'False', 'warn_error_options': 'WarnErrorOptions(include=[], exclude=[])', 'invocation_command': 'dbt ', 'log_format': 'default', 'static_parser': 'True', 'target_path': 'None', 'introspect': 'True', 'send_anonymous_usage_stats': 'False'}
[0m03:28:43.104213 [info ] [Dummy-1   ]: Registered adapter: snowflake=1.9.2
[0m03:28:43.638740 [debug] [Dummy-1   ]: checksum: 7a8296c70615f566de89055485ae13d89ed1d40af3cf21b3b72f2284f73c401a, vars: {}, profile: , target: dwh, version: 1.9.4
[0m03:28:43.868411 [debug] [Dummy-1   ]: Partial parsing enabled: 0 files deleted, 0 files added, 0 files changed.
[0m03:28:43.868963 [debug] [Dummy-1   ]: Partial parsing enabled, no changes found, skipping parsing
[0m03:28:44.060737 [debug] [Dummy-1   ]: Wrote artifact WritableManifest to /tmp/dbt/target/manifest.json
[0m03:28:44.062680 [debug] [Dummy-1   ]: Wrote artifact SemanticManifest to /tmp/dbt/target/semantic_manifest.json
[0m03:28:44.106596 [info ] [Dummy-1   ]: Found 13 models, 7 data tests, 6 sources, 474 macros
[0m03:28:44.109158 [info ] [Dummy-1   ]: 
[0m03:28:44.109668 [info ] [Dummy-1   ]: Concurrency: 8 threads (target='dwh')
[0m03:28:44.110142 [info ] [Dummy-1   ]: 
[0m03:28:44.110856 [debug] [Dummy-1   ]: Acquiring new snowflake connection 'master'
[0m03:28:44.113150 [debug] [ThreadPool]: Acquiring new snowflake connection 'list_luxe_training'
[0m03:28:44.207294 [debug] [ThreadPool]: Using snowflake connection "list_luxe_training"
[0m03:28:44.207857 [debug] [ThreadPool]: On list_luxe_training: /* {"app": "dbt", "dbt_version": "1.9.4", "profile_name": "luxe_training", "target_name": "dwh", "connection_name": "list_luxe_training"} */
show terse schemas in database luxe_training
    limit 10000
[0m03:28:44.208362 [debug] [ThreadPool]: Opening a new connection, currently in state init
[0m03:28:44.685779 [debug] [ThreadPool]: SQL status: SUCCESS 4 in 0.477 seconds
[0m03:28:44.693968 [debug] [ThreadPool]: Re-using an available connection from the pool (formerly list_luxe_training, now list_luxe_training_dwh)
[0m03:28:44.706327 [debug] [ThreadPool]: Using snowflake connection "list_luxe_training_dwh"
[0m03:28:44.706834 [debug] [ThreadPool]: On list_luxe_training_dwh: /* {"app": "dbt", "dbt_version": "1.9.4", "profile_name": "luxe_training", "target_name": "dwh", "connection_name": "list_luxe_training_dwh"} */
alter session set quoted_identifiers_ignore_case = false;
[0m03:28:44.707258 [debug] [ThreadPool]: Opening a new connection, currently in state init
[0m03:28:45.167767 [debug] [ThreadPool]: SQL status: SUCCESS 1 in 0.460 seconds
[0m03:28:45.172197 [debug] [ThreadPool]: Using snowflake connection "list_luxe_training_dwh"
[0m03:28:45.172745 [debug] [ThreadPool]: On list_luxe_training_dwh: /* {"app": "dbt", "dbt_version": "1.9.4", "profile_name": "luxe_training", "target_name": "dwh", "connection_name": "list_luxe_training_dwh"} */
show objects in luxe_training.dwh
    limit 10000
    
;
[0m03:28:45.292903 [debug] [ThreadPool]: SQL status: SUCCESS 12 in 0.120 seconds
[0m03:28:45.295213 [debug] [ThreadPool]: Using snowflake connection "list_luxe_training_dwh"
[0m03:28:45.295682 [debug] [ThreadPool]: On list_luxe_training_dwh: /* {"app": "dbt", "dbt_version": "1.9.4", "profile_name": "luxe_training", "target_name": "dwh", "connection_name": "list_luxe_training_dwh"} */
alter session unset quoted_identifiers_ignore_case;
[0m03:28:45.356090 [debug] [ThreadPool]: SQL status: SUCCESS 1 in 0.060 seconds
[0m03:28:45.374785 [debug] [Thread-2 (]: Began running node model.luxe_training.int_sales_30d
[0m03:28:45.375563 [info ] [Thread-2 (]: 1 of 1 START sql table model dwh.int_sales_30d ................................. [RUN]
[0m03:28:45.376233 [debug] [Thread-2 (]: Re-using an available connection from the pool (formerly list_luxe_training_dwh, now model.luxe_training.int_sales_30d)
[0m03:28:45.376823 [debug] [Thread-2 (]: Began compiling node model.luxe_training.int_sales_30d
[0m03:28:45.385528 [debug] [Thread-2 (]: Writing injected SQL for node "model.luxe_training.int_sales_30d"
[0m03:28:45.386308 [debug] [Thread-2 (]: Began executing node model.luxe_training.int_sales_30d
[0m03:28:45.420308 [debug] [Thread-2 (]: Writing runtime sql for node "model.luxe_training.int_sales_30d"
[0m03:28:45.421583 [debug] [Thread-2 (]: Using snowflake connection "model.luxe_training.int_sales_30d"
[0m03:28:45.422094 [debug] [Thread-2 (]: On model.luxe_training.int_sales_30d: /* {"app": "dbt", "dbt_version": "1.9.4", "profile_name": "luxe_training", "target_name": "dwh", "node_id": "model.luxe_training.int_sales_30d"} */
create or replace transient table luxe_training.dwh.int_sales_30d
         as
        (SELECT
    product_id,
    store_id,
    SUM(quantity) AS qty_sold_30d,
    SUM(quantity) / 30.0 AS avg_daily_sales

FROM luxe_training.dwh.stg_sales

WHERE sale_date >= DATEADD(day, -30, CURRENT_DATE())

GROUP BY
    product_id,
    store_id
        );
[0m03:28:45.422564 [debug] [Thread-2 (]: Opening a new connection, currently in state init
[0m03:28:46.718140 [debug] [Thread-2 (]: SQL status: SUCCESS 1 in 1.295 seconds
[0m03:28:46.743453 [info ] [Thread-2 (]: 1 of 1 OK created sql table model dwh.int_sales_30d ............................ [[32mSUCCESS 1[0m in 1.37s]
[0m03:28:46.744189 [debug] [Thread-2 (]: Finished running node model.luxe_training.int_sales_30d
[0m03:28:46.747410 [debug] [Dummy-1   ]: Connection 'master' was properly closed.
[0m03:28:46.747889 [debug] [Dummy-1   ]: Connection 'model.luxe_training.int_sales_30d' was properly closed.
[0m03:28:46.748380 [info ] [Dummy-1   ]: 
[0m03:28:46.748857 [info ] [Dummy-1   ]: Finished running 1 table model in 0 hours 0 minutes and 2.64 seconds (2.64s).
[0m03:28:46.749605 [debug] [Dummy-1   ]: Command end result
[0m03:28:46.774346 [debug] [Dummy-1   ]: Wrote artifact WritableManifest to /tmp/dbt/target/manifest.json
[0m03:28:46.776141 [debug] [Dummy-1   ]: Wrote artifact SemanticManifest to /tmp/dbt/target/semantic_manifest.json
[0m03:28:46.782007 [debug] [Dummy-1   ]: Wrote artifact RunExecutionResult to /tmp/dbt/target/run_results.json
[0m03:28:46.782447 [info ] [Dummy-1   ]: 
[0m03:28:46.783014 [info ] [Dummy-1   ]: [32mCompleted successfully[0m
[0m03:28:46.783442 [info ] [Dummy-1   ]: 
[0m03:28:46.783936 [info ] [Dummy-1   ]: Done. PASS=1 WARN=0 ERROR=0 SKIP=0 TOTAL=1
[0m03:28:46.785690 [debug] [Dummy-1   ]: Resource report: {"command_name": "run", "command_success": true, "command_wall_clock_time": 4.032118, "process_in_blocks": "0", "process_kernel_time": 0.79, "process_mem_max_rss": "484180", "process_out_blocks": "0", "process_user_time": 4.1}
[0m03:28:46.786331 [debug] [Dummy-1   ]: Command `cli run` succeeded at 03:28:46.786071 after 4.03 seconds
[0m03:28:46.786846 [debug] [Dummy-1   ]: Flushing usage events


============================== 03:28:58.475196 | 1ba9b38c-08d4-4701-8a39-b125db915abd ==============================
[0m03:28:58.475196 [info ] [Dummy-1   ]: Running with dbt=1.9.4
[0m03:28:58.476036 [debug] [Dummy-1   ]: running dbt with arguments {'printer_width': '80', 'indirect_selection': 'eager', 'log_cache_events': 'False', 'write_json': 'True', 'partial_parse': 'True', 'cache_selected_only': 'False', 'warn_error': 'None', 'debug': 'False', 'fail_fast': 'False', 'log_path': '/tmp/dbt/logs', 'profiles_dir': '/tmp/dbt_effective_profiles_m7u185o1', 'version_check': 'True', 'use_colors': 'True', 'use_experimental_parser': 'False', 'no_print': 'None', 'quiet': 'False', 'empty': 'False', 'log_format': 'default', 'static_parser': 'True', 'invocation_command': 'dbt ', 'introspect': 'True', 'target_path': 'None', 'warn_error_options': 'WarnErrorOptions(include=[], exclude=[])', 'send_anonymous_usage_stats': 'False'}
[0m03:28:58.744833 [info ] [Dummy-1   ]: Registered adapter: snowflake=1.9.2
[0m03:28:59.274346 [debug] [Dummy-1   ]: checksum: 7a8296c70615f566de89055485ae13d89ed1d40af3cf21b3b72f2284f73c401a, vars: {}, profile: , target: dwh, version: 1.9.4
[0m03:28:59.480773 [debug] [Dummy-1   ]: Partial parsing enabled: 0 files deleted, 0 files added, 0 files changed.
[0m03:28:59.481306 [debug] [Dummy-1   ]: Partial parsing enabled, no changes found, skipping parsing
[0m03:28:59.669581 [debug] [Dummy-1   ]: Wrote artifact WritableManifest to /tmp/dbt/target/manifest.json
[0m03:28:59.671534 [debug] [Dummy-1   ]: Wrote artifact SemanticManifest to /tmp/dbt/target/semantic_manifest.json
[0m03:28:59.714981 [info ] [Dummy-1   ]: Found 13 models, 7 data tests, 6 sources, 474 macros
[0m03:28:59.717563 [info ] [Dummy-1   ]: 
[0m03:28:59.718122 [info ] [Dummy-1   ]: Concurrency: 8 threads (target='dwh')
[0m03:28:59.718536 [info ] [Dummy-1   ]: 
[0m03:28:59.719273 [debug] [Dummy-1   ]: Acquiring new snowflake connection 'master'
[0m03:28:59.721511 [debug] [ThreadPool]: Acquiring new snowflake connection 'list_luxe_training'
[0m03:28:59.827317 [debug] [ThreadPool]: Using snowflake connection "list_luxe_training"
[0m03:28:59.827926 [debug] [ThreadPool]: On list_luxe_training: /* {"app": "dbt", "dbt_version": "1.9.4", "profile_name": "luxe_training", "target_name": "dwh", "connection_name": "list_luxe_training"} */
show terse schemas in database luxe_training
    limit 10000
[0m03:28:59.828477 [debug] [ThreadPool]: Opening a new connection, currently in state init
[0m03:29:00.288487 [debug] [ThreadPool]: SQL status: SUCCESS 4 in 0.460 seconds
[0m03:29:00.296762 [debug] [ThreadPool]: Re-using an available connection from the pool (formerly list_luxe_training, now list_luxe_training_dwh)
[0m03:29:00.309288 [debug] [ThreadPool]: Using snowflake connection "list_luxe_training_dwh"
[0m03:29:00.309837 [debug] [ThreadPool]: On list_luxe_training_dwh: /* {"app": "dbt", "dbt_version": "1.9.4", "profile_name": "luxe_training", "target_name": "dwh", "connection_name": "list_luxe_training_dwh"} */
alter session set quoted_identifiers_ignore_case = false;
[0m03:29:00.310258 [debug] [ThreadPool]: Opening a new connection, currently in state init
[0m03:29:00.756476 [debug] [ThreadPool]: SQL status: SUCCESS 1 in 0.446 seconds
[0m03:29:00.760901 [debug] [ThreadPool]: Using snowflake connection "list_luxe_training_dwh"
[0m03:29:00.761412 [debug] [ThreadPool]: On list_luxe_training_dwh: /* {"app": "dbt", "dbt_version": "1.9.4", "profile_name": "luxe_training", "target_name": "dwh", "connection_name": "list_luxe_training_dwh"} */
show objects in luxe_training.dwh
    limit 10000
    
;
[0m03:29:00.882664 [debug] [ThreadPool]: SQL status: SUCCESS 12 in 0.121 seconds
[0m03:29:00.885031 [debug] [ThreadPool]: Using snowflake connection "list_luxe_training_dwh"
[0m03:29:00.885535 [debug] [ThreadPool]: On list_luxe_training_dwh: /* {"app": "dbt", "dbt_version": "1.9.4", "profile_name": "luxe_training", "target_name": "dwh", "connection_name": "list_luxe_training_dwh"} */
alter session unset quoted_identifiers_ignore_case;
[0m03:29:00.943799 [debug] [ThreadPool]: SQL status: SUCCESS 1 in 0.057 seconds
[0m03:29:00.962549 [debug] [Thread-2 (]: Began running node model.luxe_training.int_inventory_current
[0m03:29:00.963332 [info ] [Thread-2 (]: 1 of 1 START sql table model dwh.int_inventory_current ......................... [RUN]
[0m03:29:00.963980 [debug] [Thread-2 (]: Re-using an available connection from the pool (formerly list_luxe_training_dwh, now model.luxe_training.int_inventory_current)
[0m03:29:00.964530 [debug] [Thread-2 (]: Began compiling node model.luxe_training.int_inventory_current
[0m03:29:00.973221 [debug] [Thread-2 (]: Writing injected SQL for node "model.luxe_training.int_inventory_current"
[0m03:29:00.973957 [debug] [Thread-2 (]: Began executing node model.luxe_training.int_inventory_current
[0m03:29:01.007105 [debug] [Thread-2 (]: Writing runtime sql for node "model.luxe_training.int_inventory_current"
[0m03:29:01.008388 [debug] [Thread-2 (]: Using snowflake connection "model.luxe_training.int_inventory_current"
[0m03:29:01.008942 [debug] [Thread-2 (]: On model.luxe_training.int_inventory_current: /* {"app": "dbt", "dbt_version": "1.9.4", "profile_name": "luxe_training", "target_name": "dwh", "node_id": "model.luxe_training.int_inventory_current"} */
create or replace transient table luxe_training.dwh.int_inventory_current
         as
        (SELECT
    product_id,
    store_id,
    stock_qty

FROM luxe_training.dwh.stg_inventory

QUALIFY ROW_NUMBER() OVER (
    PARTITION BY product_id, store_id
    ORDER BY snapshot_date DESC
) = 1
        );
[0m03:29:01.009421 [debug] [Thread-2 (]: Opening a new connection, currently in state init
[0m03:29:02.070327 [debug] [Thread-2 (]: SQL status: SUCCESS 1 in 1.061 seconds
[0m03:29:02.097502 [info ] [Thread-2 (]: 1 of 1 OK created sql table model dwh.int_inventory_current .................... [[32mSUCCESS 1[0m in 1.13s]
[0m03:29:02.098371 [debug] [Thread-2 (]: Finished running node model.luxe_training.int_inventory_current
[0m03:29:02.102291 [debug] [Dummy-1   ]: Connection 'master' was properly closed.
[0m03:29:02.102806 [debug] [Dummy-1   ]: Connection 'model.luxe_training.int_inventory_current' was properly closed.
[0m03:29:02.103273 [info ] [Dummy-1   ]: 
[0m03:29:02.103751 [info ] [Dummy-1   ]: Finished running 1 table model in 0 hours 0 minutes and 2.38 seconds (2.38s).
[0m03:29:02.104621 [debug] [Dummy-1   ]: Command end result
[0m03:29:02.130726 [debug] [Dummy-1   ]: Wrote artifact WritableManifest to /tmp/dbt/target/manifest.json
[0m03:29:02.132887 [debug] [Dummy-1   ]: Wrote artifact SemanticManifest to /tmp/dbt/target/semantic_manifest.json
[0m03:29:02.139053 [debug] [Dummy-1   ]: Wrote artifact RunExecutionResult to /tmp/dbt/target/run_results.json
[0m03:29:02.139574 [info ] [Dummy-1   ]: 
[0m03:29:02.140218 [info ] [Dummy-1   ]: [32mCompleted successfully[0m
[0m03:29:02.140774 [info ] [Dummy-1   ]: 
[0m03:29:02.141257 [info ] [Dummy-1   ]: Done. PASS=1 WARN=0 ERROR=0 SKIP=0 TOTAL=1
[0m03:29:02.143014 [debug] [Dummy-1   ]: Resource report: {"command_name": "run", "command_success": true, "command_wall_clock_time": 3.7410939, "process_in_blocks": "0", "process_kernel_time": 0.89, "process_mem_max_rss": "486320", "process_out_blocks": "0", "process_user_time": 4.01}
[0m03:29:02.143634 [debug] [Dummy-1   ]: Command `cli run` succeeded at 03:29:02.143396 after 3.74 seconds
[0m03:29:02.144129 [debug] [Dummy-1   ]: Flushing usage events


============================== 03:29:23.909125 | 8d4cb48d-6518-40e1-ad87-f5555b9b1023 ==============================
[0m03:29:23.909125 [info ] [Dummy-1   ]: Running with dbt=1.9.4
[0m03:29:23.909952 [debug] [Dummy-1   ]: running dbt with arguments {'printer_width': '80', 'indirect_selection': 'eager', 'log_cache_events': 'False', 'write_json': 'True', 'partial_parse': 'True', 'cache_selected_only': 'False', 'profiles_dir': '/tmp/dbt_effective_profiles_6yy8_ldq', 'fail_fast': 'False', 'version_check': 'True', 'log_path': '/tmp/dbt/logs', 'debug': 'False', 'warn_error': 'None', 'use_colors': 'True', 'use_experimental_parser': 'False', 'no_print': 'None', 'quiet': 'False', 'empty': 'False', 'warn_error_options': 'WarnErrorOptions(include=[], exclude=[])', 'invocation_command': 'dbt ', 'static_parser': 'True', 'introspect': 'True', 'target_path': 'None', 'log_format': 'default', 'send_anonymous_usage_stats': 'False'}
[0m03:29:24.178120 [info ] [Dummy-1   ]: Registered adapter: snowflake=1.9.2
[0m03:29:24.706359 [debug] [Dummy-1   ]: checksum: 7a8296c70615f566de89055485ae13d89ed1d40af3cf21b3b72f2284f73c401a, vars: {}, profile: , target: dwh, version: 1.9.4
[0m03:29:24.926002 [debug] [Dummy-1   ]: Partial parsing enabled: 0 files deleted, 0 files added, 0 files changed.
[0m03:29:24.926578 [debug] [Dummy-1   ]: Partial parsing enabled, no changes found, skipping parsing
[0m03:29:25.115461 [debug] [Dummy-1   ]: Wrote artifact WritableManifest to /tmp/dbt/target/manifest.json
[0m03:29:25.117481 [debug] [Dummy-1   ]: Wrote artifact SemanticManifest to /tmp/dbt/target/semantic_manifest.json
[0m03:29:25.160219 [info ] [Dummy-1   ]: Found 13 models, 7 data tests, 6 sources, 474 macros
[0m03:29:25.162670 [info ] [Dummy-1   ]: 
[0m03:29:25.163183 [info ] [Dummy-1   ]: Concurrency: 8 threads (target='dwh')
[0m03:29:25.163582 [info ] [Dummy-1   ]: 
[0m03:29:25.164315 [debug] [Dummy-1   ]: Acquiring new snowflake connection 'master'
[0m03:29:25.166414 [debug] [ThreadPool]: Acquiring new snowflake connection 'list_luxe_training'
[0m03:29:25.269951 [debug] [ThreadPool]: Using snowflake connection "list_luxe_training"
[0m03:29:25.270529 [debug] [ThreadPool]: On list_luxe_training: /* {"app": "dbt", "dbt_version": "1.9.4", "profile_name": "luxe_training", "target_name": "dwh", "connection_name": "list_luxe_training"} */
show terse schemas in database luxe_training
    limit 10000
[0m03:29:25.271017 [debug] [ThreadPool]: Opening a new connection, currently in state init
[0m03:29:25.799324 [debug] [ThreadPool]: SQL status: SUCCESS 4 in 0.528 seconds
[0m03:29:25.807651 [debug] [ThreadPool]: Re-using an available connection from the pool (formerly list_luxe_training, now list_luxe_training_dwh)
[0m03:29:25.820211 [debug] [ThreadPool]: Using snowflake connection "list_luxe_training_dwh"
[0m03:29:25.820824 [debug] [ThreadPool]: On list_luxe_training_dwh: /* {"app": "dbt", "dbt_version": "1.9.4", "profile_name": "luxe_training", "target_name": "dwh", "connection_name": "list_luxe_training_dwh"} */
alter session set quoted_identifiers_ignore_case = false;
[0m03:29:25.821279 [debug] [ThreadPool]: Opening a new connection, currently in state init
[0m03:29:26.262742 [debug] [ThreadPool]: SQL status: SUCCESS 1 in 0.441 seconds
[0m03:29:26.267241 [debug] [ThreadPool]: Using snowflake connection "list_luxe_training_dwh"
[0m03:29:26.267775 [debug] [ThreadPool]: On list_luxe_training_dwh: /* {"app": "dbt", "dbt_version": "1.9.4", "profile_name": "luxe_training", "target_name": "dwh", "connection_name": "list_luxe_training_dwh"} */
show objects in luxe_training.dwh
    limit 10000
    
;
[0m03:29:26.398091 [debug] [ThreadPool]: SQL status: SUCCESS 12 in 0.130 seconds
[0m03:29:26.400436 [debug] [ThreadPool]: Using snowflake connection "list_luxe_training_dwh"
[0m03:29:26.400911 [debug] [ThreadPool]: On list_luxe_training_dwh: /* {"app": "dbt", "dbt_version": "1.9.4", "profile_name": "luxe_training", "target_name": "dwh", "connection_name": "list_luxe_training_dwh"} */
alter session unset quoted_identifiers_ignore_case;
[0m03:29:26.460347 [debug] [ThreadPool]: SQL status: SUCCESS 1 in 0.059 seconds
[0m03:29:26.478893 [debug] [Thread-2 (]: Began running node model.luxe_training.fact_stock_coverage
[0m03:29:26.479678 [info ] [Thread-2 (]: 1 of 1 START sql table model dwh.fact_stock_coverage ........................... [RUN]
[0m03:29:26.480403 [debug] [Thread-2 (]: Re-using an available connection from the pool (formerly list_luxe_training_dwh, now model.luxe_training.fact_stock_coverage)
[0m03:29:26.480919 [debug] [Thread-2 (]: Began compiling node model.luxe_training.fact_stock_coverage
[0m03:29:26.489791 [debug] [Thread-2 (]: Writing injected SQL for node "model.luxe_training.fact_stock_coverage"
[0m03:29:26.490497 [debug] [Thread-2 (]: Began executing node model.luxe_training.fact_stock_coverage
[0m03:29:26.523098 [debug] [Thread-2 (]: Writing runtime sql for node "model.luxe_training.fact_stock_coverage"
[0m03:29:26.524528 [debug] [Thread-2 (]: Using snowflake connection "model.luxe_training.fact_stock_coverage"
[0m03:29:26.525064 [debug] [Thread-2 (]: On model.luxe_training.fact_stock_coverage: /* {"app": "dbt", "dbt_version": "1.9.4", "profile_name": "luxe_training", "target_name": "dwh", "node_id": "model.luxe_training.fact_stock_coverage"} */
create or replace transient table luxe_training.dwh.fact_stock_coverage
         as
        (SELECT
    i.product_id,
    i.store_id,
    i.stock_available,
    s.qty_sold_30d,
    s.avg_daily_sales,

    CASE
        WHEN s.avg_daily_sales > 0
        THEN i.stock_available / s.avg_daily_sales
        ELSE NULL
    END AS stock_coverage_days

FROM luxe_training.dwh.int_inventory_current i

LEFT JOIN luxe_training.dwh.int_sales_30d s
    ON i.product_id = s.product_id
    AND i.store_id = s.store_id
        );
[0m03:29:26.525547 [debug] [Thread-2 (]: Opening a new connection, currently in state init
[0m03:29:27.016078 [debug] [Thread-2 (]: Snowflake adapter: Snowflake query id: 01c72115-0002-1a51-0002-c11a000de922
[0m03:29:27.016758 [debug] [Thread-2 (]: Snowflake adapter: Snowflake error: 000904 (42000): SQL compilation error: error line 6 at position 4
invalid identifier 'I.STOCK_AVAILABLE'
[0m03:29:27.020544 [debug] [Thread-2 (]: Database Error in model fact_stock_coverage (models/marts/fact_stock_coverage.sql)
  000904 (42000): SQL compilation error: error line 6 at position 4
  invalid identifier 'I.STOCK_AVAILABLE'
  compiled code at target/run/luxe_training/models/marts/fact_stock_coverage.sql
[0m03:29:27.023075 [error] [Thread-2 (]: 1 of 1 ERROR creating sql table model dwh.fact_stock_coverage .................. [[31mERROR[0m in 0.54s]
[0m03:29:27.023799 [debug] [Thread-2 (]: Finished running node model.luxe_training.fact_stock_coverage
[0m03:29:27.024610 [debug] [Thread-12 ]: Marking all children of 'model.luxe_training.fact_stock_coverage' to be skipped because of status 'error'.  Reason: Database Error in model fact_stock_coverage (models/marts/fact_stock_coverage.sql)
  000904 (42000): SQL compilation error: error line 6 at position 4
  invalid identifier 'I.STOCK_AVAILABLE'
  compiled code at target/run/luxe_training/models/marts/fact_stock_coverage.sql.
[0m03:29:27.028448 [debug] [Dummy-1   ]: Connection 'master' was properly closed.
[0m03:29:27.028902 [debug] [Dummy-1   ]: Connection 'model.luxe_training.fact_stock_coverage' was properly closed.
[0m03:29:27.029346 [info ] [Dummy-1   ]: 
[0m03:29:27.029832 [info ] [Dummy-1   ]: Finished running 1 table model in 0 hours 0 minutes and 1.87 seconds (1.87s).
[0m03:29:27.030578 [debug] [Dummy-1   ]: Command end result
[0m03:29:27.055577 [debug] [Dummy-1   ]: Wrote artifact WritableManifest to /tmp/dbt/target/manifest.json
[0m03:29:27.057392 [debug] [Dummy-1   ]: Wrote artifact SemanticManifest to /tmp/dbt/target/semantic_manifest.json
[0m03:29:27.063141 [debug] [Dummy-1   ]: Wrote artifact RunExecutionResult to /tmp/dbt/target/run_results.json
[0m03:29:27.063561 [info ] [Dummy-1   ]: 
[0m03:29:27.064088 [info ] [Dummy-1   ]: [31mCompleted with 1 error, 0 partial successes, and 0 warnings:[0m
[0m03:29:27.064613 [info ] [Dummy-1   ]: 
[0m03:29:27.065161 [error] [Dummy-1   ]:   Database Error in model fact_stock_coverage (models/marts/fact_stock_coverage.sql)
  000904 (42000): SQL compilation error: error line 6 at position 4
  invalid identifier 'I.STOCK_AVAILABLE'
  compiled code at target/run/luxe_training/models/marts/fact_stock_coverage.sql
[0m03:29:27.065569 [info ] [Dummy-1   ]: 
[0m03:29:27.066025 [info ] [Dummy-1   ]: Done. PASS=0 WARN=0 ERROR=1 SKIP=0 TOTAL=1
[0m03:29:27.067549 [debug] [Dummy-1   ]: Resource report: {"command_name": "run", "command_success": false, "command_wall_clock_time": 3.2314796, "process_in_blocks": "0", "process_kernel_time": 0.78, "process_mem_max_rss": "485304", "process_out_blocks": "0", "process_user_time": 3.97}
[0m03:29:27.068111 [debug] [Dummy-1   ]: Command `cli run` failed at 03:29:27.067877 after 3.23 seconds
[0m03:29:27.068658 [debug] [Dummy-1   ]: Flushing usage events


============================== 03:29:50.928659 | 470ad0f4-fd99-4330-8041-9f591736605d ==============================
[0m03:29:50.928659 [info ] [Dummy-1   ]: Running with dbt=1.9.4
[0m03:29:50.929491 [debug] [Dummy-1   ]: running dbt with arguments {'printer_width': '80', 'indirect_selection': 'eager', 'write_json': 'True', 'log_cache_events': 'False', 'partial_parse': 'True', 'cache_selected_only': 'False', 'profiles_dir': '/tmp/dbt_effective_profiles_qd5yxxj5', 'version_check': 'True', 'debug': 'False', 'log_path': '/tmp/dbt/logs', 'fail_fast': 'False', 'warn_error': 'None', 'use_colors': 'True', 'use_experimental_parser': 'False', 'no_print': 'None', 'quiet': 'False', 'empty': 'False', 'warn_error_options': 'WarnErrorOptions(include=[], exclude=[])', 'introspect': 'True', 'log_format': 'default', 'static_parser': 'True', 'target_path': 'None', 'invocation_command': 'dbt ', 'send_anonymous_usage_stats': 'False'}
[0m03:29:51.202109 [info ] [Dummy-1   ]: Registered adapter: snowflake=1.9.2
[0m03:29:51.738870 [debug] [Dummy-1   ]: checksum: 7a8296c70615f566de89055485ae13d89ed1d40af3cf21b3b72f2284f73c401a, vars: {}, profile: , target: dwh, version: 1.9.4
[0m03:29:51.972334 [debug] [Dummy-1   ]: Partial parsing enabled: 0 files deleted, 0 files added, 1 files changed.
[0m03:29:51.973213 [debug] [Dummy-1   ]: Partial parsing: updated file: luxe_training://models/marts/fact_stock_coverage.sql
[0m03:29:52.472989 [debug] [Dummy-1   ]: Wrote artifact WritableManifest to /tmp/dbt/target/manifest.json
[0m03:29:52.474897 [debug] [Dummy-1   ]: Wrote artifact SemanticManifest to /tmp/dbt/target/semantic_manifest.json
[0m03:29:52.518121 [info ] [Dummy-1   ]: Found 13 models, 7 data tests, 6 sources, 474 macros
[0m03:29:52.520634 [info ] [Dummy-1   ]: 
[0m03:29:52.521157 [info ] [Dummy-1   ]: Concurrency: 8 threads (target='dwh')
[0m03:29:52.521616 [info ] [Dummy-1   ]: 
[0m03:29:52.522398 [debug] [Dummy-1   ]: Acquiring new snowflake connection 'master'
[0m03:29:52.524755 [debug] [ThreadPool]: Acquiring new snowflake connection 'list_luxe_training'
[0m03:29:52.620370 [debug] [ThreadPool]: Using snowflake connection "list_luxe_training"
[0m03:29:52.620935 [debug] [ThreadPool]: On list_luxe_training: /* {"app": "dbt", "dbt_version": "1.9.4", "profile_name": "luxe_training", "target_name": "dwh", "connection_name": "list_luxe_training"} */
show terse schemas in database luxe_training
    limit 10000
[0m03:29:52.621389 [debug] [ThreadPool]: Opening a new connection, currently in state init
[0m03:29:53.101433 [debug] [ThreadPool]: SQL status: SUCCESS 4 in 0.480 seconds
[0m03:29:53.109915 [debug] [ThreadPool]: Re-using an available connection from the pool (formerly list_luxe_training, now list_luxe_training_dwh)
[0m03:29:53.122562 [debug] [ThreadPool]: Using snowflake connection "list_luxe_training_dwh"
[0m03:29:53.123127 [debug] [ThreadPool]: On list_luxe_training_dwh: /* {"app": "dbt", "dbt_version": "1.9.4", "profile_name": "luxe_training", "target_name": "dwh", "connection_name": "list_luxe_training_dwh"} */
alter session set quoted_identifiers_ignore_case = false;
[0m03:29:53.123590 [debug] [ThreadPool]: Opening a new connection, currently in state init
[0m03:29:53.582758 [debug] [ThreadPool]: SQL status: SUCCESS 1 in 0.459 seconds
[0m03:29:53.587193 [debug] [ThreadPool]: Using snowflake connection "list_luxe_training_dwh"
[0m03:29:53.587699 [debug] [ThreadPool]: On list_luxe_training_dwh: /* {"app": "dbt", "dbt_version": "1.9.4", "profile_name": "luxe_training", "target_name": "dwh", "connection_name": "list_luxe_training_dwh"} */
show objects in luxe_training.dwh
    limit 10000
    
;
[0m03:29:53.712023 [debug] [ThreadPool]: SQL status: SUCCESS 12 in 0.124 seconds
[0m03:29:53.714389 [debug] [ThreadPool]: Using snowflake connection "list_luxe_training_dwh"
[0m03:29:53.715130 [debug] [ThreadPool]: On list_luxe_training_dwh: /* {"app": "dbt", "dbt_version": "1.9.4", "profile_name": "luxe_training", "target_name": "dwh", "connection_name": "list_luxe_training_dwh"} */
alter session unset quoted_identifiers_ignore_case;
[0m03:29:53.775401 [debug] [ThreadPool]: SQL status: SUCCESS 1 in 0.060 seconds
[0m03:29:53.795430 [debug] [Thread-2 (]: Began running node model.luxe_training.fact_stock_coverage
[0m03:29:53.796208 [info ] [Thread-2 (]: 1 of 1 START sql table model dwh.fact_stock_coverage ........................... [RUN]
[0m03:29:53.796954 [debug] [Thread-2 (]: Re-using an available connection from the pool (formerly list_luxe_training_dwh, now model.luxe_training.fact_stock_coverage)
[0m03:29:53.797444 [debug] [Thread-2 (]: Began compiling node model.luxe_training.fact_stock_coverage
[0m03:29:53.807183 [debug] [Thread-2 (]: Writing injected SQL for node "model.luxe_training.fact_stock_coverage"
[0m03:29:53.807922 [debug] [Thread-2 (]: Began executing node model.luxe_training.fact_stock_coverage
[0m03:29:53.840017 [debug] [Thread-2 (]: Writing runtime sql for node "model.luxe_training.fact_stock_coverage"
[0m03:29:53.841512 [debug] [Thread-2 (]: Using snowflake connection "model.luxe_training.fact_stock_coverage"
[0m03:29:53.842063 [debug] [Thread-2 (]: On model.luxe_training.fact_stock_coverage: /* {"app": "dbt", "dbt_version": "1.9.4", "profile_name": "luxe_training", "target_name": "dwh", "node_id": "model.luxe_training.fact_stock_coverage"} */
create or replace transient table luxe_training.dwh.fact_stock_coverage
         as
        (SELECT
    i.product_id,
    i.store_id,
    i.stock_qty,
    s.qty_sold_30d,
    s.avg_daily_sales,

    CASE
        WHEN s.avg_daily_sales > 0
        THEN i.stock_available / s.avg_daily_sales
        ELSE NULL
    END AS stock_coverage_days

FROM luxe_training.dwh.int_inventory_current i

LEFT JOIN luxe_training.dwh.int_sales_30d s
    ON i.product_id = s.product_id
    AND i.store_id = s.store_id
        );
[0m03:29:53.842529 [debug] [Thread-2 (]: Opening a new connection, currently in state init
[0m03:29:54.365399 [debug] [Thread-2 (]: Snowflake adapter: Snowflake query id: 01c72115-0002-17c3-0002-c11a000df332
[0m03:29:54.366004 [debug] [Thread-2 (]: Snowflake adapter: Snowflake error: 000904 (42000): SQL compilation error: error line 12 at position 13
invalid identifier 'I.STOCK_AVAILABLE'
[0m03:29:54.369847 [debug] [Thread-2 (]: Database Error in model fact_stock_coverage (models/marts/fact_stock_coverage.sql)
  000904 (42000): SQL compilation error: error line 12 at position 13
  invalid identifier 'I.STOCK_AVAILABLE'
  compiled code at target/run/luxe_training/models/marts/fact_stock_coverage.sql
[0m03:29:54.372503 [error] [Thread-2 (]: 1 of 1 ERROR creating sql table model dwh.fact_stock_coverage .................. [[31mERROR[0m in 0.57s]
[0m03:29:54.373225 [debug] [Thread-2 (]: Finished running node model.luxe_training.fact_stock_coverage
[0m03:29:54.374116 [debug] [Thread-12 ]: Marking all children of 'model.luxe_training.fact_stock_coverage' to be skipped because of status 'error'.  Reason: Database Error in model fact_stock_coverage (models/marts/fact_stock_coverage.sql)
  000904 (42000): SQL compilation error: error line 12 at position 13
  invalid identifier 'I.STOCK_AVAILABLE'
  compiled code at target/run/luxe_training/models/marts/fact_stock_coverage.sql.
[0m03:29:54.377964 [debug] [Dummy-1   ]: Connection 'master' was properly closed.
[0m03:29:54.378429 [debug] [Dummy-1   ]: Connection 'model.luxe_training.fact_stock_coverage' was properly closed.
[0m03:29:54.378885 [info ] [Dummy-1   ]: 
[0m03:29:54.379378 [info ] [Dummy-1   ]: Finished running 1 table model in 0 hours 0 minutes and 1.86 seconds (1.86s).
[0m03:29:54.380170 [debug] [Dummy-1   ]: Command end result
[0m03:29:54.405791 [debug] [Dummy-1   ]: Wrote artifact WritableManifest to /tmp/dbt/target/manifest.json
[0m03:29:54.407724 [debug] [Dummy-1   ]: Wrote artifact SemanticManifest to /tmp/dbt/target/semantic_manifest.json
[0m03:29:54.413757 [debug] [Dummy-1   ]: Wrote artifact RunExecutionResult to /tmp/dbt/target/run_results.json
[0m03:29:54.414230 [info ] [Dummy-1   ]: 
[0m03:29:54.414786 [info ] [Dummy-1   ]: [31mCompleted with 1 error, 0 partial successes, and 0 warnings:[0m
[0m03:29:54.415268 [info ] [Dummy-1   ]: 
[0m03:29:54.415816 [error] [Dummy-1   ]:   Database Error in model fact_stock_coverage (models/marts/fact_stock_coverage.sql)
  000904 (42000): SQL compilation error: error line 12 at position 13
  invalid identifier 'I.STOCK_AVAILABLE'
  compiled code at target/run/luxe_training/models/marts/fact_stock_coverage.sql
[0m03:29:54.416221 [info ] [Dummy-1   ]: 
[0m03:29:54.416745 [info ] [Dummy-1   ]: Done. PASS=0 WARN=0 ERROR=1 SKIP=0 TOTAL=1
[0m03:29:54.418393 [debug] [Dummy-1   ]: Resource report: {"command_name": "run", "command_success": false, "command_wall_clock_time": 3.5629294, "process_in_blocks": "0", "process_kernel_time": 0.79, "process_mem_max_rss": "537920", "process_out_blocks": "0", "process_user_time": 4.14}
[0m03:29:54.419009 [debug] [Dummy-1   ]: Command `cli run` failed at 03:29:54.418752 after 3.56 seconds
[0m03:29:54.419528 [debug] [Dummy-1   ]: Flushing usage events


============================== 03:30:49.501016 | 2ee204c1-f185-4e40-8fb3-1926bb4f9e21 ==============================
[0m03:30:49.501016 [info ] [Dummy-1   ]: Running with dbt=1.9.4
[0m03:30:49.501841 [debug] [Dummy-1   ]: running dbt with arguments {'printer_width': '80', 'indirect_selection': 'eager', 'write_json': 'True', 'log_cache_events': 'False', 'partial_parse': 'True', 'cache_selected_only': 'False', 'warn_error': 'None', 'debug': 'False', 'fail_fast': 'False', 'log_path': '/tmp/dbt/logs', 'version_check': 'True', 'profiles_dir': '/tmp/dbt_effective_profiles_xqla2kuo', 'use_colors': 'True', 'use_experimental_parser': 'False', 'no_print': 'None', 'quiet': 'False', 'empty': 'False', 'warn_error_options': 'WarnErrorOptions(include=[], exclude=[])', 'static_parser': 'True', 'log_format': 'default', 'invocation_command': 'dbt ', 'target_path': 'None', 'introspect': 'True', 'send_anonymous_usage_stats': 'False'}
[0m03:30:49.770069 [info ] [Dummy-1   ]: Registered adapter: snowflake=1.9.2
[0m03:30:50.282937 [debug] [Dummy-1   ]: checksum: 7a8296c70615f566de89055485ae13d89ed1d40af3cf21b3b72f2284f73c401a, vars: {}, profile: , target: dwh, version: 1.9.4
[0m03:30:50.504347 [debug] [Dummy-1   ]: Partial parsing enabled: 0 files deleted, 0 files added, 1 files changed.
[0m03:30:50.505198 [debug] [Dummy-1   ]: Partial parsing: updated file: luxe_training://models/marts/fact_stock_coverage.sql
[0m03:30:50.999103 [debug] [Dummy-1   ]: Wrote artifact WritableManifest to /tmp/dbt/target/manifest.json
[0m03:30:51.001151 [debug] [Dummy-1   ]: Wrote artifact SemanticManifest to /tmp/dbt/target/semantic_manifest.json
[0m03:30:51.042023 [info ] [Dummy-1   ]: Found 13 models, 7 data tests, 6 sources, 474 macros
[0m03:30:51.044485 [info ] [Dummy-1   ]: 
[0m03:30:51.045012 [info ] [Dummy-1   ]: Concurrency: 8 threads (target='dwh')
[0m03:30:51.045437 [info ] [Dummy-1   ]: 
[0m03:30:51.046232 [debug] [Dummy-1   ]: Acquiring new snowflake connection 'master'
[0m03:30:51.048553 [debug] [ThreadPool]: Acquiring new snowflake connection 'list_luxe_training'
[0m03:30:51.142679 [debug] [ThreadPool]: Using snowflake connection "list_luxe_training"
[0m03:30:51.143221 [debug] [ThreadPool]: On list_luxe_training: /* {"app": "dbt", "dbt_version": "1.9.4", "profile_name": "luxe_training", "target_name": "dwh", "connection_name": "list_luxe_training"} */
show terse schemas in database luxe_training
    limit 10000
[0m03:30:51.143671 [debug] [ThreadPool]: Opening a new connection, currently in state init
[0m03:30:51.712757 [debug] [ThreadPool]: SQL status: SUCCESS 4 in 0.569 seconds
[0m03:30:51.721095 [debug] [ThreadPool]: Re-using an available connection from the pool (formerly list_luxe_training, now list_luxe_training_dwh)
[0m03:30:51.733324 [debug] [ThreadPool]: Using snowflake connection "list_luxe_training_dwh"
[0m03:30:51.733834 [debug] [ThreadPool]: On list_luxe_training_dwh: /* {"app": "dbt", "dbt_version": "1.9.4", "profile_name": "luxe_training", "target_name": "dwh", "connection_name": "list_luxe_training_dwh"} */
alter session set quoted_identifiers_ignore_case = false;
[0m03:30:51.734251 [debug] [ThreadPool]: Opening a new connection, currently in state init
[0m03:30:52.311640 [debug] [ThreadPool]: SQL status: SUCCESS 1 in 0.577 seconds
[0m03:30:52.316019 [debug] [ThreadPool]: Using snowflake connection "list_luxe_training_dwh"
[0m03:30:52.316566 [debug] [ThreadPool]: On list_luxe_training_dwh: /* {"app": "dbt", "dbt_version": "1.9.4", "profile_name": "luxe_training", "target_name": "dwh", "connection_name": "list_luxe_training_dwh"} */
show objects in luxe_training.dwh
    limit 10000
    
;
[0m03:30:52.472462 [debug] [ThreadPool]: SQL status: SUCCESS 12 in 0.155 seconds
[0m03:30:52.474714 [debug] [ThreadPool]: Using snowflake connection "list_luxe_training_dwh"
[0m03:30:52.475188 [debug] [ThreadPool]: On list_luxe_training_dwh: /* {"app": "dbt", "dbt_version": "1.9.4", "profile_name": "luxe_training", "target_name": "dwh", "connection_name": "list_luxe_training_dwh"} */
alter session unset quoted_identifiers_ignore_case;
[0m03:30:52.536128 [debug] [ThreadPool]: SQL status: SUCCESS 1 in 0.060 seconds
[0m03:30:52.554741 [debug] [Thread-2 (]: Began running node model.luxe_training.fact_stock_coverage
[0m03:30:52.555458 [info ] [Thread-2 (]: 1 of 1 START sql table model dwh.fact_stock_coverage ........................... [RUN]
[0m03:30:52.556078 [debug] [Thread-2 (]: Re-using an available connection from the pool (formerly list_luxe_training_dwh, now model.luxe_training.fact_stock_coverage)
[0m03:30:52.556627 [debug] [Thread-2 (]: Began compiling node model.luxe_training.fact_stock_coverage
[0m03:30:52.566174 [debug] [Thread-2 (]: Writing injected SQL for node "model.luxe_training.fact_stock_coverage"
[0m03:30:52.566917 [debug] [Thread-2 (]: Began executing node model.luxe_training.fact_stock_coverage
[0m03:30:52.598297 [debug] [Thread-2 (]: Writing runtime sql for node "model.luxe_training.fact_stock_coverage"
[0m03:30:52.599683 [debug] [Thread-2 (]: Using snowflake connection "model.luxe_training.fact_stock_coverage"
[0m03:30:52.600214 [debug] [Thread-2 (]: On model.luxe_training.fact_stock_coverage: /* {"app": "dbt", "dbt_version": "1.9.4", "profile_name": "luxe_training", "target_name": "dwh", "node_id": "model.luxe_training.fact_stock_coverage"} */
create or replace transient table luxe_training.dwh.fact_stock_coverage
         as
        (SELECT
    i.product_id,
    i.store_id,
    i.stock_qty,
    s.qty_sold_30d,
    s.avg_daily_sales,

    CASE
        WHEN s.avg_daily_sales > 0
        THEN i.stock_qty / s.avg_daily_sales
        ELSE NULL
    END AS stock_coverage_days

FROM luxe_training.dwh.int_inventory_current i

LEFT JOIN luxe_training.dwh.int_sales_30d s
    ON i.product_id = s.product_id
    AND i.store_id = s.store_id
        );
[0m03:30:52.600775 [debug] [Thread-2 (]: Opening a new connection, currently in state init
[0m03:30:53.791992 [debug] [Thread-2 (]: SQL status: SUCCESS 1 in 1.191 seconds
[0m03:30:53.814618 [info ] [Thread-2 (]: 1 of 1 OK created sql table model dwh.fact_stock_coverage ...................... [[32mSUCCESS 1[0m in 1.26s]
[0m03:30:53.815409 [debug] [Thread-2 (]: Finished running node model.luxe_training.fact_stock_coverage
[0m03:30:53.818894 [debug] [Dummy-1   ]: Connection 'master' was properly closed.
[0m03:30:53.819351 [debug] [Dummy-1   ]: Connection 'model.luxe_training.fact_stock_coverage' was properly closed.
[0m03:30:53.819770 [info ] [Dummy-1   ]: 
[0m03:30:53.820235 [info ] [Dummy-1   ]: Finished running 1 table model in 0 hours 0 minutes and 2.77 seconds (2.77s).
[0m03:30:53.821047 [debug] [Dummy-1   ]: Command end result
[0m03:30:53.845914 [debug] [Dummy-1   ]: Wrote artifact WritableManifest to /tmp/dbt/target/manifest.json
[0m03:30:53.847673 [debug] [Dummy-1   ]: Wrote artifact SemanticManifest to /tmp/dbt/target/semantic_manifest.json
[0m03:30:53.853453 [debug] [Dummy-1   ]: Wrote artifact RunExecutionResult to /tmp/dbt/target/run_results.json
[0m03:30:53.853919 [info ] [Dummy-1   ]: 
[0m03:30:53.854514 [info ] [Dummy-1   ]: [32mCompleted successfully[0m
[0m03:30:53.854954 [info ] [Dummy-1   ]: 
[0m03:30:53.855383 [info ] [Dummy-1   ]: Done. PASS=1 WARN=0 ERROR=0 SKIP=0 TOTAL=1
[0m03:30:53.857085 [debug] [Dummy-1   ]: Resource report: {"command_name": "run", "command_success": true, "command_wall_clock_time": 4.4278626, "process_in_blocks": "0", "process_kernel_time": 0.84, "process_mem_max_rss": "542520", "process_out_blocks": "0", "process_user_time": 4.27}
[0m03:30:53.857719 [debug] [Dummy-1   ]: Command `cli run` succeeded at 03:30:53.857443 after 4.43 seconds
[0m03:30:53.858246 [debug] [Dummy-1   ]: Flushing usage events


============================== 03:31:17.071383 | be1a3613-44d4-44ee-bd4e-a29e473fface ==============================
[0m03:31:17.071383 [info ] [Dummy-1   ]: Running with dbt=1.9.4
[0m03:31:17.072231 [debug] [Dummy-1   ]: running dbt with arguments {'printer_width': '80', 'indirect_selection': 'eager', 'write_json': 'True', 'log_cache_events': 'False', 'partial_parse': 'True', 'cache_selected_only': 'False', 'profiles_dir': '/tmp/dbt_effective_profiles_1scotzsv', 'fail_fast': 'False', 'version_check': 'True', 'log_path': '/tmp/dbt/logs', 'debug': 'False', 'warn_error': 'None', 'use_colors': 'True', 'use_experimental_parser': 'False', 'empty': 'False', 'quiet': 'False', 'no_print': 'None', 'warn_error_options': 'WarnErrorOptions(include=[], exclude=[])', 'introspect': 'True', 'static_parser': 'True', 'log_format': 'default', 'target_path': 'None', 'invocation_command': 'dbt ', 'send_anonymous_usage_stats': 'False'}
[0m03:31:17.343762 [info ] [Dummy-1   ]: Registered adapter: snowflake=1.9.2
[0m03:31:17.869511 [debug] [Dummy-1   ]: checksum: 7a8296c70615f566de89055485ae13d89ed1d40af3cf21b3b72f2284f73c401a, vars: {}, profile: , target: dwh, version: 1.9.4
[0m03:31:18.083081 [debug] [Dummy-1   ]: Partial parsing enabled: 0 files deleted, 0 files added, 0 files changed.
[0m03:31:18.083628 [debug] [Dummy-1   ]: Partial parsing enabled, no changes found, skipping parsing
[0m03:31:18.276012 [debug] [Dummy-1   ]: Wrote artifact WritableManifest to /tmp/dbt/target/manifest.json
[0m03:31:18.278112 [debug] [Dummy-1   ]: Wrote artifact SemanticManifest to /tmp/dbt/target/semantic_manifest.json
[0m03:31:18.312877 [info ] [Dummy-1   ]: Found 13 models, 7 data tests, 6 sources, 474 macros
[0m03:31:18.315542 [info ] [Dummy-1   ]: 
[0m03:31:18.316164 [info ] [Dummy-1   ]: Concurrency: 8 threads (target='dwh')
[0m03:31:18.316701 [info ] [Dummy-1   ]: 
[0m03:31:18.317426 [debug] [Dummy-1   ]: Acquiring new snowflake connection 'master'
[0m03:31:18.324000 [debug] [ThreadPool]: Acquiring new snowflake connection 'list_luxe_training_dwh'
[0m03:31:18.434181 [debug] [ThreadPool]: Using snowflake connection "list_luxe_training_dwh"
[0m03:31:18.434767 [debug] [ThreadPool]: On list_luxe_training_dwh: /* {"app": "dbt", "dbt_version": "1.9.4", "profile_name": "luxe_training", "target_name": "dwh", "connection_name": "list_luxe_training_dwh"} */
alter session set quoted_identifiers_ignore_case = false;
[0m03:31:18.435207 [debug] [ThreadPool]: Opening a new connection, currently in state init
[0m03:31:18.872795 [debug] [ThreadPool]: SQL status: SUCCESS 1 in 0.437 seconds
[0m03:31:18.877223 [debug] [ThreadPool]: Using snowflake connection "list_luxe_training_dwh"
[0m03:31:18.877733 [debug] [ThreadPool]: On list_luxe_training_dwh: /* {"app": "dbt", "dbt_version": "1.9.4", "profile_name": "luxe_training", "target_name": "dwh", "connection_name": "list_luxe_training_dwh"} */
show objects in luxe_training.dwh
    limit 10000
    
;
[0m03:31:18.986059 [debug] [ThreadPool]: SQL status: SUCCESS 13 in 0.108 seconds
[0m03:31:18.988496 [debug] [ThreadPool]: Using snowflake connection "list_luxe_training_dwh"
[0m03:31:18.988978 [debug] [ThreadPool]: On list_luxe_training_dwh: /* {"app": "dbt", "dbt_version": "1.9.4", "profile_name": "luxe_training", "target_name": "dwh", "connection_name": "list_luxe_training_dwh"} */
alter session unset quoted_identifiers_ignore_case;
[0m03:31:19.047963 [debug] [ThreadPool]: SQL status: SUCCESS 1 in 0.058 seconds
[0m03:31:19.067955 [debug] [Thread-2 (]: Began running node model.luxe_training.stg_customers
[0m03:31:19.068620 [debug] [Thread-3 (]: Began running node model.luxe_training.stg_inventory
[0m03:31:19.069181 [debug] [Thread-4 (]: Began running node model.luxe_training.stg_products
[0m03:31:19.069754 [debug] [Thread-5 (]: Began running node model.luxe_training.stg_sales
[0m03:31:19.070280 [debug] [Thread-6 (]: Began running node model.luxe_training.stg_stores
[0m03:31:19.070890 [debug] [Thread-2 (]: Re-using an available connection from the pool (formerly list_luxe_training_dwh, now model.luxe_training.stg_customers)
[0m03:31:19.071575 [debug] [Thread-3 (]: Acquiring new snowflake connection 'model.luxe_training.stg_inventory'
[0m03:31:19.072314 [debug] [Thread-4 (]: Acquiring new snowflake connection 'model.luxe_training.stg_products'
[0m03:31:19.072969 [debug] [Thread-5 (]: Acquiring new snowflake connection 'model.luxe_training.stg_sales'
[0m03:31:19.073611 [debug] [Thread-6 (]: Acquiring new snowflake connection 'model.luxe_training.stg_stores'
[0m03:31:19.074139 [debug] [Thread-2 (]: Began compiling node model.luxe_training.stg_customers
[0m03:31:19.074602 [debug] [Thread-3 (]: Began compiling node model.luxe_training.stg_inventory
[0m03:31:19.075101 [debug] [Thread-4 (]: Began compiling node model.luxe_training.stg_products
[0m03:31:19.075571 [debug] [Thread-5 (]: Began compiling node model.luxe_training.stg_sales
[0m03:31:19.076032 [debug] [Thread-6 (]: Began compiling node model.luxe_training.stg_stores
[0m03:31:19.085011 [debug] [Thread-2 (]: Writing injected SQL for node "model.luxe_training.stg_customers"
[0m03:31:19.089298 [debug] [Thread-3 (]: Writing injected SQL for node "model.luxe_training.stg_inventory"
[0m03:31:19.094360 [debug] [Thread-4 (]: Writing injected SQL for node "model.luxe_training.stg_products"
[0m03:31:19.098396 [debug] [Thread-5 (]: Writing injected SQL for node "model.luxe_training.stg_sales"
[0m03:31:19.102282 [debug] [Thread-6 (]: Writing injected SQL for node "model.luxe_training.stg_stores"
[0m03:31:19.103411 [debug] [Thread-2 (]: Began executing node model.luxe_training.stg_customers
[0m03:31:19.104212 [debug] [Thread-3 (]: Began executing node model.luxe_training.stg_inventory
[0m03:31:19.105244 [debug] [Thread-4 (]: Began executing node model.luxe_training.stg_products
[0m03:31:19.105947 [debug] [Thread-5 (]: Began executing node model.luxe_training.stg_sales
[0m03:31:19.106889 [debug] [Thread-2 (]: Finished running node model.luxe_training.stg_customers
[0m03:31:19.107483 [debug] [Thread-6 (]: Began executing node model.luxe_training.stg_stores
[0m03:31:19.108241 [debug] [Thread-3 (]: Finished running node model.luxe_training.stg_inventory
[0m03:31:19.109071 [debug] [Thread-4 (]: Finished running node model.luxe_training.stg_products
[0m03:31:19.109838 [debug] [Thread-5 (]: Finished running node model.luxe_training.stg_sales
[0m03:31:19.110862 [debug] [Thread-8 (]: Began running node model.luxe_training.dim_customer
[0m03:31:19.111602 [debug] [Thread-6 (]: Finished running node model.luxe_training.stg_stores
[0m03:31:19.112569 [debug] [Thread-7 (]: Began running node model.luxe_training.fact_inventory
[0m03:31:19.113065 [debug] [Thread-2 (]: Began running node model.luxe_training.int_inventory_current
[0m03:31:19.113847 [debug] [Thread-3 (]: Began running node model.luxe_training.dim_product
[0m03:31:19.114839 [debug] [Thread-9 (]: Began running node model.luxe_training.fact_sales
[0m03:31:19.115514 [debug] [Thread-8 (]: Acquiring new snowflake connection 'model.luxe_training.dim_customer'
[0m03:31:19.116007 [debug] [Thread-4 (]: Began running node model.luxe_training.int_sales_30d
[0m03:31:19.116899 [debug] [Thread-5 (]: Began running node model.luxe_training.dim_store
[0m03:31:19.117551 [debug] [Thread-7 (]: Acquiring new snowflake connection 'model.luxe_training.fact_inventory'
[0m03:31:19.118133 [debug] [Thread-2 (]: Re-using an available connection from the pool (formerly model.luxe_training.stg_customers, now model.luxe_training.int_inventory_current)
[0m03:31:19.118729 [debug] [Thread-3 (]: Re-using an available connection from the pool (formerly model.luxe_training.stg_inventory, now model.luxe_training.dim_product)
[0m03:31:19.119537 [debug] [Thread-9 (]: Acquiring new snowflake connection 'model.luxe_training.fact_sales'
[0m03:31:19.120039 [debug] [Thread-8 (]: Began compiling node model.luxe_training.dim_customer
[0m03:31:19.120692 [debug] [Thread-4 (]: Re-using an available connection from the pool (formerly model.luxe_training.stg_products, now model.luxe_training.int_sales_30d)
[0m03:31:19.121244 [debug] [Thread-5 (]: Re-using an available connection from the pool (formerly model.luxe_training.stg_sales, now model.luxe_training.dim_store)
[0m03:31:19.121755 [debug] [Thread-7 (]: Began compiling node model.luxe_training.fact_inventory
[0m03:31:19.122265 [debug] [Thread-2 (]: Began compiling node model.luxe_training.int_inventory_current
[0m03:31:19.122713 [debug] [Thread-3 (]: Began compiling node model.luxe_training.dim_product
[0m03:31:19.123180 [debug] [Thread-9 (]: Began compiling node model.luxe_training.fact_sales
[0m03:31:19.127477 [debug] [Thread-8 (]: Writing injected SQL for node "model.luxe_training.dim_customer"
[0m03:31:19.128023 [debug] [Thread-4 (]: Began compiling node model.luxe_training.int_sales_30d
[0m03:31:19.128566 [debug] [Thread-5 (]: Began compiling node model.luxe_training.dim_store
[0m03:31:19.132653 [debug] [Thread-7 (]: Writing injected SQL for node "model.luxe_training.fact_inventory"
[0m03:31:19.137760 [debug] [Thread-2 (]: Writing injected SQL for node "model.luxe_training.int_inventory_current"
[0m03:31:19.141475 [debug] [Thread-3 (]: Writing injected SQL for node "model.luxe_training.dim_product"
[0m03:31:19.145135 [debug] [Thread-9 (]: Writing injected SQL for node "model.luxe_training.fact_sales"
[0m03:31:19.149011 [debug] [Thread-4 (]: Writing injected SQL for node "model.luxe_training.int_sales_30d"
[0m03:31:19.149625 [debug] [Thread-8 (]: Began executing node model.luxe_training.dim_customer
[0m03:31:19.153424 [debug] [Thread-5 (]: Writing injected SQL for node "model.luxe_training.dim_store"
[0m03:31:19.154363 [debug] [Thread-7 (]: Began executing node model.luxe_training.fact_inventory
[0m03:31:19.155034 [debug] [Thread-2 (]: Began executing node model.luxe_training.int_inventory_current
[0m03:31:19.155762 [debug] [Thread-3 (]: Began executing node model.luxe_training.dim_product
[0m03:31:19.156532 [debug] [Thread-9 (]: Began executing node model.luxe_training.fact_sales
[0m03:31:19.157372 [debug] [Thread-8 (]: Finished running node model.luxe_training.dim_customer
[0m03:31:19.157958 [debug] [Thread-4 (]: Began executing node model.luxe_training.int_sales_30d
[0m03:31:19.158951 [debug] [Thread-7 (]: Finished running node model.luxe_training.fact_inventory
[0m03:31:19.159392 [debug] [Thread-5 (]: Began executing node model.luxe_training.dim_store
[0m03:31:19.160131 [debug] [Thread-2 (]: Finished running node model.luxe_training.int_inventory_current
[0m03:31:19.160903 [debug] [Thread-3 (]: Finished running node model.luxe_training.dim_product
[0m03:31:19.161597 [debug] [Thread-9 (]: Finished running node model.luxe_training.fact_sales
[0m03:31:19.165154 [debug] [Thread-8 (]: Began running node test.luxe_training.unique_dim_product_product_id.46495bf7fe
[0m03:31:19.163539 [debug] [Thread-5 (]: Finished running node model.luxe_training.dim_store
[0m03:31:19.164643 [debug] [Thread-6 (]: Began running node test.luxe_training.not_null_dim_product_product_id.02b1f06816
[0m03:31:19.162535 [debug] [Thread-4 (]: Finished running node model.luxe_training.int_sales_30d
[0m03:31:19.165946 [debug] [Thread-2 (]: Began running node test.luxe_training.not_null_fact_sales_quantity.123217c37f
[0m03:31:19.166443 [debug] [Thread-3 (]: Began running node test.luxe_training.not_null_fact_sales_sale_id.ea1dca7100
[0m03:31:19.166912 [debug] [Thread-9 (]: Began running node test.luxe_training.unique_fact_sales_sale_id.16dc554bac
[0m03:31:19.167421 [debug] [Thread-8 (]: Re-using an available connection from the pool (formerly model.luxe_training.dim_customer, now test.luxe_training.unique_dim_product_product_id.46495bf7fe)
[0m03:31:19.168221 [debug] [Thread-7 (]: Began running node test.luxe_training.not_null_dim_store_store_id.8cb7c6ace0
[0m03:31:19.168771 [debug] [Thread-5 (]: Began running node test.luxe_training.unique_dim_store_store_id.90e408e197
[0m03:31:19.169287 [debug] [Thread-6 (]: Re-using an available connection from the pool (formerly model.luxe_training.stg_stores, now test.luxe_training.not_null_dim_product_product_id.02b1f06816)
[0m03:31:19.170089 [debug] [Thread-4 (]: Began running node model.luxe_training.fact_stock_coverage
[0m03:31:19.170660 [debug] [Thread-2 (]: Re-using an available connection from the pool (formerly model.luxe_training.int_inventory_current, now test.luxe_training.not_null_fact_sales_quantity.123217c37f)
[0m03:31:19.171215 [debug] [Thread-3 (]: Re-using an available connection from the pool (formerly model.luxe_training.dim_product, now test.luxe_training.not_null_fact_sales_sale_id.ea1dca7100)
[0m03:31:19.171745 [debug] [Thread-9 (]: Re-using an available connection from the pool (formerly model.luxe_training.fact_sales, now test.luxe_training.unique_fact_sales_sale_id.16dc554bac)
[0m03:31:19.172222 [debug] [Thread-8 (]: Began compiling node test.luxe_training.unique_dim_product_product_id.46495bf7fe
[0m03:31:19.172801 [debug] [Thread-7 (]: Re-using an available connection from the pool (formerly model.luxe_training.fact_inventory, now test.luxe_training.not_null_dim_store_store_id.8cb7c6ace0)
[0m03:31:19.173363 [debug] [Thread-5 (]: Re-using an available connection from the pool (formerly model.luxe_training.dim_store, now test.luxe_training.unique_dim_store_store_id.90e408e197)
[0m03:31:19.173867 [debug] [Thread-6 (]: Began compiling node test.luxe_training.not_null_dim_product_product_id.02b1f06816
[0m03:31:19.174431 [debug] [Thread-4 (]: Re-using an available connection from the pool (formerly model.luxe_training.int_sales_30d, now model.luxe_training.fact_stock_coverage)
[0m03:31:19.174930 [debug] [Thread-2 (]: Began compiling node test.luxe_training.not_null_fact_sales_quantity.123217c37f
[0m03:31:19.175391 [debug] [Thread-3 (]: Began compiling node test.luxe_training.not_null_fact_sales_sale_id.ea1dca7100
[0m03:31:19.175859 [debug] [Thread-9 (]: Began compiling node test.luxe_training.unique_fact_sales_sale_id.16dc554bac
[0m03:31:19.188927 [debug] [Thread-8 (]: Writing injected SQL for node "test.luxe_training.unique_dim_product_product_id.46495bf7fe"
[0m03:31:19.189505 [debug] [Thread-7 (]: Began compiling node test.luxe_training.not_null_dim_store_store_id.8cb7c6ace0
[0m03:31:19.190100 [debug] [Thread-5 (]: Began compiling node test.luxe_training.unique_dim_store_store_id.90e408e197
[0m03:31:19.200000 [debug] [Thread-6 (]: Writing injected SQL for node "test.luxe_training.not_null_dim_product_product_id.02b1f06816"
[0m03:31:19.200610 [debug] [Thread-4 (]: Began compiling node model.luxe_training.fact_stock_coverage
[0m03:31:19.205589 [debug] [Thread-2 (]: Writing injected SQL for node "test.luxe_training.not_null_fact_sales_quantity.123217c37f"
[0m03:31:19.210729 [debug] [Thread-3 (]: Writing injected SQL for node "test.luxe_training.not_null_fact_sales_sale_id.ea1dca7100"
[0m03:31:19.215590 [debug] [Thread-9 (]: Writing injected SQL for node "test.luxe_training.unique_fact_sales_sale_id.16dc554bac"
[0m03:31:19.222371 [debug] [Thread-7 (]: Writing injected SQL for node "test.luxe_training.not_null_dim_store_store_id.8cb7c6ace0"
[0m03:31:19.222968 [debug] [Thread-8 (]: Began executing node test.luxe_training.unique_dim_product_product_id.46495bf7fe
[0m03:31:19.227935 [debug] [Thread-5 (]: Writing injected SQL for node "test.luxe_training.unique_dim_store_store_id.90e408e197"
[0m03:31:19.232121 [debug] [Thread-4 (]: Writing injected SQL for node "model.luxe_training.fact_stock_coverage"
[0m03:31:19.232734 [debug] [Thread-6 (]: Began executing node test.luxe_training.not_null_dim_product_product_id.02b1f06816
[0m03:31:19.233657 [debug] [Thread-2 (]: Began executing node test.luxe_training.not_null_fact_sales_quantity.123217c37f
[0m03:31:19.234538 [debug] [Thread-3 (]: Began executing node test.luxe_training.not_null_fact_sales_sale_id.ea1dca7100
[0m03:31:19.235350 [debug] [Thread-9 (]: Began executing node test.luxe_training.unique_fact_sales_sale_id.16dc554bac
[0m03:31:19.236200 [debug] [Thread-8 (]: Finished running node test.luxe_training.unique_dim_product_product_id.46495bf7fe
[0m03:31:19.236720 [debug] [Thread-7 (]: Began executing node test.luxe_training.not_null_dim_store_store_id.8cb7c6ace0
[0m03:31:19.237702 [debug] [Thread-5 (]: Began executing node test.luxe_training.unique_dim_store_store_id.90e408e197
[0m03:31:19.238506 [debug] [Thread-6 (]: Finished running node test.luxe_training.not_null_dim_product_product_id.02b1f06816
[0m03:31:19.239021 [debug] [Thread-4 (]: Began executing node model.luxe_training.fact_stock_coverage
[0m03:31:19.239743 [debug] [Thread-2 (]: Finished running node test.luxe_training.not_null_fact_sales_quantity.123217c37f
[0m03:31:19.240548 [debug] [Thread-3 (]: Finished running node test.luxe_training.not_null_fact_sales_sale_id.ea1dca7100
[0m03:31:19.241262 [debug] [Thread-9 (]: Finished running node test.luxe_training.unique_fact_sales_sale_id.16dc554bac
[0m03:31:19.242174 [debug] [Thread-7 (]: Finished running node test.luxe_training.not_null_dim_store_store_id.8cb7c6ace0
[0m03:31:19.242916 [debug] [Thread-5 (]: Finished running node test.luxe_training.unique_dim_store_store_id.90e408e197
[0m03:31:19.243772 [debug] [Thread-4 (]: Finished running node model.luxe_training.fact_stock_coverage
[0m03:31:19.247596 [debug] [Dummy-1   ]: Connection 'master' was properly closed.
[0m03:31:19.248121 [debug] [Dummy-1   ]: Connection 'test.luxe_training.not_null_fact_sales_quantity.123217c37f' was properly closed.
[0m03:31:19.248599 [debug] [Dummy-1   ]: Connection 'test.luxe_training.not_null_fact_sales_sale_id.ea1dca7100' was properly closed.
[0m03:31:19.248988 [debug] [Dummy-1   ]: Connection 'model.luxe_training.fact_stock_coverage' was properly closed.
[0m03:31:19.249351 [debug] [Dummy-1   ]: Connection 'test.luxe_training.unique_dim_store_store_id.90e408e197' was properly closed.
[0m03:31:19.249716 [debug] [Dummy-1   ]: Connection 'test.luxe_training.not_null_dim_product_product_id.02b1f06816' was properly closed.
[0m03:31:19.250067 [debug] [Dummy-1   ]: Connection 'test.luxe_training.unique_dim_product_product_id.46495bf7fe' was properly closed.
[0m03:31:19.250411 [debug] [Dummy-1   ]: Connection 'test.luxe_training.not_null_dim_store_store_id.8cb7c6ace0' was properly closed.
[0m03:31:19.250758 [debug] [Dummy-1   ]: Connection 'test.luxe_training.unique_fact_sales_sale_id.16dc554bac' was properly closed.
[0m03:31:19.253375 [debug] [Dummy-1   ]: Command end result
[0m03:31:19.278357 [debug] [Dummy-1   ]: Wrote artifact WritableManifest to /tmp/dbt/target/manifest.json
[0m03:31:19.280075 [debug] [Dummy-1   ]: Wrote artifact SemanticManifest to /tmp/dbt/target/semantic_manifest.json
[0m03:31:19.287206 [debug] [Dummy-1   ]: Wrote artifact RunExecutionResult to /tmp/dbt/target/run_results.json
[0m03:31:19.288988 [debug] [Dummy-1   ]: Resource report: {"command_name": "compile", "command_success": true, "command_wall_clock_time": 2.2900906, "process_in_blocks": "0", "process_kernel_time": 0.84, "process_mem_max_rss": "487848", "process_out_blocks": "0", "process_user_time": 4.1}
[0m03:31:19.289606 [debug] [Dummy-1   ]: Command `cli compile` succeeded at 03:31:19.289349 after 2.29 seconds
[0m03:31:19.290117 [debug] [Dummy-1   ]: Flushing usage events


============================== 08:01:17.224433 | 8e171c70-2a34-41a0-8068-697ddbd19b1e ==============================
[0m08:01:17.224433 [info ] [Dummy-1   ]: Running with dbt=1.9.4
[0m08:01:17.225301 [debug] [Dummy-1   ]: running dbt with arguments {'printer_width': '80', 'indirect_selection': 'eager', 'write_json': 'True', 'log_cache_events': 'False', 'partial_parse': 'True', 'cache_selected_only': 'False', 'profiles_dir': '/tmp/dbt_effective_profiles_5nb3y1b9', 'fail_fast': 'False', 'debug': 'False', 'log_path': '/tmp/dbt/logs', 'warn_error': 'None', 'version_check': 'True', 'use_colors': 'True', 'use_experimental_parser': 'False', 'no_print': 'None', 'quiet': 'False', 'empty': 'False', 'warn_error_options': 'WarnErrorOptions(include=[], exclude=[])', 'invocation_command': 'dbt ', 'introspect': 'True', 'log_format': 'default', 'target_path': 'None', 'static_parser': 'True', 'send_anonymous_usage_stats': 'False'}
[0m08:01:17.495310 [info ] [Dummy-1   ]: Registered adapter: snowflake=1.9.2
[0m08:01:18.017059 [debug] [Dummy-1   ]: checksum: 7a8296c70615f566de89055485ae13d89ed1d40af3cf21b3b72f2284f73c401a, vars: {}, profile: , target: dwh, version: 1.9.4
[0m08:01:18.238771 [debug] [Dummy-1   ]: Partial parsing enabled: 0 files deleted, 1 files added, 0 files changed.
[0m08:01:18.239615 [debug] [Dummy-1   ]: Partial parsing: added file: luxe_training://models/marts/fact_stock_coverage.py
[0m08:01:18.552441 [error] [Dummy-1   ]: Encountered an error:
Compilation Error
  dbt found two models with the name "fact_stock_coverage".
  
  Since these resources have the same name, dbt will be unable to find the correct resource
  when looking for ref("fact_stock_coverage").
  
  To fix this, change the name of one of these resources:
  - model.luxe_training.fact_stock_coverage (models/marts/fact_stock_coverage.py)
  - model.luxe_training.fact_stock_coverage (models/marts/fact_stock_coverage.sql)
[0m08:01:18.554232 [debug] [Dummy-1   ]: Resource report: {"command_name": "run", "command_success": false, "command_wall_clock_time": 1.4018074, "process_in_blocks": "0", "process_kernel_time": 0.8, "process_mem_max_rss": "411076", "process_out_blocks": "0", "process_user_time": 3.75}
[0m08:01:18.554850 [debug] [Dummy-1   ]: Command `cli run` failed at 08:01:18.554629 after 1.40 seconds
[0m08:01:18.555387 [debug] [Dummy-1   ]: Flushing usage events


============================== 08:03:02.480100 | d11e5165-239b-4aa0-b436-6b41a27303bb ==============================
[0m08:03:02.480100 [info ] [Dummy-1   ]: Running with dbt=1.9.4
[0m08:03:02.481013 [debug] [Dummy-1   ]: running dbt with arguments {'printer_width': '80', 'indirect_selection': 'eager', 'log_cache_events': 'False', 'write_json': 'True', 'partial_parse': 'True', 'cache_selected_only': 'False', 'warn_error': 'None', 'fail_fast': 'False', 'version_check': 'True', 'log_path': '/tmp/dbt/logs', 'debug': 'False', 'profiles_dir': '/tmp/dbt_effective_profiles_jo50m385', 'use_colors': 'True', 'use_experimental_parser': 'False', 'no_print': 'None', 'quiet': 'False', 'empty': 'False', 'log_format': 'default', 'introspect': 'True', 'warn_error_options': 'WarnErrorOptions(include=[], exclude=[])', 'static_parser': 'True', 'target_path': 'None', 'invocation_command': 'dbt ', 'send_anonymous_usage_stats': 'False'}
[0m08:03:02.749968 [info ] [Dummy-1   ]: Registered adapter: snowflake=1.9.2
[0m08:03:03.289225 [debug] [Dummy-1   ]: checksum: 7a8296c70615f566de89055485ae13d89ed1d40af3cf21b3b72f2284f73c401a, vars: {}, profile: , target: dwh, version: 1.9.4
[0m08:03:03.519234 [debug] [Dummy-1   ]: Partial parsing enabled: 0 files deleted, 1 files added, 0 files changed.
[0m08:03:03.520031 [debug] [Dummy-1   ]: Partial parsing: added file: luxe_training://models/marts/fact_stock_coverage2.py
[0m08:03:04.009815 [debug] [Dummy-1   ]: Wrote artifact WritableManifest to /tmp/dbt/target/manifest.json
[0m08:03:04.012458 [debug] [Dummy-1   ]: Wrote artifact SemanticManifest to /tmp/dbt/target/semantic_manifest.json
[0m08:03:04.054549 [info ] [Dummy-1   ]: Found 14 models, 7 data tests, 6 sources, 474 macros
[0m08:03:04.057004 [info ] [Dummy-1   ]: 
[0m08:03:04.057617 [info ] [Dummy-1   ]: Concurrency: 8 threads (target='dwh')
[0m08:03:04.058084 [info ] [Dummy-1   ]: 
[0m08:03:04.058766 [debug] [Dummy-1   ]: Acquiring new snowflake connection 'master'
[0m08:03:04.060992 [debug] [ThreadPool]: Acquiring new snowflake connection 'list_luxe_training'
[0m08:03:04.158240 [debug] [ThreadPool]: Using snowflake connection "list_luxe_training"
[0m08:03:04.158823 [debug] [ThreadPool]: On list_luxe_training: /* {"app": "dbt", "dbt_version": "1.9.4", "profile_name": "luxe_training", "target_name": "dwh", "connection_name": "list_luxe_training"} */
show terse schemas in database luxe_training
    limit 10000
[0m08:03:04.159300 [debug] [ThreadPool]: Opening a new connection, currently in state init
[0m08:03:04.705736 [debug] [ThreadPool]: SQL status: SUCCESS 4 in 0.546 seconds
[0m08:03:04.714017 [debug] [ThreadPool]: Re-using an available connection from the pool (formerly list_luxe_training, now list_luxe_training_dwh)
[0m08:03:04.726742 [debug] [ThreadPool]: Using snowflake connection "list_luxe_training_dwh"
[0m08:03:04.727226 [debug] [ThreadPool]: On list_luxe_training_dwh: /* {"app": "dbt", "dbt_version": "1.9.4", "profile_name": "luxe_training", "target_name": "dwh", "connection_name": "list_luxe_training_dwh"} */
alter session set quoted_identifiers_ignore_case = false;
[0m08:03:04.727639 [debug] [ThreadPool]: Opening a new connection, currently in state init
[0m08:03:05.286865 [debug] [ThreadPool]: SQL status: SUCCESS 1 in 0.559 seconds
[0m08:03:05.291463 [debug] [ThreadPool]: Using snowflake connection "list_luxe_training_dwh"
[0m08:03:05.291975 [debug] [ThreadPool]: On list_luxe_training_dwh: /* {"app": "dbt", "dbt_version": "1.9.4", "profile_name": "luxe_training", "target_name": "dwh", "connection_name": "list_luxe_training_dwh"} */
show objects in luxe_training.dwh
    limit 10000
    
;
[0m08:03:05.479612 [debug] [ThreadPool]: SQL status: SUCCESS 13 in 0.187 seconds
[0m08:03:05.482001 [debug] [ThreadPool]: Using snowflake connection "list_luxe_training_dwh"
[0m08:03:05.482479 [debug] [ThreadPool]: On list_luxe_training_dwh: /* {"app": "dbt", "dbt_version": "1.9.4", "profile_name": "luxe_training", "target_name": "dwh", "connection_name": "list_luxe_training_dwh"} */
alter session unset quoted_identifiers_ignore_case;
[0m08:03:05.549697 [debug] [ThreadPool]: SQL status: SUCCESS 1 in 0.067 seconds
[0m08:03:05.569325 [debug] [Thread-2 (]: Began running node model.luxe_training.fact_stock_coverage2
[0m08:03:05.570082 [info ] [Thread-2 (]: 1 of 1 START python table model dwh.fact_stock_coverage2 ....................... [RUN]
[0m08:03:05.570741 [debug] [Thread-2 (]: Re-using an available connection from the pool (formerly list_luxe_training_dwh, now model.luxe_training.fact_stock_coverage2)
[0m08:03:05.571234 [debug] [Thread-2 (]: Began compiling node model.luxe_training.fact_stock_coverage2
[0m08:03:05.598976 [debug] [Thread-2 (]: Writing injected SQL for node "model.luxe_training.fact_stock_coverage2"
[0m08:03:05.599712 [debug] [Thread-2 (]: Began executing node model.luxe_training.fact_stock_coverage2
[0m08:03:05.633188 [debug] [Thread-2 (]: Writing runtime python for node "model.luxe_training.fact_stock_coverage2"
[0m08:03:05.635179 [debug] [Thread-2 (]: Using snowflake connection "model.luxe_training.fact_stock_coverage2"
[0m08:03:05.635938 [debug] [Thread-2 (]: On model.luxe_training.fact_stock_coverage2: /* {"app": "dbt", "dbt_version": "1.9.4", "profile_name": "luxe_training", "target_name": "dwh", "node_id": "model.luxe_training.fact_stock_coverage2"} */
WITH fact_stock_coverage2__dbt_sp AS PROCEDURE ()

RETURNS STRING
LANGUAGE PYTHON
RUNTIME_VERSION = '3.9'
PACKAGES = ('snowflake-snowpark-python')



HANDLER = 'main'
EXECUTE AS CALLER
AS
$$



  
    
    
from snowflake.snowpark import functions as F


def model(dbt, session):

    dbt.config(
        materialized="table"
    )

    # Sources dbt
    inventory = dbt.ref("int_inventory_current")
    sales = dbt.ref("int_sales_30d")

    # Jointure stock + ventes
    result = (
        inventory
        .join(
            sales,
            ["PRODUCT_ID", "STORE_ID"],
            "left"
        )
        .with_column(
            "AVG_DAILY_SALES",
            F.coalesce(
                F.col("AVG_DAILY_SALES"),
                F.lit(0)
            )
        )
        .with_column(
            "STOCK_COVERAGE_DAYS",
            F.when(
                F.col("AVG_DAILY_SALES") > 0,
                F.col("STOCK_AVAILABLE")
                / F.col("AVG_DAILY_SALES")
            ).otherwise(F.lit(None))
        )
    )

    return result


# This part is user provided model code
# you will need to copy the next section to run the code
# COMMAND ----------
# this part is dbt logic for get ref work, do not modify

def ref(*args, **kwargs):
    refs = {"int_inventory_current": "luxe_training.dwh.int_inventory_current", "int_sales_30d": "luxe_training.dwh.int_sales_30d"}
    key = '.'.join(args)
    version = kwargs.get("v") or kwargs.get("version")
    if version:
        key += f".v{version}"
    dbt_load_df_function = kwargs.get("dbt_load_df_function")
    return dbt_load_df_function(refs[key])


def source(*args, dbt_load_df_function):
    sources = {}
    key = '.'.join(args)
    return dbt_load_df_function(sources[key])


config_dict = {}


class config:
    def __init__(self, *args, **kwargs):
        pass

    @staticmethod
    def get(key, default=None):
        return config_dict.get(key, default)

class this:
    """dbt.this() or dbt.this.identifier"""
    database = "luxe_training"
    schema = "dwh"
    identifier = "fact_stock_coverage2"
    
    def __repr__(self):
        return 'luxe_training.dwh.fact_stock_coverage2'


class dbtObj:
    def __init__(self, load_df_function) -> None:
        self.source = lambda *args: source(*args, dbt_load_df_function=load_df_function)
        self.ref = lambda *args, **kwargs: ref(*args, **kwargs, dbt_load_df_function=load_df_function)
        self.config = config
        self.this = this()
        self.is_incremental = False

# COMMAND ----------



def materialize(session, df, target_relation):
    # make sure pandas exists
    import importlib.util
    package_name = 'pandas'
    if importlib.util.find_spec(package_name):
        import pandas
        if isinstance(df, pandas.core.frame.DataFrame):
          session.use_database(target_relation.database)
          session.use_schema(target_relation.schema)
          # session.write_pandas does not have overwrite function
          df = session.createDataFrame(df)
    
    df.write.mode("overwrite").save_as_table('luxe_training.dwh.fact_stock_coverage2', table_type='transient')

def main(session):
    dbt = dbtObj(session.table)
    df = model(dbt, session)
    materialize(session, df, dbt.this)
    return "OK"

  
$$
CALL fact_stock_coverage2__dbt_sp();
[0m08:03:05.636625 [debug] [Thread-2 (]: Opening a new connection, currently in state init
[0m08:03:57.105836 [debug] [Thread-2 (]: Snowflake adapter: Snowflake query id: 01c72227-0002-17c8-0002-c11a000e22ba
[0m08:03:57.106594 [debug] [Thread-2 (]: Snowflake adapter: Snowflake error: 100357 (P0000): Python Interpreter Error:
Traceback (most recent call last):
  File "_udf_code.py", line 120, in main
    materialize(session, df, dbt.this)
  File "_udf_code.py", line 115, in materialize
    df.write.mode("overwrite").save_as_table('luxe_training.dwh.fact_stock_coverage2', table_type='transient')
  File "<site-packages>/snowflake/snowpark/dataframe_writer.py", line 569, in save_as_table
    snowflake_plan = session._analyzer.resolve(create_table_logic_plan)
  File "<site-packages>/snowflake/snowpark/session.py", line 3171, in _get_result_attributes
    return self._conn.get_result_attributes(query, query_params)
  File "<site-packages>/snowflake/connector/cursor.py", line 1182, in _describe_internal
    self.execute(*args, **kwargs)
  File "<site-packages>/snowflake/connector/cursor.py", line 1142, in execute
    Error.errorhandler_wrapper(self.connection, self, error_class, errvalue)
  File "<site-packages>/snowflake/connector/errors.py", line 298, in errorhandler_wrapper
    handed_over = Error.hand_to_other_handler(
  File "<site-packages>/snowflake/connector/errors.py", line 354, in hand_to_other_handler
    cursor.errorhandler(connection, cursor, error_class, error_value)
  File "<site-packages>/snowflake/connector/errors.py", line 229, in default_errorhandler
    raise error_class(
snowflake.snowpark.exceptions.SnowparkSQLException: (1304): 01c72227-0002-17c8-0002-c11a000e22de: 000904 (42000): SQL compilation error: error line 6 at position 46
invalid identifier 'STOCK_AVAILABLE'
There are existing quoted column identifiers: ['"PRODUCT_ID"', '"STORE_ID"', '"STOCK_QTY"', '"QTY_SOLD_30D"', '"AVG_DAILY_SALES"']. Please use one of them to reference the column. See more details on Snowflake identifier requirements https://docs.snowflake.com/en/sql-reference/identifiers-syntax
 in function FACT_STOCK_COVERAGE2__DBT_SP with handler main
[0m08:03:57.111069 [debug] [Thread-2 (]: Database Error in model fact_stock_coverage2 (models/marts/fact_stock_coverage2.py)
  100357 (P0000): Python Interpreter Error:
  Traceback (most recent call last):
    File "_udf_code.py", line 120, in main
      materialize(session, df, dbt.this)
    File "_udf_code.py", line 115, in materialize
      df.write.mode("overwrite").save_as_table('luxe_training.dwh.fact_stock_coverage2', table_type='transient')
    File "<site-packages>/snowflake/snowpark/dataframe_writer.py", line 569, in save_as_table
      snowflake_plan = session._analyzer.resolve(create_table_logic_plan)
    File "<site-packages>/snowflake/snowpark/session.py", line 3171, in _get_result_attributes
      return self._conn.get_result_attributes(query, query_params)
    File "<site-packages>/snowflake/connector/cursor.py", line 1182, in _describe_internal
      self.execute(*args, **kwargs)
    File "<site-packages>/snowflake/connector/cursor.py", line 1142, in execute
      Error.errorhandler_wrapper(self.connection, self, error_class, errvalue)
    File "<site-packages>/snowflake/connector/errors.py", line 298, in errorhandler_wrapper
      handed_over = Error.hand_to_other_handler(
    File "<site-packages>/snowflake/connector/errors.py", line 354, in hand_to_other_handler
      cursor.errorhandler(connection, cursor, error_class, error_value)
    File "<site-packages>/snowflake/connector/errors.py", line 229, in default_errorhandler
      raise error_class(
  snowflake.snowpark.exceptions.SnowparkSQLException: (1304): 01c72227-0002-17c8-0002-c11a000e22de: 000904 (42000): SQL compilation error: error line 6 at position 46
  invalid identifier 'STOCK_AVAILABLE'
  There are existing quoted column identifiers: ['"PRODUCT_ID"', '"STORE_ID"', '"STOCK_QTY"', '"QTY_SOLD_30D"', '"AVG_DAILY_SALES"']. Please use one of them to reference the column. See more details on Snowflake identifier requirements https://docs.snowflake.com/en/sql-reference/identifiers-syntax
   in function FACT_STOCK_COVERAGE2__DBT_SP with handler main
  compiled code at target/run/luxe_training/models/marts/fact_stock_coverage2.py
[0m08:03:57.113868 [error] [Thread-2 (]: 1 of 1 ERROR creating python table model dwh.fact_stock_coverage2 .............. [[31mERROR[0m in 51.54s]
[0m08:03:57.114677 [debug] [Thread-2 (]: Finished running node model.luxe_training.fact_stock_coverage2
[0m08:03:57.115544 [debug] [Thread-12 ]: Marking all children of 'model.luxe_training.fact_stock_coverage2' to be skipped because of status 'error'.  Reason: Database Error in model fact_stock_coverage2 (models/marts/fact_stock_coverage2.py)
  100357 (P0000): Python Interpreter Error:
  Traceback (most recent call last):
    File "_udf_code.py", line 120, in main
      materialize(session, df, dbt.this)
    File "_udf_code.py", line 115, in materialize
      df.write.mode("overwrite").save_as_table('luxe_training.dwh.fact_stock_coverage2', table_type='transient')
    File "<site-packages>/snowflake/snowpark/dataframe_writer.py", line 569, in save_as_table
      snowflake_plan = session._analyzer.resolve(create_table_logic_plan)
    File "<site-packages>/snowflake/snowpark/session.py", line 3171, in _get_result_attributes
      return self._conn.get_result_attributes(query, query_params)
    File "<site-packages>/snowflake/connector/cursor.py", line 1182, in _describe_internal
      self.execute(*args, **kwargs)
    File "<site-packages>/snowflake/connector/cursor.py", line 1142, in execute
      Error.errorhandler_wrapper(self.connection, self, error_class, errvalue)
    File "<site-packages>/snowflake/connector/errors.py", line 298, in errorhandler_wrapper
      handed_over = Error.hand_to_other_handler(
    File "<site-packages>/snowflake/connector/errors.py", line 354, in hand_to_other_handler
      cursor.errorhandler(connection, cursor, error_class, error_value)
    File "<site-packages>/snowflake/connector/errors.py", line 229, in default_errorhandler
      raise error_class(
  snowflake.snowpark.exceptions.SnowparkSQLException: (1304): 01c72227-0002-17c8-0002-c11a000e22de: 000904 (42000): SQL compilation error: error line 6 at position 46
  invalid identifier 'STOCK_AVAILABLE'
  There are existing quoted column identifiers: ['"PRODUCT_ID"', '"STORE_ID"', '"STOCK_QTY"', '"QTY_SOLD_30D"', '"AVG_DAILY_SALES"']. Please use one of them to reference the column. See more details on Snowflake identifier requirements https://docs.snowflake.com/en/sql-reference/identifiers-syntax
   in function FACT_STOCK_COVERAGE2__DBT_SP with handler main
  compiled code at target/run/luxe_training/models/marts/fact_stock_coverage2.py.
[0m08:03:57.120058 [debug] [Dummy-1   ]: Connection 'master' was properly closed.
[0m08:03:57.120624 [debug] [Dummy-1   ]: Connection 'model.luxe_training.fact_stock_coverage2' was properly closed.
[0m08:03:57.121119 [info ] [Dummy-1   ]: 
[0m08:03:57.121633 [info ] [Dummy-1   ]: Finished running 1 table model in 0 hours 0 minutes and 53.06 seconds (53.06s).
[0m08:03:57.122435 [debug] [Dummy-1   ]: Command end result
[0m08:03:57.148260 [debug] [Dummy-1   ]: Wrote artifact WritableManifest to /tmp/dbt/target/manifest.json
[0m08:03:57.150024 [debug] [Dummy-1   ]: Wrote artifact SemanticManifest to /tmp/dbt/target/semantic_manifest.json
[0m08:03:57.155719 [debug] [Dummy-1   ]: Wrote artifact RunExecutionResult to /tmp/dbt/target/run_results.json
[0m08:03:57.156209 [info ] [Dummy-1   ]: 
[0m08:03:57.156784 [info ] [Dummy-1   ]: [31mCompleted with 1 error, 0 partial successes, and 0 warnings:[0m
[0m08:03:57.157231 [info ] [Dummy-1   ]: 
[0m08:03:57.157899 [error] [Dummy-1   ]:   Database Error in model fact_stock_coverage2 (models/marts/fact_stock_coverage2.py)
  100357 (P0000): Python Interpreter Error:
  Traceback (most recent call last):
    File "_udf_code.py", line 120, in main
      materialize(session, df, dbt.this)
    File "_udf_code.py", line 115, in materialize
      df.write.mode("overwrite").save_as_table('luxe_training.dwh.fact_stock_coverage2', table_type='transient')
    File "<site-packages>/snowflake/snowpark/dataframe_writer.py", line 569, in save_as_table
      snowflake_plan = session._analyzer.resolve(create_table_logic_plan)
    File "<site-packages>/snowflake/snowpark/session.py", line 3171, in _get_result_attributes
      return self._conn.get_result_attributes(query, query_params)
    File "<site-packages>/snowflake/connector/cursor.py", line 1182, in _describe_internal
      self.execute(*args, **kwargs)
    File "<site-packages>/snowflake/connector/cursor.py", line 1142, in execute
      Error.errorhandler_wrapper(self.connection, self, error_class, errvalue)
    File "<site-packages>/snowflake/connector/errors.py", line 298, in errorhandler_wrapper
      handed_over = Error.hand_to_other_handler(
    File "<site-packages>/snowflake/connector/errors.py", line 354, in hand_to_other_handler
      cursor.errorhandler(connection, cursor, error_class, error_value)
    File "<site-packages>/snowflake/connector/errors.py", line 229, in default_errorhandler
      raise error_class(
  snowflake.snowpark.exceptions.SnowparkSQLException: (1304): 01c72227-0002-17c8-0002-c11a000e22de: 000904 (42000): SQL compilation error: error line 6 at position 46
  invalid identifier 'STOCK_AVAILABLE'
  There are existing quoted column identifiers: ['"PRODUCT_ID"', '"STORE_ID"', '"STOCK_QTY"', '"QTY_SOLD_30D"', '"AVG_DAILY_SALES"']. Please use one of them to reference the column. See more details on Snowflake identifier requirements https://docs.snowflake.com/en/sql-reference/identifiers-syntax
   in function FACT_STOCK_COVERAGE2__DBT_SP with handler main
  compiled code at target/run/luxe_training/models/marts/fact_stock_coverage2.py
[0m08:03:57.158395 [info ] [Dummy-1   ]: 
[0m08:03:57.158858 [info ] [Dummy-1   ]: Done. PASS=0 WARN=0 ERROR=1 SKIP=0 TOTAL=1
[0m08:03:57.160428 [debug] [Dummy-1   ]: Resource report: {"command_name": "run", "command_success": false, "command_wall_clock_time": 54.75402, "process_in_blocks": "0", "process_kernel_time": 0.91, "process_mem_max_rss": "488000", "process_out_blocks": "0", "process_user_time": 4.47}
[0m08:03:57.161008 [debug] [Dummy-1   ]: Command `cli run` failed at 08:03:57.160773 after 54.75 seconds
[0m08:03:57.161500 [debug] [Dummy-1   ]: Flushing usage events


============================== 08:11:27.679829 | 94c3d0cb-02ad-47e5-811c-866f82d138b8 ==============================
[0m08:11:27.679829 [info ] [Dummy-1   ]: Running with dbt=1.9.4
[0m08:11:27.680915 [debug] [Dummy-1   ]: running dbt with arguments {'printer_width': '80', 'indirect_selection': 'eager', 'log_cache_events': 'False', 'write_json': 'True', 'partial_parse': 'True', 'cache_selected_only': 'False', 'warn_error': 'None', 'fail_fast': 'False', 'debug': 'False', 'log_path': '/tmp/dbt/logs', 'version_check': 'True', 'profiles_dir': '/tmp/dbt_effective_profiles_krko5c7y', 'use_colors': 'True', 'use_experimental_parser': 'False', 'no_print': 'None', 'quiet': 'False', 'empty': 'False', 'log_format': 'default', 'invocation_command': 'dbt ', 'static_parser': 'True', 'introspect': 'True', 'target_path': 'None', 'warn_error_options': 'WarnErrorOptions(include=[], exclude=[])', 'send_anonymous_usage_stats': 'False'}
[0m08:11:27.982491 [info ] [Dummy-1   ]: Registered adapter: snowflake=1.9.2
[0m08:11:28.545618 [debug] [Dummy-1   ]: checksum: 7a8296c70615f566de89055485ae13d89ed1d40af3cf21b3b72f2284f73c401a, vars: {}, profile: , target: dwh, version: 1.9.4
[0m08:11:28.785182 [debug] [Dummy-1   ]: Partial parsing enabled: 0 files deleted, 0 files added, 1 files changed.
[0m08:11:28.786259 [debug] [Dummy-1   ]: Partial parsing: updated file: luxe_training://models/marts/fact_stock_coverage2.py
[0m08:11:29.346289 [debug] [Dummy-1   ]: Wrote artifact WritableManifest to /tmp/dbt/target/manifest.json
[0m08:11:29.348620 [debug] [Dummy-1   ]: Wrote artifact SemanticManifest to /tmp/dbt/target/semantic_manifest.json
[0m08:11:29.397109 [info ] [Dummy-1   ]: Found 14 models, 7 data tests, 6 sources, 474 macros
[0m08:11:29.399840 [info ] [Dummy-1   ]: 
[0m08:11:29.400530 [info ] [Dummy-1   ]: Concurrency: 8 threads (target='dwh')
[0m08:11:29.401067 [info ] [Dummy-1   ]: 
[0m08:11:29.401892 [debug] [Dummy-1   ]: Acquiring new snowflake connection 'master'
[0m08:11:29.404423 [debug] [ThreadPool]: Acquiring new snowflake connection 'list_luxe_training'
[0m08:11:29.509247 [debug] [ThreadPool]: Using snowflake connection "list_luxe_training"
[0m08:11:29.509858 [debug] [ThreadPool]: On list_luxe_training: /* {"app": "dbt", "dbt_version": "1.9.4", "profile_name": "luxe_training", "target_name": "dwh", "connection_name": "list_luxe_training"} */
show terse schemas in database luxe_training
    limit 10000
[0m08:11:29.510369 [debug] [ThreadPool]: Opening a new connection, currently in state init
[0m08:11:29.966335 [debug] [ThreadPool]: SQL status: SUCCESS 4 in 0.456 seconds
[0m08:11:29.975804 [debug] [ThreadPool]: Re-using an available connection from the pool (formerly list_luxe_training, now list_luxe_training_dwh)
[0m08:11:29.990710 [debug] [ThreadPool]: Using snowflake connection "list_luxe_training_dwh"
[0m08:11:29.991311 [debug] [ThreadPool]: On list_luxe_training_dwh: /* {"app": "dbt", "dbt_version": "1.9.4", "profile_name": "luxe_training", "target_name": "dwh", "connection_name": "list_luxe_training_dwh"} */
alter session set quoted_identifiers_ignore_case = false;
[0m08:11:29.991822 [debug] [ThreadPool]: Opening a new connection, currently in state init
[0m08:11:30.415329 [debug] [ThreadPool]: SQL status: SUCCESS 1 in 0.423 seconds
[0m08:11:30.420264 [debug] [ThreadPool]: Using snowflake connection "list_luxe_training_dwh"
[0m08:11:30.420888 [debug] [ThreadPool]: On list_luxe_training_dwh: /* {"app": "dbt", "dbt_version": "1.9.4", "profile_name": "luxe_training", "target_name": "dwh", "connection_name": "list_luxe_training_dwh"} */
show objects in luxe_training.dwh
    limit 10000
    
;
[0m08:11:30.557959 [debug] [ThreadPool]: SQL status: SUCCESS 13 in 0.136 seconds
[0m08:11:30.560628 [debug] [ThreadPool]: Using snowflake connection "list_luxe_training_dwh"
[0m08:11:30.561221 [debug] [ThreadPool]: On list_luxe_training_dwh: /* {"app": "dbt", "dbt_version": "1.9.4", "profile_name": "luxe_training", "target_name": "dwh", "connection_name": "list_luxe_training_dwh"} */
alter session unset quoted_identifiers_ignore_case;
[0m08:11:30.621849 [debug] [ThreadPool]: SQL status: SUCCESS 1 in 0.060 seconds
[0m08:11:30.643197 [debug] [Thread-2 (]: Began running node model.luxe_training.fact_stock_coverage2
[0m08:11:30.644150 [info ] [Thread-2 (]: 1 of 1 START python table model dwh.fact_stock_coverage2 ....................... [RUN]
[0m08:11:30.644954 [debug] [Thread-2 (]: Re-using an available connection from the pool (formerly list_luxe_training_dwh, now model.luxe_training.fact_stock_coverage2)
[0m08:11:30.645555 [debug] [Thread-2 (]: Began compiling node model.luxe_training.fact_stock_coverage2
[0m08:11:30.676887 [debug] [Thread-2 (]: Writing injected SQL for node "model.luxe_training.fact_stock_coverage2"
[0m08:11:30.677846 [debug] [Thread-2 (]: Began executing node model.luxe_training.fact_stock_coverage2
[0m08:11:30.715940 [debug] [Thread-2 (]: Writing runtime python for node "model.luxe_training.fact_stock_coverage2"
[0m08:11:30.718442 [debug] [Thread-2 (]: Using snowflake connection "model.luxe_training.fact_stock_coverage2"
[0m08:11:30.719315 [debug] [Thread-2 (]: On model.luxe_training.fact_stock_coverage2: /* {"app": "dbt", "dbt_version": "1.9.4", "profile_name": "luxe_training", "target_name": "dwh", "node_id": "model.luxe_training.fact_stock_coverage2"} */
WITH fact_stock_coverage2__dbt_sp AS PROCEDURE ()

RETURNS STRING
LANGUAGE PYTHON
RUNTIME_VERSION = '3.9'
PACKAGES = ('snowflake-snowpark-python')



HANDLER = 'main'
EXECUTE AS CALLER
AS
$$



  
    
    
from snowflake.snowpark import functions as F


def model(dbt, session):

    dbt.config(
        materialized="table"
    )

    # Sources dbt
    inventory = dbt.ref("int_inventory_current")
    sales = dbt.ref("int_sales_30d")

    # Jointure stock + ventes
    result = (
        inventory
        .join(
            sales,
            ["PRODUCT_ID", "STORE_ID"],
            "left"
        )
        .with_column(
            "AVG_DAILY_SALES",
            F.coalesce(
                F.col("AVG_DAILY_SALES"),
                F.lit(0)
            )
        )
        .with_column(
            "STOCK_COVERAGE_DAYS",
            F.when(
                F.col("AVG_DAILY_SALES") > 0,
                F.col("STOCK_QTY")
                / F.col("AVG_DAILY_SALES")
            ).otherwise(F.lit(None))
        )
    )

    return result


# This part is user provided model code
# you will need to copy the next section to run the code
# COMMAND ----------
# this part is dbt logic for get ref work, do not modify

def ref(*args, **kwargs):
    refs = {"int_inventory_current": "luxe_training.dwh.int_inventory_current", "int_sales_30d": "luxe_training.dwh.int_sales_30d"}
    key = '.'.join(args)
    version = kwargs.get("v") or kwargs.get("version")
    if version:
        key += f".v{version}"
    dbt_load_df_function = kwargs.get("dbt_load_df_function")
    return dbt_load_df_function(refs[key])


def source(*args, dbt_load_df_function):
    sources = {}
    key = '.'.join(args)
    return dbt_load_df_function(sources[key])


config_dict = {}


class config:
    def __init__(self, *args, **kwargs):
        pass

    @staticmethod
    def get(key, default=None):
        return config_dict.get(key, default)

class this:
    """dbt.this() or dbt.this.identifier"""
    database = "luxe_training"
    schema = "dwh"
    identifier = "fact_stock_coverage2"
    
    def __repr__(self):
        return 'luxe_training.dwh.fact_stock_coverage2'


class dbtObj:
    def __init__(self, load_df_function) -> None:
        self.source = lambda *args: source(*args, dbt_load_df_function=load_df_function)
        self.ref = lambda *args, **kwargs: ref(*args, **kwargs, dbt_load_df_function=load_df_function)
        self.config = config
        self.this = this()
        self.is_incremental = False

# COMMAND ----------



def materialize(session, df, target_relation):
    # make sure pandas exists
    import importlib.util
    package_name = 'pandas'
    if importlib.util.find_spec(package_name):
        import pandas
        if isinstance(df, pandas.core.frame.DataFrame):
          session.use_database(target_relation.database)
          session.use_schema(target_relation.schema)
          # session.write_pandas does not have overwrite function
          df = session.createDataFrame(df)
    
    df.write.mode("overwrite").save_as_table('luxe_training.dwh.fact_stock_coverage2', table_type='transient')

def main(session):
    dbt = dbtObj(session.table)
    df = model(dbt, session)
    materialize(session, df, dbt.this)
    return "OK"

  
$$
CALL fact_stock_coverage2__dbt_sp();
[0m08:11:30.720001 [debug] [Thread-2 (]: Opening a new connection, currently in state init
[0m08:12:26.978008 [debug] [Thread-2 (]: SQL status: SUCCESS 1 in 56.258 seconds
[0m08:12:27.003997 [info ] [Thread-2 (]: 1 of 1 OK created python table model dwh.fact_stock_coverage2 .................. [[32mSUCCESS 1[0m in 56.36s]
[0m08:12:27.004993 [debug] [Thread-2 (]: Finished running node model.luxe_training.fact_stock_coverage2
[0m08:12:27.009500 [debug] [Dummy-1   ]: Connection 'master' was properly closed.
[0m08:12:27.010067 [debug] [Dummy-1   ]: Connection 'model.luxe_training.fact_stock_coverage2' was properly closed.
[0m08:12:27.010587 [info ] [Dummy-1   ]: 
[0m08:12:27.011120 [info ] [Dummy-1   ]: Finished running 1 table model in 0 hours 0 minutes and 57.61 seconds (57.61s).
[0m08:12:27.011966 [debug] [Dummy-1   ]: Command end result
[0m08:12:27.038911 [debug] [Dummy-1   ]: Wrote artifact WritableManifest to /tmp/dbt/target/manifest.json
[0m08:12:27.041193 [debug] [Dummy-1   ]: Wrote artifact SemanticManifest to /tmp/dbt/target/semantic_manifest.json
[0m08:12:27.047723 [debug] [Dummy-1   ]: Wrote artifact RunExecutionResult to /tmp/dbt/target/run_results.json
[0m08:12:27.048366 [info ] [Dummy-1   ]: 
[0m08:12:27.049045 [info ] [Dummy-1   ]: [32mCompleted successfully[0m
[0m08:12:27.049567 [info ] [Dummy-1   ]: 
[0m08:12:27.050063 [info ] [Dummy-1   ]: Done. PASS=1 WARN=0 ERROR=0 SKIP=0 TOTAL=1
[0m08:12:27.051863 [debug] [Dummy-1   ]: Resource report: {"command_name": "run", "command_success": true, "command_wall_clock_time": 59.455383, "process_in_blocks": "0", "process_kernel_time": 0.97, "process_mem_max_rss": "492440", "process_out_blocks": "0", "process_user_time": 4.87}
[0m08:12:27.052608 [debug] [Dummy-1   ]: Command `cli run` succeeded at 08:12:27.052331 after 59.46 seconds
[0m08:12:27.053185 [debug] [Dummy-1   ]: Flushing usage events


============================== 08:14:09.380225 | f81eadaa-a356-41a9-a25c-6e6405206fea ==============================
[0m08:14:09.380225 [info ] [Dummy-1   ]: Running with dbt=1.9.4
[0m08:14:09.381221 [debug] [Dummy-1   ]: running dbt with arguments {'printer_width': '80', 'indirect_selection': 'eager', 'log_cache_events': 'False', 'write_json': 'True', 'partial_parse': 'True', 'cache_selected_only': 'False', 'warn_error': 'None', 'version_check': 'True', 'profiles_dir': '/tmp/dbt_effective_profiles_x1fnbcuy', 'log_path': '/tmp/dbt/logs', 'fail_fast': 'False', 'debug': 'False', 'use_colors': 'True', 'use_experimental_parser': 'False', 'empty': 'False', 'quiet': 'False', 'no_print': 'None', 'warn_error_options': 'WarnErrorOptions(include=[], exclude=[])', 'static_parser': 'True', 'introspect': 'True', 'invocation_command': 'dbt ', 'target_path': 'None', 'log_format': 'default', 'send_anonymous_usage_stats': 'False'}
[0m08:14:09.668338 [info ] [Dummy-1   ]: Registered adapter: snowflake=1.9.2
[0m08:14:10.206972 [debug] [Dummy-1   ]: checksum: 7a8296c70615f566de89055485ae13d89ed1d40af3cf21b3b72f2284f73c401a, vars: {}, profile: , target: dwh, version: 1.9.4
[0m08:14:10.440727 [debug] [Dummy-1   ]: Partial parsing enabled: 0 files deleted, 0 files added, 0 files changed.
[0m08:14:10.441319 [debug] [Dummy-1   ]: Partial parsing enabled, no changes found, skipping parsing
[0m08:14:10.654802 [debug] [Dummy-1   ]: Wrote artifact WritableManifest to /tmp/dbt/target/manifest.json
[0m08:14:10.657242 [debug] [Dummy-1   ]: Wrote artifact SemanticManifest to /tmp/dbt/target/semantic_manifest.json
[0m08:14:10.696393 [info ] [Dummy-1   ]: Found 14 models, 7 data tests, 6 sources, 474 macros
[0m08:14:10.699383 [info ] [Dummy-1   ]: 
[0m08:14:10.699949 [info ] [Dummy-1   ]: Concurrency: 8 threads (target='dwh')
[0m08:14:10.700441 [info ] [Dummy-1   ]: 
[0m08:14:10.701197 [debug] [Dummy-1   ]: Acquiring new snowflake connection 'master'
[0m08:14:10.708230 [debug] [ThreadPool]: Acquiring new snowflake connection 'list_luxe_training_dwh'
[0m08:14:10.820110 [debug] [ThreadPool]: Using snowflake connection "list_luxe_training_dwh"
[0m08:14:10.820799 [debug] [ThreadPool]: On list_luxe_training_dwh: /* {"app": "dbt", "dbt_version": "1.9.4", "profile_name": "luxe_training", "target_name": "dwh", "connection_name": "list_luxe_training_dwh"} */
alter session set quoted_identifiers_ignore_case = false;
[0m08:14:10.821292 [debug] [ThreadPool]: Opening a new connection, currently in state init
[0m08:14:11.289375 [debug] [ThreadPool]: SQL status: SUCCESS 1 in 0.468 seconds
[0m08:14:11.294164 [debug] [ThreadPool]: Using snowflake connection "list_luxe_training_dwh"
[0m08:14:11.294727 [debug] [ThreadPool]: On list_luxe_training_dwh: /* {"app": "dbt", "dbt_version": "1.9.4", "profile_name": "luxe_training", "target_name": "dwh", "connection_name": "list_luxe_training_dwh"} */
show objects in luxe_training.dwh
    limit 10000
    
;
[0m08:14:11.456681 [debug] [ThreadPool]: SQL status: SUCCESS 14 in 0.161 seconds
[0m08:14:11.459505 [debug] [ThreadPool]: Using snowflake connection "list_luxe_training_dwh"
[0m08:14:11.460122 [debug] [ThreadPool]: On list_luxe_training_dwh: /* {"app": "dbt", "dbt_version": "1.9.4", "profile_name": "luxe_training", "target_name": "dwh", "connection_name": "list_luxe_training_dwh"} */
alter session unset quoted_identifiers_ignore_case;
[0m08:14:11.523901 [debug] [ThreadPool]: SQL status: SUCCESS 1 in 0.063 seconds
[0m08:14:11.546704 [debug] [Thread-2 (]: Began running node model.luxe_training.stg_customers
[0m08:14:11.547479 [debug] [Thread-3 (]: Began running node model.luxe_training.stg_inventory
[0m08:14:11.548161 [debug] [Thread-4 (]: Began running node model.luxe_training.stg_products
[0m08:14:11.548876 [debug] [Thread-5 (]: Began running node model.luxe_training.stg_sales
[0m08:14:11.549443 [debug] [Thread-6 (]: Began running node model.luxe_training.stg_stores
[0m08:14:11.550131 [debug] [Thread-2 (]: Re-using an available connection from the pool (formerly list_luxe_training_dwh, now model.luxe_training.stg_customers)
[0m08:14:11.550853 [debug] [Thread-3 (]: Acquiring new snowflake connection 'model.luxe_training.stg_inventory'
[0m08:14:11.551636 [debug] [Thread-4 (]: Acquiring new snowflake connection 'model.luxe_training.stg_products'
[0m08:14:11.552291 [debug] [Thread-5 (]: Acquiring new snowflake connection 'model.luxe_training.stg_sales'
[0m08:14:11.552916 [debug] [Thread-6 (]: Acquiring new snowflake connection 'model.luxe_training.stg_stores'
[0m08:14:11.553467 [debug] [Thread-2 (]: Began compiling node model.luxe_training.stg_customers
[0m08:14:11.553994 [debug] [Thread-3 (]: Began compiling node model.luxe_training.stg_inventory
[0m08:14:11.554510 [debug] [Thread-4 (]: Began compiling node model.luxe_training.stg_products
[0m08:14:11.554993 [debug] [Thread-5 (]: Began compiling node model.luxe_training.stg_sales
[0m08:14:11.555538 [debug] [Thread-6 (]: Began compiling node model.luxe_training.stg_stores
[0m08:14:11.564740 [debug] [Thread-2 (]: Writing injected SQL for node "model.luxe_training.stg_customers"
[0m08:14:11.569385 [debug] [Thread-3 (]: Writing injected SQL for node "model.luxe_training.stg_inventory"
[0m08:14:11.575144 [debug] [Thread-4 (]: Writing injected SQL for node "model.luxe_training.stg_products"
[0m08:14:11.580010 [debug] [Thread-5 (]: Writing injected SQL for node "model.luxe_training.stg_sales"
[0m08:14:11.584563 [debug] [Thread-6 (]: Writing injected SQL for node "model.luxe_training.stg_stores"
[0m08:14:11.585793 [debug] [Thread-2 (]: Began executing node model.luxe_training.stg_customers
[0m08:14:11.586698 [debug] [Thread-3 (]: Began executing node model.luxe_training.stg_inventory
[0m08:14:11.587521 [debug] [Thread-4 (]: Began executing node model.luxe_training.stg_products
[0m08:14:11.588537 [debug] [Thread-5 (]: Began executing node model.luxe_training.stg_sales
[0m08:14:11.589525 [debug] [Thread-2 (]: Finished running node model.luxe_training.stg_customers
[0m08:14:11.590023 [debug] [Thread-6 (]: Began executing node model.luxe_training.stg_stores
[0m08:14:11.590884 [debug] [Thread-3 (]: Finished running node model.luxe_training.stg_inventory
[0m08:14:11.591817 [debug] [Thread-4 (]: Finished running node model.luxe_training.stg_products
[0m08:14:11.592648 [debug] [Thread-5 (]: Finished running node model.luxe_training.stg_sales
[0m08:14:11.593761 [debug] [Thread-8 (]: Began running node model.luxe_training.dim_customer
[0m08:14:11.594574 [debug] [Thread-6 (]: Finished running node model.luxe_training.stg_stores
[0m08:14:11.595928 [debug] [Thread-7 (]: Began running node model.luxe_training.fact_inventory
[0m08:14:11.596502 [debug] [Thread-2 (]: Began running node model.luxe_training.int_inventory_current
[0m08:14:11.597113 [debug] [Thread-9 (]: Began running node model.luxe_training.dim_product
[0m08:14:11.597980 [debug] [Thread-4 (]: Began running node model.luxe_training.fact_sales
[0m08:14:11.598527 [debug] [Thread-5 (]: Began running node model.luxe_training.int_sales_30d
[0m08:14:11.599313 [debug] [Thread-8 (]: Acquiring new snowflake connection 'model.luxe_training.dim_customer'
[0m08:14:11.600200 [debug] [Thread-3 (]: Began running node model.luxe_training.dim_store
[0m08:14:11.600956 [debug] [Thread-7 (]: Acquiring new snowflake connection 'model.luxe_training.fact_inventory'
[0m08:14:11.601593 [debug] [Thread-2 (]: Re-using an available connection from the pool (formerly model.luxe_training.stg_customers, now model.luxe_training.int_inventory_current)
[0m08:14:11.602280 [debug] [Thread-9 (]: Acquiring new snowflake connection 'model.luxe_training.dim_product'
[0m08:14:11.603160 [debug] [Thread-4 (]: Re-using an available connection from the pool (formerly model.luxe_training.stg_products, now model.luxe_training.fact_sales)
[0m08:14:11.603839 [debug] [Thread-5 (]: Re-using an available connection from the pool (formerly model.luxe_training.stg_sales, now model.luxe_training.int_sales_30d)
[0m08:14:11.604388 [debug] [Thread-8 (]: Began compiling node model.luxe_training.dim_customer
[0m08:14:11.604994 [debug] [Thread-3 (]: Re-using an available connection from the pool (formerly model.luxe_training.stg_inventory, now model.luxe_training.dim_store)
[0m08:14:11.605499 [debug] [Thread-7 (]: Began compiling node model.luxe_training.fact_inventory
[0m08:14:11.605981 [debug] [Thread-2 (]: Began compiling node model.luxe_training.int_inventory_current
[0m08:14:11.606481 [debug] [Thread-9 (]: Began compiling node model.luxe_training.dim_product
[0m08:14:11.606957 [debug] [Thread-4 (]: Began compiling node model.luxe_training.fact_sales
[0m08:14:11.607483 [debug] [Thread-5 (]: Began compiling node model.luxe_training.int_sales_30d
[0m08:14:11.612143 [debug] [Thread-8 (]: Writing injected SQL for node "model.luxe_training.dim_customer"
[0m08:14:11.612775 [debug] [Thread-3 (]: Began compiling node model.luxe_training.dim_store
[0m08:14:11.617397 [debug] [Thread-7 (]: Writing injected SQL for node "model.luxe_training.fact_inventory"
[0m08:14:11.623342 [debug] [Thread-2 (]: Writing injected SQL for node "model.luxe_training.int_inventory_current"
[0m08:14:11.628059 [debug] [Thread-9 (]: Writing injected SQL for node "model.luxe_training.dim_product"
[0m08:14:11.632301 [debug] [Thread-4 (]: Writing injected SQL for node "model.luxe_training.fact_sales"
[0m08:14:11.636650 [debug] [Thread-5 (]: Writing injected SQL for node "model.luxe_training.int_sales_30d"
[0m08:14:11.641334 [debug] [Thread-3 (]: Writing injected SQL for node "model.luxe_training.dim_store"
[0m08:14:11.641962 [debug] [Thread-8 (]: Began executing node model.luxe_training.dim_customer
[0m08:14:11.642895 [debug] [Thread-7 (]: Began executing node model.luxe_training.fact_inventory
[0m08:14:11.643881 [debug] [Thread-2 (]: Began executing node model.luxe_training.int_inventory_current
[0m08:14:11.644691 [debug] [Thread-9 (]: Began executing node model.luxe_training.dim_product
[0m08:14:11.645427 [debug] [Thread-4 (]: Began executing node model.luxe_training.fact_sales
[0m08:14:11.646261 [debug] [Thread-5 (]: Began executing node model.luxe_training.int_sales_30d
[0m08:14:11.647183 [debug] [Thread-8 (]: Finished running node model.luxe_training.dim_customer
[0m08:14:11.647826 [debug] [Thread-3 (]: Began executing node model.luxe_training.dim_store
[0m08:14:11.648660 [debug] [Thread-7 (]: Finished running node model.luxe_training.fact_inventory
[0m08:14:11.649466 [debug] [Thread-2 (]: Finished running node model.luxe_training.int_inventory_current
[0m08:14:11.650247 [debug] [Thread-9 (]: Finished running node model.luxe_training.dim_product
[0m08:14:11.651066 [debug] [Thread-4 (]: Finished running node model.luxe_training.fact_sales
[0m08:14:11.651930 [debug] [Thread-5 (]: Finished running node model.luxe_training.int_sales_30d
[0m08:14:11.652942 [debug] [Thread-3 (]: Finished running node model.luxe_training.dim_store
[0m08:14:11.654299 [debug] [Thread-6 (]: Began running node test.luxe_training.not_null_dim_product_product_id.02b1f06816
[0m08:14:11.654838 [debug] [Thread-8 (]: Began running node test.luxe_training.unique_dim_product_product_id.46495bf7fe
[0m08:14:11.655790 [debug] [Thread-2 (]: Began running node test.luxe_training.not_null_fact_sales_quantity.123217c37f
[0m08:14:11.656319 [debug] [Thread-9 (]: Began running node test.luxe_training.not_null_fact_sales_sale_id.ea1dca7100
[0m08:14:11.656883 [debug] [Thread-5 (]: Began running node test.luxe_training.unique_fact_sales_sale_id.16dc554bac
[0m08:14:11.657660 [debug] [Thread-4 (]: Began running node model.luxe_training.fact_stock_coverage
[0m08:14:11.658154 [debug] [Thread-7 (]: Began running node model.luxe_training.fact_stock_coverage2
[0m08:14:11.659016 [debug] [Thread-3 (]: Began running node test.luxe_training.not_null_dim_store_store_id.8cb7c6ace0
[0m08:14:11.659717 [debug] [Thread-6 (]: Re-using an available connection from the pool (formerly model.luxe_training.stg_stores, now test.luxe_training.not_null_dim_product_product_id.02b1f06816)
[0m08:14:11.660336 [debug] [Thread-8 (]: Re-using an available connection from the pool (formerly model.luxe_training.dim_customer, now test.luxe_training.unique_dim_product_product_id.46495bf7fe)
[0m08:14:11.660957 [debug] [Thread-2 (]: Re-using an available connection from the pool (formerly model.luxe_training.int_inventory_current, now test.luxe_training.not_null_fact_sales_quantity.123217c37f)
[0m08:14:11.661544 [debug] [Thread-9 (]: Re-using an available connection from the pool (formerly model.luxe_training.dim_product, now test.luxe_training.not_null_fact_sales_sale_id.ea1dca7100)
[0m08:14:11.662141 [debug] [Thread-5 (]: Re-using an available connection from the pool (formerly model.luxe_training.int_sales_30d, now test.luxe_training.unique_fact_sales_sale_id.16dc554bac)
[0m08:14:11.662704 [debug] [Thread-4 (]: Re-using an available connection from the pool (formerly model.luxe_training.fact_sales, now model.luxe_training.fact_stock_coverage)
[0m08:14:11.663314 [debug] [Thread-7 (]: Re-using an available connection from the pool (formerly model.luxe_training.fact_inventory, now model.luxe_training.fact_stock_coverage2)
[0m08:14:11.663907 [debug] [Thread-3 (]: Re-using an available connection from the pool (formerly model.luxe_training.dim_store, now test.luxe_training.not_null_dim_store_store_id.8cb7c6ace0)
[0m08:14:11.664434 [debug] [Thread-6 (]: Began compiling node test.luxe_training.not_null_dim_product_product_id.02b1f06816
[0m08:14:11.664980 [debug] [Thread-8 (]: Began compiling node test.luxe_training.unique_dim_product_product_id.46495bf7fe
[0m08:14:11.665523 [debug] [Thread-2 (]: Began compiling node test.luxe_training.not_null_fact_sales_quantity.123217c37f
[0m08:14:11.666042 [debug] [Thread-9 (]: Began compiling node test.luxe_training.not_null_fact_sales_sale_id.ea1dca7100
[0m08:14:11.666565 [debug] [Thread-5 (]: Began compiling node test.luxe_training.unique_fact_sales_sale_id.16dc554bac
[0m08:14:11.667075 [debug] [Thread-4 (]: Began compiling node model.luxe_training.fact_stock_coverage
[0m08:14:11.667677 [debug] [Thread-7 (]: Began compiling node model.luxe_training.fact_stock_coverage2
[0m08:14:11.668214 [debug] [Thread-3 (]: Began compiling node test.luxe_training.not_null_dim_store_store_id.8cb7c6ace0
[0m08:14:11.684751 [debug] [Thread-6 (]: Writing injected SQL for node "test.luxe_training.not_null_dim_product_product_id.02b1f06816"
[0m08:14:11.693491 [debug] [Thread-8 (]: Writing injected SQL for node "test.luxe_training.unique_dim_product_product_id.46495bf7fe"
[0m08:14:11.699354 [debug] [Thread-2 (]: Writing injected SQL for node "test.luxe_training.not_null_fact_sales_quantity.123217c37f"
[0m08:14:11.705410 [debug] [Thread-9 (]: Writing injected SQL for node "test.luxe_training.not_null_fact_sales_sale_id.ea1dca7100"
[0m08:14:11.711379 [debug] [Thread-5 (]: Writing injected SQL for node "test.luxe_training.unique_fact_sales_sale_id.16dc554bac"
[0m08:14:11.717747 [debug] [Thread-4 (]: Writing injected SQL for node "model.luxe_training.fact_stock_coverage"
[0m08:14:11.743771 [debug] [Thread-7 (]: Writing injected SQL for node "model.luxe_training.fact_stock_coverage2"
[0m08:14:11.749611 [debug] [Thread-3 (]: Writing injected SQL for node "test.luxe_training.not_null_dim_store_store_id.8cb7c6ace0"
[0m08:14:11.750907 [debug] [Thread-6 (]: Began executing node test.luxe_training.not_null_dim_product_product_id.02b1f06816
[0m08:14:11.751642 [debug] [Thread-8 (]: Began executing node test.luxe_training.unique_dim_product_product_id.46495bf7fe
[0m08:14:11.752417 [debug] [Thread-2 (]: Began executing node test.luxe_training.not_null_fact_sales_quantity.123217c37f
[0m08:14:11.753244 [debug] [Thread-9 (]: Began executing node test.luxe_training.not_null_fact_sales_sale_id.ea1dca7100
[0m08:14:11.754039 [debug] [Thread-5 (]: Began executing node test.luxe_training.unique_fact_sales_sale_id.16dc554bac
[0m08:14:11.754738 [debug] [Thread-4 (]: Began executing node model.luxe_training.fact_stock_coverage
[0m08:14:11.755615 [debug] [Thread-7 (]: Began executing node model.luxe_training.fact_stock_coverage2
[0m08:14:11.756552 [debug] [Thread-6 (]: Finished running node test.luxe_training.not_null_dim_product_product_id.02b1f06816
[0m08:14:11.757140 [debug] [Thread-3 (]: Began executing node test.luxe_training.not_null_dim_store_store_id.8cb7c6ace0
[0m08:14:11.757940 [debug] [Thread-8 (]: Finished running node test.luxe_training.unique_dim_product_product_id.46495bf7fe
[0m08:14:11.758774 [debug] [Thread-2 (]: Finished running node test.luxe_training.not_null_fact_sales_quantity.123217c37f
[0m08:14:11.759669 [debug] [Thread-9 (]: Finished running node test.luxe_training.not_null_fact_sales_sale_id.ea1dca7100
[0m08:14:11.760487 [debug] [Thread-5 (]: Finished running node test.luxe_training.unique_fact_sales_sale_id.16dc554bac
[0m08:14:11.761271 [debug] [Thread-4 (]: Finished running node model.luxe_training.fact_stock_coverage
[0m08:14:11.762045 [debug] [Thread-7 (]: Finished running node model.luxe_training.fact_stock_coverage2
[0m08:14:11.762662 [debug] [Thread-6 (]: Began running node test.luxe_training.unique_dim_store_store_id.90e408e197
[0m08:14:11.763624 [debug] [Thread-3 (]: Finished running node test.luxe_training.not_null_dim_store_store_id.8cb7c6ace0
[0m08:14:11.765336 [debug] [Thread-6 (]: Re-using an available connection from the pool (formerly test.luxe_training.not_null_dim_product_product_id.02b1f06816, now test.luxe_training.unique_dim_store_store_id.90e408e197)
[0m08:14:11.766084 [debug] [Thread-6 (]: Began compiling node test.luxe_training.unique_dim_store_store_id.90e408e197
[0m08:14:11.772013 [debug] [Thread-6 (]: Writing injected SQL for node "test.luxe_training.unique_dim_store_store_id.90e408e197"
[0m08:14:11.772917 [debug] [Thread-6 (]: Began executing node test.luxe_training.unique_dim_store_store_id.90e408e197
[0m08:14:11.773721 [debug] [Thread-6 (]: Finished running node test.luxe_training.unique_dim_store_store_id.90e408e197
[0m08:14:11.778694 [debug] [Dummy-1   ]: Connection 'master' was properly closed.
[0m08:14:11.779413 [debug] [Dummy-1   ]: Connection 'test.luxe_training.not_null_fact_sales_quantity.123217c37f' was properly closed.
[0m08:14:11.779877 [debug] [Dummy-1   ]: Connection 'test.luxe_training.not_null_dim_store_store_id.8cb7c6ace0' was properly closed.
[0m08:14:11.780571 [debug] [Dummy-1   ]: Connection 'model.luxe_training.fact_stock_coverage' was properly closed.
[0m08:14:11.781007 [debug] [Dummy-1   ]: Connection 'test.luxe_training.unique_fact_sales_sale_id.16dc554bac' was properly closed.
[0m08:14:11.781437 [debug] [Dummy-1   ]: Connection 'test.luxe_training.unique_dim_store_store_id.90e408e197' was properly closed.
[0m08:14:11.782071 [debug] [Dummy-1   ]: Connection 'test.luxe_training.unique_dim_product_product_id.46495bf7fe' was properly closed.
[0m08:14:11.782484 [debug] [Dummy-1   ]: Connection 'model.luxe_training.fact_stock_coverage2' was properly closed.
[0m08:14:11.782874 [debug] [Dummy-1   ]: Connection 'test.luxe_training.not_null_fact_sales_sale_id.ea1dca7100' was properly closed.
[0m08:14:11.785794 [debug] [Dummy-1   ]: Command end result
[0m08:14:11.812907 [debug] [Dummy-1   ]: Wrote artifact WritableManifest to /tmp/dbt/target/manifest.json
[0m08:14:11.814954 [debug] [Dummy-1   ]: Wrote artifact SemanticManifest to /tmp/dbt/target/semantic_manifest.json
[0m08:14:11.822797 [debug] [Dummy-1   ]: Wrote artifact RunExecutionResult to /tmp/dbt/target/run_results.json
[0m08:14:11.824744 [debug] [Dummy-1   ]: Resource report: {"command_name": "compile", "command_success": true, "command_wall_clock_time": 2.5219536, "process_in_blocks": "0", "process_kernel_time": 0.83, "process_mem_max_rss": "488832", "process_out_blocks": "0", "process_user_time": 4.49}
[0m08:14:11.825400 [debug] [Dummy-1   ]: Command `cli compile` succeeded at 08:14:11.825139 after 2.52 seconds
[0m08:14:11.825953 [debug] [Dummy-1   ]: Flushing usage events


============================== 07:18:17.355228 | e6e2605a-ac3c-4d12-ba01-7fdf53dd88ed ==============================
[0m07:18:17.355228 [info ] [Dummy-1   ]: Running with dbt=1.9.4
[0m07:18:17.356081 [debug] [Dummy-1   ]: running dbt with arguments {'printer_width': '80', 'indirect_selection': 'eager', 'write_json': 'True', 'log_cache_events': 'False', 'partial_parse': 'True', 'cache_selected_only': 'False', 'profiles_dir': '/tmp/dbt_effective_profiles_9yvfk2uz', 'version_check': 'True', 'warn_error': 'None', 'log_path': '/tmp/dbt/logs', 'debug': 'False', 'fail_fast': 'False', 'use_colors': 'True', 'use_experimental_parser': 'False', 'no_print': 'None', 'quiet': 'False', 'empty': 'False', 'warn_error_options': 'WarnErrorOptions(include=[], exclude=[])', 'static_parser': 'True', 'invocation_command': 'dbt ', 'log_format': 'default', 'target_path': 'None', 'introspect': 'True', 'send_anonymous_usage_stats': 'False'}
[0m07:18:17.630355 [info ] [Dummy-1   ]: Registered adapter: snowflake=1.9.2
[0m07:18:18.163909 [debug] [Dummy-1   ]: checksum: 7a8296c70615f566de89055485ae13d89ed1d40af3cf21b3b72f2284f73c401a, vars: {}, profile: , target: dwh, version: 1.9.4
[0m07:18:18.386750 [debug] [Dummy-1   ]: Partial parsing enabled: 0 files deleted, 2 files added, 0 files changed.
[0m07:18:18.387694 [debug] [Dummy-1   ]: Partial parsing: added file: luxe_training://models/marts/fact_stockout_rate.sql
[0m07:18:18.388295 [debug] [Dummy-1   ]: Partial parsing: added file: luxe_training://models/marts/int_inventory_stockout.sql
[0m07:18:18.898416 [debug] [Dummy-1   ]: Wrote artifact WritableManifest to /tmp/dbt/target/manifest.json
[0m07:18:18.900495 [debug] [Dummy-1   ]: Wrote artifact SemanticManifest to /tmp/dbt/target/semantic_manifest.json
[0m07:18:18.944290 [info ] [Dummy-1   ]: Found 16 models, 7 data tests, 6 sources, 474 macros
[0m07:18:18.946831 [info ] [Dummy-1   ]: 
[0m07:18:18.947447 [info ] [Dummy-1   ]: Concurrency: 8 threads (target='dwh')
[0m07:18:18.947984 [info ] [Dummy-1   ]: 
[0m07:18:18.948704 [debug] [Dummy-1   ]: Acquiring new snowflake connection 'master'
[0m07:18:18.950960 [debug] [ThreadPool]: Acquiring new snowflake connection 'list_luxe_training'
[0m07:18:19.045506 [debug] [ThreadPool]: Using snowflake connection "list_luxe_training"
[0m07:18:19.046083 [debug] [ThreadPool]: On list_luxe_training: /* {"app": "dbt", "dbt_version": "1.9.4", "profile_name": "luxe_training", "target_name": "dwh", "connection_name": "list_luxe_training"} */
show terse schemas in database luxe_training
    limit 10000
[0m07:18:19.046554 [debug] [ThreadPool]: Opening a new connection, currently in state init
[0m07:18:20.161574 [debug] [ThreadPool]: SQL status: SUCCESS 4 in 1.115 seconds
[0m07:18:20.170082 [debug] [ThreadPool]: Re-using an available connection from the pool (formerly list_luxe_training, now list_luxe_training_dwh)
[0m07:18:20.182488 [debug] [ThreadPool]: Using snowflake connection "list_luxe_training_dwh"
[0m07:18:20.183112 [debug] [ThreadPool]: On list_luxe_training_dwh: /* {"app": "dbt", "dbt_version": "1.9.4", "profile_name": "luxe_training", "target_name": "dwh", "connection_name": "list_luxe_training_dwh"} */
alter session set quoted_identifiers_ignore_case = false;
[0m07:18:20.183585 [debug] [ThreadPool]: Opening a new connection, currently in state init
[0m07:18:21.344897 [debug] [ThreadPool]: SQL status: SUCCESS 1 in 1.161 seconds
[0m07:18:21.349385 [debug] [ThreadPool]: Using snowflake connection "list_luxe_training_dwh"
[0m07:18:21.349904 [debug] [ThreadPool]: On list_luxe_training_dwh: /* {"app": "dbt", "dbt_version": "1.9.4", "profile_name": "luxe_training", "target_name": "dwh", "connection_name": "list_luxe_training_dwh"} */
show objects in luxe_training.dwh
    limit 10000
    
;
[0m07:18:21.832075 [debug] [ThreadPool]: SQL status: SUCCESS 14 in 0.482 seconds
[0m07:18:21.834388 [debug] [ThreadPool]: Using snowflake connection "list_luxe_training_dwh"
[0m07:18:21.835186 [debug] [ThreadPool]: On list_luxe_training_dwh: /* {"app": "dbt", "dbt_version": "1.9.4", "profile_name": "luxe_training", "target_name": "dwh", "connection_name": "list_luxe_training_dwh"} */
alter session unset quoted_identifiers_ignore_case;
[0m07:18:21.971696 [debug] [ThreadPool]: SQL status: SUCCESS 1 in 0.136 seconds
[0m07:18:21.991318 [debug] [Thread-2 (]: Began running node model.luxe_training.fact_stockout_rate
[0m07:18:21.992088 [info ] [Thread-2 (]: 1 of 1 START sql table model dwh.fact_stockout_rate ............................ [RUN]
[0m07:18:21.992747 [debug] [Thread-2 (]: Re-using an available connection from the pool (formerly list_luxe_training_dwh, now model.luxe_training.fact_stockout_rate)
[0m07:18:21.993260 [debug] [Thread-2 (]: Began compiling node model.luxe_training.fact_stockout_rate
[0m07:18:22.002592 [debug] [Thread-2 (]: Writing injected SQL for node "model.luxe_training.fact_stockout_rate"
[0m07:18:22.003371 [debug] [Thread-2 (]: Began executing node model.luxe_training.fact_stockout_rate
[0m07:18:22.035271 [debug] [Thread-2 (]: Writing runtime sql for node "model.luxe_training.fact_stockout_rate"
[0m07:18:22.036576 [debug] [Thread-2 (]: Using snowflake connection "model.luxe_training.fact_stockout_rate"
[0m07:18:22.037108 [debug] [Thread-2 (]: On model.luxe_training.fact_stockout_rate: /* {"app": "dbt", "dbt_version": "1.9.4", "profile_name": "luxe_training", "target_name": "dwh", "node_id": "model.luxe_training.fact_stockout_rate"} */
create or replace transient table luxe_training.dwh.fact_stockout_rate
         as
        (SELECT
    product_id,
    store_id,

    COUNT(*) AS days_observed,

    SUM(is_stockout) AS stockout_days,

    ROUND(
        SUM(is_stockout) * 100.0 / COUNT(*),
        2
    ) AS stockout_rate

FROM luxe_training.dwh.int_inventory_stockout

GROUP BY
    product_id,
    store_id
        );
[0m07:18:22.037604 [debug] [Thread-2 (]: Opening a new connection, currently in state init
[0m07:18:23.341286 [debug] [Thread-2 (]: Snowflake adapter: Snowflake query id: 01c74efa-0002-1e23-0002-c11a0020a0c2
[0m07:18:23.341895 [debug] [Thread-2 (]: Snowflake adapter: Snowflake error: 002003 (42S02): SQL compilation error:
Object 'LUXE_TRAINING.DWH.INT_INVENTORY_STOCKOUT' does not exist or not authorized.
[0m07:18:23.345716 [debug] [Thread-2 (]: Database Error in model fact_stockout_rate (models/marts/fact_stockout_rate.sql)
  002003 (42S02): SQL compilation error:
  Object 'LUXE_TRAINING.DWH.INT_INVENTORY_STOCKOUT' does not exist or not authorized.
  compiled code at target/run/luxe_training/models/marts/fact_stockout_rate.sql
[0m07:18:23.348302 [error] [Thread-2 (]: 1 of 1 ERROR creating sql table model dwh.fact_stockout_rate ................... [[31mERROR[0m in 1.35s]
[0m07:18:23.349027 [debug] [Thread-2 (]: Finished running node model.luxe_training.fact_stockout_rate
[0m07:18:23.349757 [debug] [Thread-12 ]: Marking all children of 'model.luxe_training.fact_stockout_rate' to be skipped because of status 'error'.  Reason: Database Error in model fact_stockout_rate (models/marts/fact_stockout_rate.sql)
  002003 (42S02): SQL compilation error:
  Object 'LUXE_TRAINING.DWH.INT_INVENTORY_STOCKOUT' does not exist or not authorized.
  compiled code at target/run/luxe_training/models/marts/fact_stockout_rate.sql.
[0m07:18:23.353874 [debug] [Dummy-1   ]: Connection 'master' was properly closed.
[0m07:18:23.354357 [debug] [Dummy-1   ]: Connection 'model.luxe_training.fact_stockout_rate' was properly closed.
[0m07:18:23.354826 [info ] [Dummy-1   ]: 
[0m07:18:23.355358 [info ] [Dummy-1   ]: Finished running 1 table model in 0 hours 0 minutes and 4.41 seconds (4.41s).
[0m07:18:23.356088 [debug] [Dummy-1   ]: Command end result
[0m07:18:23.381790 [debug] [Dummy-1   ]: Wrote artifact WritableManifest to /tmp/dbt/target/manifest.json
[0m07:18:23.383495 [debug] [Dummy-1   ]: Wrote artifact SemanticManifest to /tmp/dbt/target/semantic_manifest.json
[0m07:18:23.389087 [debug] [Dummy-1   ]: Wrote artifact RunExecutionResult to /tmp/dbt/target/run_results.json
[0m07:18:23.389506 [info ] [Dummy-1   ]: 
[0m07:18:23.390044 [info ] [Dummy-1   ]: [31mCompleted with 1 error, 0 partial successes, and 0 warnings:[0m
[0m07:18:23.390533 [info ] [Dummy-1   ]: 
[0m07:18:23.391142 [error] [Dummy-1   ]:   Database Error in model fact_stockout_rate (models/marts/fact_stockout_rate.sql)
  002003 (42S02): SQL compilation error:
  Object 'LUXE_TRAINING.DWH.INT_INVENTORY_STOCKOUT' does not exist or not authorized.
  compiled code at target/run/luxe_training/models/marts/fact_stockout_rate.sql
[0m07:18:23.391560 [info ] [Dummy-1   ]: 
[0m07:18:23.392008 [info ] [Dummy-1   ]: Done. PASS=0 WARN=0 ERROR=1 SKIP=0 TOTAL=1
[0m07:18:23.393483 [debug] [Dummy-1   ]: Resource report: {"command_name": "run", "command_success": false, "command_wall_clock_time": 6.111746, "process_in_blocks": "0", "process_kernel_time": 0.82, "process_mem_max_rss": "535368", "process_out_blocks": "0", "process_user_time": 4.27}
[0m07:18:23.394069 [debug] [Dummy-1   ]: Command `cli run` failed at 07:18:23.393829 after 6.11 seconds
[0m07:18:23.394578 [debug] [Dummy-1   ]: Flushing usage events


============================== 07:27:19.739479 | 287db0f9-ef28-465e-89e4-ee660c8d6935 ==============================
[0m07:27:19.739479 [info ] [Dummy-1   ]: Running with dbt=1.9.4
[0m07:27:19.740282 [debug] [Dummy-1   ]: running dbt with arguments {'printer_width': '80', 'indirect_selection': 'eager', 'log_cache_events': 'False', 'write_json': 'True', 'partial_parse': 'True', 'cache_selected_only': 'False', 'warn_error': 'None', 'fail_fast': 'False', 'profiles_dir': '/tmp/dbt_effective_profiles_k41hc0d4', 'log_path': '/tmp/dbt/logs', 'debug': 'False', 'version_check': 'True', 'use_colors': 'True', 'use_experimental_parser': 'False', 'no_print': 'None', 'quiet': 'False', 'empty': 'False', 'log_format': 'default', 'introspect': 'True', 'invocation_command': 'dbt ', 'static_parser': 'True', 'target_path': 'None', 'warn_error_options': 'WarnErrorOptions(include=[], exclude=[])', 'send_anonymous_usage_stats': 'False'}
[0m07:27:20.009111 [info ] [Dummy-1   ]: Registered adapter: snowflake=1.9.2
[0m07:27:20.579648 [debug] [Dummy-1   ]: checksum: 7a8296c70615f566de89055485ae13d89ed1d40af3cf21b3b72f2284f73c401a, vars: {}, profile: , target: dwh, version: 1.9.4
[0m07:27:20.790584 [debug] [Dummy-1   ]: Partial parsing enabled: 0 files deleted, 0 files added, 0 files changed.
[0m07:27:20.791193 [debug] [Dummy-1   ]: Partial parsing enabled, no changes found, skipping parsing
[0m07:27:20.980335 [debug] [Dummy-1   ]: Wrote artifact WritableManifest to /tmp/dbt/target/manifest.json
[0m07:27:20.982266 [debug] [Dummy-1   ]: Wrote artifact SemanticManifest to /tmp/dbt/target/semantic_manifest.json
[0m07:27:21.017955 [info ] [Dummy-1   ]: Found 16 models, 7 data tests, 6 sources, 474 macros
[0m07:27:21.020730 [info ] [Dummy-1   ]: 
[0m07:27:21.021261 [info ] [Dummy-1   ]: Concurrency: 8 threads (target='dwh')
[0m07:27:21.021706 [info ] [Dummy-1   ]: 
[0m07:27:21.022471 [debug] [Dummy-1   ]: Acquiring new snowflake connection 'master'
[0m07:27:21.029043 [debug] [ThreadPool]: Acquiring new snowflake connection 'list_luxe_training_dwh'
[0m07:27:21.135759 [debug] [ThreadPool]: Using snowflake connection "list_luxe_training_dwh"
[0m07:27:21.136308 [debug] [ThreadPool]: On list_luxe_training_dwh: /* {"app": "dbt", "dbt_version": "1.9.4", "profile_name": "luxe_training", "target_name": "dwh", "connection_name": "list_luxe_training_dwh"} */
alter session set quoted_identifiers_ignore_case = false;
[0m07:27:21.136799 [debug] [ThreadPool]: Opening a new connection, currently in state init
[0m07:27:21.603314 [debug] [ThreadPool]: SQL status: SUCCESS 1 in 0.466 seconds
[0m07:27:21.607985 [debug] [ThreadPool]: Using snowflake connection "list_luxe_training_dwh"
[0m07:27:21.608501 [debug] [ThreadPool]: On list_luxe_training_dwh: /* {"app": "dbt", "dbt_version": "1.9.4", "profile_name": "luxe_training", "target_name": "dwh", "connection_name": "list_luxe_training_dwh"} */
show objects in luxe_training.dwh
    limit 10000
    
;
[0m07:27:21.755570 [debug] [ThreadPool]: SQL status: SUCCESS 14 in 0.147 seconds
[0m07:27:21.757907 [debug] [ThreadPool]: Using snowflake connection "list_luxe_training_dwh"
[0m07:27:21.758429 [debug] [ThreadPool]: On list_luxe_training_dwh: /* {"app": "dbt", "dbt_version": "1.9.4", "profile_name": "luxe_training", "target_name": "dwh", "connection_name": "list_luxe_training_dwh"} */
alter session unset quoted_identifiers_ignore_case;
[0m07:27:21.815111 [debug] [ThreadPool]: SQL status: SUCCESS 1 in 0.056 seconds
[0m07:27:21.836023 [debug] [Thread-2 (]: Began running node model.luxe_training.stg_customers
[0m07:27:21.836602 [debug] [Thread-3 (]: Began running node model.luxe_training.stg_inventory
[0m07:27:21.837150 [debug] [Thread-4 (]: Began running node model.luxe_training.stg_products
[0m07:27:21.837818 [debug] [Thread-5 (]: Began running node model.luxe_training.stg_sales
[0m07:27:21.838470 [debug] [Thread-6 (]: Began running node model.luxe_training.stg_stores
[0m07:27:21.839133 [debug] [Thread-2 (]: Re-using an available connection from the pool (formerly list_luxe_training_dwh, now model.luxe_training.stg_customers)
[0m07:27:21.839842 [debug] [Thread-3 (]: Acquiring new snowflake connection 'model.luxe_training.stg_inventory'
[0m07:27:21.840498 [debug] [Thread-4 (]: Acquiring new snowflake connection 'model.luxe_training.stg_products'
[0m07:27:21.841122 [debug] [Thread-5 (]: Acquiring new snowflake connection 'model.luxe_training.stg_sales'
[0m07:27:21.841738 [debug] [Thread-6 (]: Acquiring new snowflake connection 'model.luxe_training.stg_stores'
[0m07:27:21.842432 [debug] [Thread-2 (]: Began compiling node model.luxe_training.stg_customers
[0m07:27:21.842917 [debug] [Thread-3 (]: Began compiling node model.luxe_training.stg_inventory
[0m07:27:21.843396 [debug] [Thread-4 (]: Began compiling node model.luxe_training.stg_products
[0m07:27:21.843900 [debug] [Thread-5 (]: Began compiling node model.luxe_training.stg_sales
[0m07:27:21.844409 [debug] [Thread-6 (]: Began compiling node model.luxe_training.stg_stores
[0m07:27:21.853221 [debug] [Thread-2 (]: Writing injected SQL for node "model.luxe_training.stg_customers"
[0m07:27:21.857213 [debug] [Thread-3 (]: Writing injected SQL for node "model.luxe_training.stg_inventory"
[0m07:27:21.862028 [debug] [Thread-4 (]: Writing injected SQL for node "model.luxe_training.stg_products"
[0m07:27:21.865964 [debug] [Thread-5 (]: Writing injected SQL for node "model.luxe_training.stg_sales"
[0m07:27:21.869761 [debug] [Thread-6 (]: Writing injected SQL for node "model.luxe_training.stg_stores"
[0m07:27:21.870854 [debug] [Thread-2 (]: Began executing node model.luxe_training.stg_customers
[0m07:27:21.871702 [debug] [Thread-3 (]: Began executing node model.luxe_training.stg_inventory
[0m07:27:21.872464 [debug] [Thread-4 (]: Began executing node model.luxe_training.stg_products
[0m07:27:21.873805 [debug] [Thread-2 (]: Finished running node model.luxe_training.stg_customers
[0m07:27:21.874395 [debug] [Thread-5 (]: Began executing node model.luxe_training.stg_sales
[0m07:27:21.874896 [debug] [Thread-6 (]: Began executing node model.luxe_training.stg_stores
[0m07:27:21.875637 [debug] [Thread-3 (]: Finished running node model.luxe_training.stg_inventory
[0m07:27:21.876426 [debug] [Thread-4 (]: Finished running node model.luxe_training.stg_products
[0m07:27:21.877373 [debug] [Thread-8 (]: Began running node model.luxe_training.dim_customer
[0m07:27:21.878293 [debug] [Thread-5 (]: Finished running node model.luxe_training.stg_sales
[0m07:27:21.879135 [debug] [Thread-6 (]: Finished running node model.luxe_training.stg_stores
[0m07:27:21.880028 [debug] [Thread-7 (]: Began running node model.luxe_training.fact_inventory
[0m07:27:21.880544 [debug] [Thread-2 (]: Began running node model.luxe_training.int_inventory_current
[0m07:27:21.881412 [debug] [Thread-3 (]: Began running node model.luxe_training.dim_product
[0m07:27:21.882164 [debug] [Thread-8 (]: Acquiring new snowflake connection 'model.luxe_training.dim_customer'
[0m07:27:21.883079 [debug] [Thread-9 (]: Began running node model.luxe_training.fact_sales
[0m07:27:21.883597 [debug] [Thread-4 (]: Began running node model.luxe_training.int_sales_30d
[0m07:27:21.884440 [debug] [Thread-5 (]: Began running node model.luxe_training.dim_store
[0m07:27:21.885080 [debug] [Thread-7 (]: Acquiring new snowflake connection 'model.luxe_training.fact_inventory'
[0m07:27:21.885651 [debug] [Thread-2 (]: Re-using an available connection from the pool (formerly model.luxe_training.stg_customers, now model.luxe_training.int_inventory_current)
[0m07:27:21.886246 [debug] [Thread-3 (]: Re-using an available connection from the pool (formerly model.luxe_training.stg_inventory, now model.luxe_training.dim_product)
[0m07:27:21.886755 [debug] [Thread-8 (]: Began compiling node model.luxe_training.dim_customer
[0m07:27:21.887566 [debug] [Thread-9 (]: Acquiring new snowflake connection 'model.luxe_training.fact_sales'
[0m07:27:21.888143 [debug] [Thread-4 (]: Re-using an available connection from the pool (formerly model.luxe_training.stg_products, now model.luxe_training.int_sales_30d)
[0m07:27:21.888690 [debug] [Thread-5 (]: Re-using an available connection from the pool (formerly model.luxe_training.stg_sales, now model.luxe_training.dim_store)
[0m07:27:21.889173 [debug] [Thread-7 (]: Began compiling node model.luxe_training.fact_inventory
[0m07:27:21.889670 [debug] [Thread-2 (]: Began compiling node model.luxe_training.int_inventory_current
[0m07:27:21.890222 [debug] [Thread-3 (]: Began compiling node model.luxe_training.dim_product
[0m07:27:21.894248 [debug] [Thread-8 (]: Writing injected SQL for node "model.luxe_training.dim_customer"
[0m07:27:21.894843 [debug] [Thread-9 (]: Began compiling node model.luxe_training.fact_sales
[0m07:27:21.895402 [debug] [Thread-4 (]: Began compiling node model.luxe_training.int_sales_30d
[0m07:27:21.895906 [debug] [Thread-5 (]: Began compiling node model.luxe_training.dim_store
[0m07:27:21.899939 [debug] [Thread-7 (]: Writing injected SQL for node "model.luxe_training.fact_inventory"
[0m07:27:21.904990 [debug] [Thread-2 (]: Writing injected SQL for node "model.luxe_training.int_inventory_current"
[0m07:27:21.908733 [debug] [Thread-3 (]: Writing injected SQL for node "model.luxe_training.dim_product"
[0m07:27:21.912743 [debug] [Thread-9 (]: Writing injected SQL for node "model.luxe_training.fact_sales"
[0m07:27:21.913304 [debug] [Thread-8 (]: Began executing node model.luxe_training.dim_customer
[0m07:27:21.917183 [debug] [Thread-4 (]: Writing injected SQL for node "model.luxe_training.int_sales_30d"
[0m07:27:21.920906 [debug] [Thread-5 (]: Writing injected SQL for node "model.luxe_training.dim_store"
[0m07:27:21.922140 [debug] [Thread-7 (]: Began executing node model.luxe_training.fact_inventory
[0m07:27:21.922945 [debug] [Thread-2 (]: Began executing node model.luxe_training.int_inventory_current
[0m07:27:21.923619 [debug] [Thread-3 (]: Began executing node model.luxe_training.dim_product
[0m07:27:21.924558 [debug] [Thread-8 (]: Finished running node model.luxe_training.dim_customer
[0m07:27:21.925079 [debug] [Thread-9 (]: Began executing node model.luxe_training.fact_sales
[0m07:27:21.925839 [debug] [Thread-4 (]: Began executing node model.luxe_training.int_sales_30d
[0m07:27:21.926824 [debug] [Thread-7 (]: Finished running node model.luxe_training.fact_inventory
[0m07:27:21.927385 [debug] [Thread-5 (]: Began executing node model.luxe_training.dim_store
[0m07:27:21.928124 [debug] [Thread-2 (]: Finished running node model.luxe_training.int_inventory_current
[0m07:27:21.928871 [debug] [Thread-3 (]: Finished running node model.luxe_training.dim_product
[0m07:27:21.929776 [debug] [Thread-9 (]: Finished running node model.luxe_training.fact_sales
[0m07:27:21.930557 [debug] [Thread-4 (]: Finished running node model.luxe_training.int_sales_30d
[0m07:27:21.931365 [debug] [Thread-6 (]: Began running node model.luxe_training.int_inventory_stockout
[0m07:27:21.932095 [debug] [Thread-5 (]: Finished running node model.luxe_training.dim_store
[0m07:27:21.933098 [debug] [Thread-7 (]: Began running node test.luxe_training.not_null_dim_product_product_id.02b1f06816
[0m07:27:21.933626 [debug] [Thread-8 (]: Began running node test.luxe_training.unique_dim_product_product_id.46495bf7fe
[0m07:27:21.934614 [debug] [Thread-3 (]: Began running node test.luxe_training.not_null_fact_sales_quantity.123217c37f
[0m07:27:21.935113 [debug] [Thread-2 (]: Began running node test.luxe_training.not_null_fact_sales_sale_id.ea1dca7100
[0m07:27:21.935620 [debug] [Thread-4 (]: Began running node test.luxe_training.unique_fact_sales_sale_id.16dc554bac
[0m07:27:21.936320 [debug] [Thread-9 (]: Began running node model.luxe_training.fact_stock_coverage
[0m07:27:21.936871 [debug] [Thread-6 (]: Re-using an available connection from the pool (formerly model.luxe_training.stg_stores, now model.luxe_training.int_inventory_stockout)
[0m07:27:21.937431 [debug] [Thread-5 (]: Began running node model.luxe_training.fact_stock_coverage2
[0m07:27:21.938263 [debug] [Thread-7 (]: Re-using an available connection from the pool (formerly model.luxe_training.fact_inventory, now test.luxe_training.not_null_dim_product_product_id.02b1f06816)
[0m07:27:21.938814 [debug] [Thread-8 (]: Re-using an available connection from the pool (formerly model.luxe_training.dim_customer, now test.luxe_training.unique_dim_product_product_id.46495bf7fe)
[0m07:27:21.939361 [debug] [Thread-3 (]: Re-using an available connection from the pool (formerly model.luxe_training.dim_product, now test.luxe_training.not_null_fact_sales_quantity.123217c37f)
[0m07:27:21.939913 [debug] [Thread-2 (]: Re-using an available connection from the pool (formerly model.luxe_training.int_inventory_current, now test.luxe_training.not_null_fact_sales_sale_id.ea1dca7100)
[0m07:27:21.940485 [debug] [Thread-4 (]: Re-using an available connection from the pool (formerly model.luxe_training.int_sales_30d, now test.luxe_training.unique_fact_sales_sale_id.16dc554bac)
[0m07:27:21.941023 [debug] [Thread-9 (]: Re-using an available connection from the pool (formerly model.luxe_training.fact_sales, now model.luxe_training.fact_stock_coverage)
[0m07:27:21.941535 [debug] [Thread-6 (]: Began compiling node model.luxe_training.int_inventory_stockout
[0m07:27:21.942130 [debug] [Thread-5 (]: Re-using an available connection from the pool (formerly model.luxe_training.dim_store, now model.luxe_training.fact_stock_coverage2)
[0m07:27:21.942657 [debug] [Thread-7 (]: Began compiling node test.luxe_training.not_null_dim_product_product_id.02b1f06816
[0m07:27:21.943137 [debug] [Thread-8 (]: Began compiling node test.luxe_training.unique_dim_product_product_id.46495bf7fe
[0m07:27:21.943600 [debug] [Thread-3 (]: Began compiling node test.luxe_training.not_null_fact_sales_quantity.123217c37f
[0m07:27:21.944059 [debug] [Thread-2 (]: Began compiling node test.luxe_training.not_null_fact_sales_sale_id.ea1dca7100
[0m07:27:21.944529 [debug] [Thread-4 (]: Began compiling node test.luxe_training.unique_fact_sales_sale_id.16dc554bac
[0m07:27:21.944977 [debug] [Thread-9 (]: Began compiling node model.luxe_training.fact_stock_coverage
[0m07:27:21.950361 [debug] [Thread-6 (]: Writing injected SQL for node "model.luxe_training.int_inventory_stockout"
[0m07:27:21.951028 [debug] [Thread-5 (]: Began compiling node model.luxe_training.fact_stock_coverage2
[0m07:27:21.964011 [debug] [Thread-7 (]: Writing injected SQL for node "test.luxe_training.not_null_dim_product_product_id.02b1f06816"
[0m07:27:21.971428 [debug] [Thread-8 (]: Writing injected SQL for node "test.luxe_training.unique_dim_product_product_id.46495bf7fe"
[0m07:27:21.976327 [debug] [Thread-3 (]: Writing injected SQL for node "test.luxe_training.not_null_fact_sales_quantity.123217c37f"
[0m07:27:21.981426 [debug] [Thread-2 (]: Writing injected SQL for node "test.luxe_training.not_null_fact_sales_sale_id.ea1dca7100"
[0m07:27:21.987612 [debug] [Thread-4 (]: Writing injected SQL for node "test.luxe_training.unique_fact_sales_sale_id.16dc554bac"
[0m07:27:21.991595 [debug] [Thread-9 (]: Writing injected SQL for node "model.luxe_training.fact_stock_coverage"
[0m07:27:22.013759 [debug] [Thread-6 (]: Began executing node model.luxe_training.int_inventory_stockout
[0m07:27:22.015985 [debug] [Thread-5 (]: Writing injected SQL for node "model.luxe_training.fact_stock_coverage2"
[0m07:27:22.017101 [debug] [Thread-7 (]: Began executing node test.luxe_training.not_null_dim_product_product_id.02b1f06816
[0m07:27:22.017725 [debug] [Thread-8 (]: Began executing node test.luxe_training.unique_dim_product_product_id.46495bf7fe
[0m07:27:22.018526 [debug] [Thread-3 (]: Began executing node test.luxe_training.not_null_fact_sales_quantity.123217c37f
[0m07:27:22.019304 [debug] [Thread-2 (]: Began executing node test.luxe_training.not_null_fact_sales_sale_id.ea1dca7100
[0m07:27:22.020029 [debug] [Thread-4 (]: Began executing node test.luxe_training.unique_fact_sales_sale_id.16dc554bac
[0m07:27:22.020852 [debug] [Thread-6 (]: Finished running node model.luxe_training.int_inventory_stockout
[0m07:27:22.021403 [debug] [Thread-9 (]: Began executing node model.luxe_training.fact_stock_coverage
[0m07:27:22.022481 [debug] [Thread-7 (]: Finished running node test.luxe_training.not_null_dim_product_product_id.02b1f06816
[0m07:27:22.023103 [debug] [Thread-5 (]: Began executing node model.luxe_training.fact_stock_coverage2
[0m07:27:22.023878 [debug] [Thread-8 (]: Finished running node test.luxe_training.unique_dim_product_product_id.46495bf7fe
[0m07:27:22.024652 [debug] [Thread-3 (]: Finished running node test.luxe_training.not_null_fact_sales_quantity.123217c37f
[0m07:27:22.025390 [debug] [Thread-2 (]: Finished running node test.luxe_training.not_null_fact_sales_sale_id.ea1dca7100
[0m07:27:22.026189 [debug] [Thread-4 (]: Finished running node test.luxe_training.unique_fact_sales_sale_id.16dc554bac
[0m07:27:22.026793 [debug] [Thread-6 (]: Began running node test.luxe_training.not_null_dim_store_store_id.8cb7c6ace0
[0m07:27:22.027827 [debug] [Thread-9 (]: Finished running node model.luxe_training.fact_stock_coverage
[0m07:27:22.028406 [debug] [Thread-7 (]: Began running node test.luxe_training.unique_dim_store_store_id.90e408e197
[0m07:27:22.029243 [debug] [Thread-5 (]: Finished running node model.luxe_training.fact_stock_coverage2
[0m07:27:22.029817 [debug] [Thread-8 (]: Began running node model.luxe_training.fact_stockout_rate
[0m07:27:22.031252 [debug] [Thread-6 (]: Re-using an available connection from the pool (formerly model.luxe_training.int_inventory_stockout, now test.luxe_training.not_null_dim_store_store_id.8cb7c6ace0)
[0m07:27:22.031998 [debug] [Thread-7 (]: Re-using an available connection from the pool (formerly test.luxe_training.not_null_dim_product_product_id.02b1f06816, now test.luxe_training.unique_dim_store_store_id.90e408e197)
[0m07:27:22.032708 [debug] [Thread-8 (]: Re-using an available connection from the pool (formerly test.luxe_training.unique_dim_product_product_id.46495bf7fe, now model.luxe_training.fact_stockout_rate)
[0m07:27:22.033216 [debug] [Thread-6 (]: Began compiling node test.luxe_training.not_null_dim_store_store_id.8cb7c6ace0
[0m07:27:22.033697 [debug] [Thread-7 (]: Began compiling node test.luxe_training.unique_dim_store_store_id.90e408e197
[0m07:27:22.034223 [debug] [Thread-8 (]: Began compiling node model.luxe_training.fact_stockout_rate
[0m07:27:22.039238 [debug] [Thread-6 (]: Writing injected SQL for node "test.luxe_training.not_null_dim_store_store_id.8cb7c6ace0"
[0m07:27:22.044138 [debug] [Thread-7 (]: Writing injected SQL for node "test.luxe_training.unique_dim_store_store_id.90e408e197"
[0m07:27:22.049265 [debug] [Thread-8 (]: Writing injected SQL for node "model.luxe_training.fact_stockout_rate"
[0m07:27:22.050252 [debug] [Thread-6 (]: Began executing node test.luxe_training.not_null_dim_store_store_id.8cb7c6ace0
[0m07:27:22.051109 [debug] [Thread-7 (]: Began executing node test.luxe_training.unique_dim_store_store_id.90e408e197
[0m07:27:22.051910 [debug] [Thread-6 (]: Finished running node test.luxe_training.not_null_dim_store_store_id.8cb7c6ace0
[0m07:27:22.052421 [debug] [Thread-8 (]: Began executing node model.luxe_training.fact_stockout_rate
[0m07:27:22.053126 [debug] [Thread-7 (]: Finished running node test.luxe_training.unique_dim_store_store_id.90e408e197
[0m07:27:22.054001 [debug] [Thread-8 (]: Finished running node model.luxe_training.fact_stockout_rate
[0m07:27:22.057270 [debug] [Dummy-1   ]: Connection 'master' was properly closed.
[0m07:27:22.057756 [debug] [Dummy-1   ]: Connection 'test.luxe_training.not_null_fact_sales_sale_id.ea1dca7100' was properly closed.
[0m07:27:22.058212 [debug] [Dummy-1   ]: Connection 'test.luxe_training.not_null_fact_sales_quantity.123217c37f' was properly closed.
[0m07:27:22.058622 [debug] [Dummy-1   ]: Connection 'test.luxe_training.unique_fact_sales_sale_id.16dc554bac' was properly closed.
[0m07:27:22.059023 [debug] [Dummy-1   ]: Connection 'model.luxe_training.fact_stock_coverage2' was properly closed.
[0m07:27:22.059417 [debug] [Dummy-1   ]: Connection 'test.luxe_training.not_null_dim_store_store_id.8cb7c6ace0' was properly closed.
[0m07:27:22.059837 [debug] [Dummy-1   ]: Connection 'model.luxe_training.fact_stockout_rate' was properly closed.
[0m07:27:22.060257 [debug] [Dummy-1   ]: Connection 'test.luxe_training.unique_dim_store_store_id.90e408e197' was properly closed.
[0m07:27:22.060697 [debug] [Dummy-1   ]: Connection 'model.luxe_training.fact_stock_coverage' was properly closed.
[0m07:27:22.064131 [debug] [Dummy-1   ]: Command end result
[0m07:27:22.089738 [debug] [Dummy-1   ]: Wrote artifact WritableManifest to /tmp/dbt/target/manifest.json
[0m07:27:22.091619 [debug] [Dummy-1   ]: Wrote artifact SemanticManifest to /tmp/dbt/target/semantic_manifest.json
[0m07:27:22.098907 [debug] [Dummy-1   ]: Wrote artifact RunExecutionResult to /tmp/dbt/target/run_results.json
[0m07:27:22.100527 [debug] [Dummy-1   ]: Resource report: {"command_name": "compile", "command_success": true, "command_wall_clock_time": 2.43303, "process_in_blocks": "0", "process_kernel_time": 0.73, "process_mem_max_rss": "495820", "process_out_blocks": "0", "process_user_time": 4.26}
[0m07:27:22.101193 [debug] [Dummy-1   ]: Command `cli compile` succeeded at 07:27:22.100918 after 2.43 seconds
[0m07:27:22.101728 [debug] [Dummy-1   ]: Flushing usage events


============================== 07:36:34.557291 | 46c68e58-95bb-4913-aecc-cc717ff12079 ==============================
[0m07:36:34.557291 [info ] [Dummy-1   ]: Running with dbt=1.9.4
[0m07:36:34.558148 [debug] [Dummy-1   ]: running dbt with arguments {'printer_width': '80', 'indirect_selection': 'eager', 'log_cache_events': 'False', 'write_json': 'True', 'partial_parse': 'True', 'cache_selected_only': 'False', 'profiles_dir': '/tmp/dbt_effective_profiles_1uh7bpdj', 'version_check': 'True', 'fail_fast': 'False', 'log_path': '/tmp/dbt/logs', 'warn_error': 'None', 'debug': 'False', 'use_colors': 'True', 'use_experimental_parser': 'False', 'no_print': 'None', 'quiet': 'False', 'empty': 'False', 'log_format': 'default', 'introspect': 'True', 'warn_error_options': 'WarnErrorOptions(include=[], exclude=[])', 'invocation_command': 'dbt ', 'target_path': 'None', 'static_parser': 'True', 'send_anonymous_usage_stats': 'False'}
[0m07:36:34.826838 [info ] [Dummy-1   ]: Registered adapter: snowflake=1.9.2
[0m07:36:35.349342 [debug] [Dummy-1   ]: checksum: 7a8296c70615f566de89055485ae13d89ed1d40af3cf21b3b72f2284f73c401a, vars: {}, profile: , target: dwh, version: 1.9.4
[0m07:36:35.565410 [debug] [Dummy-1   ]: Partial parsing enabled: 0 files deleted, 0 files added, 0 files changed.
[0m07:36:35.565966 [debug] [Dummy-1   ]: Partial parsing enabled, no changes found, skipping parsing
[0m07:36:35.752823 [debug] [Dummy-1   ]: Wrote artifact WritableManifest to /tmp/dbt/target/manifest.json
[0m07:36:35.754992 [debug] [Dummy-1   ]: Wrote artifact SemanticManifest to /tmp/dbt/target/semantic_manifest.json
[0m07:36:35.797909 [info ] [Dummy-1   ]: Found 16 models, 7 data tests, 6 sources, 474 macros
[0m07:36:35.800450 [info ] [Dummy-1   ]: 
[0m07:36:35.800992 [info ] [Dummy-1   ]: Concurrency: 8 threads (target='dwh')
[0m07:36:35.801413 [info ] [Dummy-1   ]: 
[0m07:36:35.802126 [debug] [Dummy-1   ]: Acquiring new snowflake connection 'master'
[0m07:36:35.804501 [debug] [ThreadPool]: Acquiring new snowflake connection 'list_luxe_training'
[0m07:36:35.907780 [debug] [ThreadPool]: Using snowflake connection "list_luxe_training"
[0m07:36:35.908349 [debug] [ThreadPool]: On list_luxe_training: /* {"app": "dbt", "dbt_version": "1.9.4", "profile_name": "luxe_training", "target_name": "dwh", "connection_name": "list_luxe_training"} */
show terse schemas in database luxe_training
    limit 10000
[0m07:36:35.908824 [debug] [ThreadPool]: Opening a new connection, currently in state init
[0m07:36:36.415060 [debug] [ThreadPool]: SQL status: SUCCESS 4 in 0.506 seconds
[0m07:36:36.423416 [debug] [ThreadPool]: Re-using an available connection from the pool (formerly list_luxe_training, now list_luxe_training_dwh)
[0m07:36:36.435489 [debug] [ThreadPool]: Using snowflake connection "list_luxe_training_dwh"
[0m07:36:36.436052 [debug] [ThreadPool]: On list_luxe_training_dwh: /* {"app": "dbt", "dbt_version": "1.9.4", "profile_name": "luxe_training", "target_name": "dwh", "connection_name": "list_luxe_training_dwh"} */
alter session set quoted_identifiers_ignore_case = false;
[0m07:36:36.436498 [debug] [ThreadPool]: Opening a new connection, currently in state init
[0m07:36:36.918413 [debug] [ThreadPool]: SQL status: SUCCESS 1 in 0.482 seconds
[0m07:36:36.922693 [debug] [ThreadPool]: Using snowflake connection "list_luxe_training_dwh"
[0m07:36:36.923180 [debug] [ThreadPool]: On list_luxe_training_dwh: /* {"app": "dbt", "dbt_version": "1.9.4", "profile_name": "luxe_training", "target_name": "dwh", "connection_name": "list_luxe_training_dwh"} */
show objects in luxe_training.dwh
    limit 10000
    
;
[0m07:36:37.048772 [debug] [ThreadPool]: SQL status: SUCCESS 14 in 0.125 seconds
[0m07:36:37.050957 [debug] [ThreadPool]: Using snowflake connection "list_luxe_training_dwh"
[0m07:36:37.051765 [debug] [ThreadPool]: On list_luxe_training_dwh: /* {"app": "dbt", "dbt_version": "1.9.4", "profile_name": "luxe_training", "target_name": "dwh", "connection_name": "list_luxe_training_dwh"} */
alter session unset quoted_identifiers_ignore_case;
[0m07:36:37.123429 [debug] [ThreadPool]: SQL status: SUCCESS 1 in 0.071 seconds
[0m07:36:37.143257 [debug] [Thread-2 (]: Began running node model.luxe_training.int_inventory_stockout
[0m07:36:37.144001 [info ] [Thread-2 (]: 1 of 1 START sql table model dwh.int_inventory_stockout ........................ [RUN]
[0m07:36:37.144626 [debug] [Thread-2 (]: Re-using an available connection from the pool (formerly list_luxe_training_dwh, now model.luxe_training.int_inventory_stockout)
[0m07:36:37.145096 [debug] [Thread-2 (]: Began compiling node model.luxe_training.int_inventory_stockout
[0m07:36:37.153511 [debug] [Thread-2 (]: Writing injected SQL for node "model.luxe_training.int_inventory_stockout"
[0m07:36:37.154225 [debug] [Thread-2 (]: Began executing node model.luxe_training.int_inventory_stockout
[0m07:36:37.186652 [debug] [Thread-2 (]: Writing runtime sql for node "model.luxe_training.int_inventory_stockout"
[0m07:36:37.187828 [debug] [Thread-2 (]: Using snowflake connection "model.luxe_training.int_inventory_stockout"
[0m07:36:37.188323 [debug] [Thread-2 (]: On model.luxe_training.int_inventory_stockout: /* {"app": "dbt", "dbt_version": "1.9.4", "profile_name": "luxe_training", "target_name": "dwh", "node_id": "model.luxe_training.int_inventory_stockout"} */
create or replace transient table luxe_training.dwh.int_inventory_stockout
         as
        (SELECT
    date,
    product_id,
    store_id,
    stock_quantity,

    CASE
        WHEN stock_quantity = 0 THEN 1
        ELSE 0
    END AS is_stockout

FROM luxe_training.dwh.fact_inventory
        );
[0m07:36:37.188766 [debug] [Thread-2 (]: Opening a new connection, currently in state init
[0m07:36:37.759166 [debug] [Thread-2 (]: Snowflake adapter: Snowflake query id: 01c74f0c-0002-1df7-0002-c11a0020b182
[0m07:36:37.759837 [debug] [Thread-2 (]: Snowflake adapter: Snowflake error: 000904 (42000): SQL compilation error: error line 4 at position 4
invalid identifier 'DATE'
[0m07:36:37.763572 [debug] [Thread-2 (]: Database Error in model int_inventory_stockout (models/marts/int_inventory_stockout.sql)
  000904 (42000): SQL compilation error: error line 4 at position 4
  invalid identifier 'DATE'
  compiled code at target/run/luxe_training/models/marts/int_inventory_stockout.sql
[0m07:36:37.766098 [error] [Thread-2 (]: 1 of 1 ERROR creating sql table model dwh.int_inventory_stockout ............... [[31mERROR[0m in 0.62s]
[0m07:36:37.766830 [debug] [Thread-2 (]: Finished running node model.luxe_training.int_inventory_stockout
[0m07:36:37.767568 [debug] [Thread-12 ]: Marking all children of 'model.luxe_training.int_inventory_stockout' to be skipped because of status 'error'.  Reason: Database Error in model int_inventory_stockout (models/marts/int_inventory_stockout.sql)
  000904 (42000): SQL compilation error: error line 4 at position 4
  invalid identifier 'DATE'
  compiled code at target/run/luxe_training/models/marts/int_inventory_stockout.sql.
[0m07:36:37.771396 [debug] [Dummy-1   ]: Connection 'master' was properly closed.
[0m07:36:37.771929 [debug] [Dummy-1   ]: Connection 'model.luxe_training.int_inventory_stockout' was properly closed.
[0m07:36:37.772382 [info ] [Dummy-1   ]: 
[0m07:36:37.772856 [info ] [Dummy-1   ]: Finished running 1 table model in 0 hours 0 minutes and 1.97 seconds (1.97s).
[0m07:36:37.773589 [debug] [Dummy-1   ]: Command end result
[0m07:36:37.799146 [debug] [Dummy-1   ]: Wrote artifact WritableManifest to /tmp/dbt/target/manifest.json
[0m07:36:37.800827 [debug] [Dummy-1   ]: Wrote artifact SemanticManifest to /tmp/dbt/target/semantic_manifest.json
[0m07:36:37.806390 [debug] [Dummy-1   ]: Wrote artifact RunExecutionResult to /tmp/dbt/target/run_results.json
[0m07:36:37.806821 [info ] [Dummy-1   ]: 
[0m07:36:37.807346 [info ] [Dummy-1   ]: [31mCompleted with 1 error, 0 partial successes, and 0 warnings:[0m
[0m07:36:37.807859 [info ] [Dummy-1   ]: 
[0m07:36:37.808405 [error] [Dummy-1   ]:   Database Error in model int_inventory_stockout (models/marts/int_inventory_stockout.sql)
  000904 (42000): SQL compilation error: error line 4 at position 4
  invalid identifier 'DATE'
  compiled code at target/run/luxe_training/models/marts/int_inventory_stockout.sql
[0m07:36:37.808814 [info ] [Dummy-1   ]: 
[0m07:36:37.809265 [info ] [Dummy-1   ]: Done. PASS=0 WARN=0 ERROR=1 SKIP=0 TOTAL=1
[0m07:36:37.810697 [debug] [Dummy-1   ]: Resource report: {"command_name": "run", "command_success": false, "command_wall_clock_time": 3.326015, "process_in_blocks": "0", "process_kernel_time": 0.89, "process_mem_max_rss": "476156", "process_out_blocks": "0", "process_user_time": 3.88}
[0m07:36:37.811258 [debug] [Dummy-1   ]: Command `cli run` failed at 07:36:37.811034 after 3.33 seconds
[0m07:36:37.811785 [debug] [Dummy-1   ]: Flushing usage events


============================== 07:37:56.521913 | abefbbaa-5fde-4d39-a0c0-48d628ef2726 ==============================
[0m07:37:56.521913 [info ] [Dummy-1   ]: Running with dbt=1.9.4
[0m07:37:56.522721 [debug] [Dummy-1   ]: running dbt with arguments {'printer_width': '80', 'indirect_selection': 'eager', 'log_cache_events': 'False', 'write_json': 'True', 'partial_parse': 'True', 'cache_selected_only': 'False', 'profiles_dir': '/tmp/dbt_effective_profiles_se9_0vmy', 'fail_fast': 'False', 'debug': 'False', 'log_path': '/tmp/dbt/logs', 'version_check': 'True', 'warn_error': 'None', 'use_colors': 'True', 'use_experimental_parser': 'False', 'empty': 'False', 'quiet': 'False', 'no_print': 'None', 'warn_error_options': 'WarnErrorOptions(include=[], exclude=[])', 'invocation_command': 'dbt ', 'introspect': 'True', 'static_parser': 'True', 'target_path': 'None', 'log_format': 'default', 'send_anonymous_usage_stats': 'False'}
[0m07:37:56.788622 [info ] [Dummy-1   ]: Registered adapter: snowflake=1.9.2
[0m07:37:57.324462 [debug] [Dummy-1   ]: checksum: 7a8296c70615f566de89055485ae13d89ed1d40af3cf21b3b72f2284f73c401a, vars: {}, profile: , target: dwh, version: 1.9.4
[0m07:37:57.541612 [debug] [Dummy-1   ]: Partial parsing enabled: 0 files deleted, 0 files added, 1 files changed.
[0m07:37:57.542460 [debug] [Dummy-1   ]: Partial parsing: updated file: luxe_training://models/marts/int_inventory_stockout.sql
[0m07:37:58.041994 [debug] [Dummy-1   ]: Wrote artifact WritableManifest to /tmp/dbt/target/manifest.json
[0m07:37:58.043981 [debug] [Dummy-1   ]: Wrote artifact SemanticManifest to /tmp/dbt/target/semantic_manifest.json
[0m07:37:58.087584 [info ] [Dummy-1   ]: Found 16 models, 7 data tests, 6 sources, 474 macros
[0m07:37:58.090291 [info ] [Dummy-1   ]: 
[0m07:37:58.090910 [info ] [Dummy-1   ]: Concurrency: 8 threads (target='dwh')
[0m07:37:58.091375 [info ] [Dummy-1   ]: 
[0m07:37:58.092135 [debug] [Dummy-1   ]: Acquiring new snowflake connection 'master'
[0m07:37:58.095369 [debug] [ThreadPool]: Acquiring new snowflake connection 'list_luxe_training'
[0m07:37:58.193369 [debug] [ThreadPool]: Using snowflake connection "list_luxe_training"
[0m07:37:58.193954 [debug] [ThreadPool]: On list_luxe_training: /* {"app": "dbt", "dbt_version": "1.9.4", "profile_name": "luxe_training", "target_name": "dwh", "connection_name": "list_luxe_training"} */
show terse schemas in database luxe_training
    limit 10000
[0m07:37:58.194460 [debug] [ThreadPool]: Opening a new connection, currently in state init
[0m07:37:58.687279 [debug] [ThreadPool]: SQL status: SUCCESS 4 in 0.493 seconds
[0m07:37:58.695971 [debug] [ThreadPool]: Re-using an available connection from the pool (formerly list_luxe_training, now list_luxe_training_dwh)
[0m07:37:58.708559 [debug] [ThreadPool]: Using snowflake connection "list_luxe_training_dwh"
[0m07:37:58.709188 [debug] [ThreadPool]: On list_luxe_training_dwh: /* {"app": "dbt", "dbt_version": "1.9.4", "profile_name": "luxe_training", "target_name": "dwh", "connection_name": "list_luxe_training_dwh"} */
alter session set quoted_identifiers_ignore_case = false;
[0m07:37:58.709643 [debug] [ThreadPool]: Opening a new connection, currently in state init
[0m07:37:59.187522 [debug] [ThreadPool]: SQL status: SUCCESS 1 in 0.478 seconds
[0m07:37:59.192001 [debug] [ThreadPool]: Using snowflake connection "list_luxe_training_dwh"
[0m07:37:59.192523 [debug] [ThreadPool]: On list_luxe_training_dwh: /* {"app": "dbt", "dbt_version": "1.9.4", "profile_name": "luxe_training", "target_name": "dwh", "connection_name": "list_luxe_training_dwh"} */
show objects in luxe_training.dwh
    limit 10000
    
;
[0m07:37:59.343325 [debug] [ThreadPool]: SQL status: SUCCESS 14 in 0.150 seconds
[0m07:37:59.345709 [debug] [ThreadPool]: Using snowflake connection "list_luxe_training_dwh"
[0m07:37:59.346475 [debug] [ThreadPool]: On list_luxe_training_dwh: /* {"app": "dbt", "dbt_version": "1.9.4", "profile_name": "luxe_training", "target_name": "dwh", "connection_name": "list_luxe_training_dwh"} */
alter session unset quoted_identifiers_ignore_case;
[0m07:37:59.409729 [debug] [ThreadPool]: SQL status: SUCCESS 1 in 0.063 seconds
[0m07:37:59.429246 [debug] [Thread-2 (]: Began running node model.luxe_training.int_inventory_stockout
[0m07:37:59.429992 [info ] [Thread-2 (]: 1 of 1 START sql table model dwh.int_inventory_stockout ........................ [RUN]
[0m07:37:59.430702 [debug] [Thread-2 (]: Re-using an available connection from the pool (formerly list_luxe_training_dwh, now model.luxe_training.int_inventory_stockout)
[0m07:37:59.431215 [debug] [Thread-2 (]: Began compiling node model.luxe_training.int_inventory_stockout
[0m07:37:59.440478 [debug] [Thread-2 (]: Writing injected SQL for node "model.luxe_training.int_inventory_stockout"
[0m07:37:59.441280 [debug] [Thread-2 (]: Began executing node model.luxe_training.int_inventory_stockout
[0m07:37:59.473087 [debug] [Thread-2 (]: Writing runtime sql for node "model.luxe_training.int_inventory_stockout"
[0m07:37:59.474345 [debug] [Thread-2 (]: Using snowflake connection "model.luxe_training.int_inventory_stockout"
[0m07:37:59.474902 [debug] [Thread-2 (]: On model.luxe_training.int_inventory_stockout: /* {"app": "dbt", "dbt_version": "1.9.4", "profile_name": "luxe_training", "target_name": "dwh", "node_id": "model.luxe_training.int_inventory_stockout"} */
create or replace transient table luxe_training.dwh.int_inventory_stockout
         as
        (SELECT
    snapshot_date date,
    product_id,
    store_id,
    stock_quantity,

    CASE
        WHEN stock_quantity = 0 THEN 1
        ELSE 0
    END AS is_stockout

FROM luxe_training.dwh.fact_inventory
        );
[0m07:37:59.475433 [debug] [Thread-2 (]: Opening a new connection, currently in state init
[0m07:37:59.995309 [debug] [Thread-2 (]: Snowflake adapter: Snowflake query id: 01c74f0d-0002-1e23-0002-c11a0020a62a
[0m07:37:59.995928 [debug] [Thread-2 (]: Snowflake adapter: Snowflake error: 000904 (42000): SQL compilation error: error line 7 at position 4
invalid identifier 'STOCK_QUANTITY'
[0m07:37:59.999777 [debug] [Thread-2 (]: Database Error in model int_inventory_stockout (models/marts/int_inventory_stockout.sql)
  000904 (42000): SQL compilation error: error line 7 at position 4
  invalid identifier 'STOCK_QUANTITY'
  compiled code at target/run/luxe_training/models/marts/int_inventory_stockout.sql
[0m07:38:00.002401 [error] [Thread-2 (]: 1 of 1 ERROR creating sql table model dwh.int_inventory_stockout ............... [[31mERROR[0m in 0.57s]
[0m07:38:00.003145 [debug] [Thread-2 (]: Finished running node model.luxe_training.int_inventory_stockout
[0m07:38:00.003905 [debug] [Thread-12 ]: Marking all children of 'model.luxe_training.int_inventory_stockout' to be skipped because of status 'error'.  Reason: Database Error in model int_inventory_stockout (models/marts/int_inventory_stockout.sql)
  000904 (42000): SQL compilation error: error line 7 at position 4
  invalid identifier 'STOCK_QUANTITY'
  compiled code at target/run/luxe_training/models/marts/int_inventory_stockout.sql.
[0m07:38:00.007967 [debug] [Dummy-1   ]: Connection 'master' was properly closed.
[0m07:38:00.008431 [debug] [Dummy-1   ]: Connection 'model.luxe_training.int_inventory_stockout' was properly closed.
[0m07:38:00.008960 [info ] [Dummy-1   ]: 
[0m07:38:00.009474 [info ] [Dummy-1   ]: Finished running 1 table model in 0 hours 0 minutes and 1.92 seconds (1.92s).
[0m07:38:00.010317 [debug] [Dummy-1   ]: Command end result
[0m07:38:00.036213 [debug] [Dummy-1   ]: Wrote artifact WritableManifest to /tmp/dbt/target/manifest.json
[0m07:38:00.038098 [debug] [Dummy-1   ]: Wrote artifact SemanticManifest to /tmp/dbt/target/semantic_manifest.json
[0m07:38:00.043962 [debug] [Dummy-1   ]: Wrote artifact RunExecutionResult to /tmp/dbt/target/run_results.json
[0m07:38:00.044424 [info ] [Dummy-1   ]: 
[0m07:38:00.045098 [info ] [Dummy-1   ]: [31mCompleted with 1 error, 0 partial successes, and 0 warnings:[0m
[0m07:38:00.045571 [info ] [Dummy-1   ]: 
[0m07:38:00.046212 [error] [Dummy-1   ]:   Database Error in model int_inventory_stockout (models/marts/int_inventory_stockout.sql)
  000904 (42000): SQL compilation error: error line 7 at position 4
  invalid identifier 'STOCK_QUANTITY'
  compiled code at target/run/luxe_training/models/marts/int_inventory_stockout.sql
[0m07:38:00.046702 [info ] [Dummy-1   ]: 
[0m07:38:00.047197 [info ] [Dummy-1   ]: Done. PASS=0 WARN=0 ERROR=1 SKIP=0 TOTAL=1
[0m07:38:00.048965 [debug] [Dummy-1   ]: Resource report: {"command_name": "run", "command_success": false, "command_wall_clock_time": 3.5997388, "process_in_blocks": "0", "process_kernel_time": 1.02, "process_mem_max_rss": "526064", "process_out_blocks": "0", "process_user_time": 4.16}
[0m07:38:00.049602 [debug] [Dummy-1   ]: Command `cli run` failed at 07:38:00.049334 after 3.60 seconds
[0m07:38:00.050146 [debug] [Dummy-1   ]: Flushing usage events


============================== 07:38:53.242859 | be33a247-5d0c-4931-827c-d85174603e48 ==============================
[0m07:38:53.242859 [info ] [Dummy-1   ]: Running with dbt=1.9.4
[0m07:38:53.243669 [debug] [Dummy-1   ]: running dbt with arguments {'printer_width': '80', 'indirect_selection': 'eager', 'write_json': 'True', 'log_cache_events': 'False', 'partial_parse': 'True', 'cache_selected_only': 'False', 'profiles_dir': '/tmp/dbt_effective_profiles_dc0kwtu3', 'debug': 'False', 'warn_error': 'None', 'log_path': '/tmp/dbt/logs', 'version_check': 'True', 'fail_fast': 'False', 'use_colors': 'True', 'use_experimental_parser': 'False', 'empty': 'False', 'quiet': 'False', 'no_print': 'None', 'warn_error_options': 'WarnErrorOptions(include=[], exclude=[])', 'introspect': 'True', 'log_format': 'default', 'invocation_command': 'dbt ', 'target_path': 'None', 'static_parser': 'True', 'send_anonymous_usage_stats': 'False'}
[0m07:38:53.515037 [info ] [Dummy-1   ]: Registered adapter: snowflake=1.9.2
[0m07:38:54.051271 [debug] [Dummy-1   ]: checksum: 7a8296c70615f566de89055485ae13d89ed1d40af3cf21b3b72f2284f73c401a, vars: {}, profile: , target: dwh, version: 1.9.4
[0m07:38:54.285713 [debug] [Dummy-1   ]: Partial parsing enabled: 0 files deleted, 0 files added, 1 files changed.
[0m07:38:54.286628 [debug] [Dummy-1   ]: Partial parsing: updated file: luxe_training://models/marts/int_inventory_stockout.sql
[0m07:38:54.779419 [debug] [Dummy-1   ]: Wrote artifact WritableManifest to /tmp/dbt/target/manifest.json
[0m07:38:54.781405 [debug] [Dummy-1   ]: Wrote artifact SemanticManifest to /tmp/dbt/target/semantic_manifest.json
[0m07:38:54.823167 [info ] [Dummy-1   ]: Found 16 models, 7 data tests, 6 sources, 474 macros
[0m07:38:54.825624 [info ] [Dummy-1   ]: 
[0m07:38:54.826172 [info ] [Dummy-1   ]: Concurrency: 8 threads (target='dwh')
[0m07:38:54.826624 [info ] [Dummy-1   ]: 
[0m07:38:54.827315 [debug] [Dummy-1   ]: Acquiring new snowflake connection 'master'
[0m07:38:54.829558 [debug] [ThreadPool]: Acquiring new snowflake connection 'list_luxe_training'
[0m07:38:54.923548 [debug] [ThreadPool]: Using snowflake connection "list_luxe_training"
[0m07:38:54.924117 [debug] [ThreadPool]: On list_luxe_training: /* {"app": "dbt", "dbt_version": "1.9.4", "profile_name": "luxe_training", "target_name": "dwh", "connection_name": "list_luxe_training"} */
show terse schemas in database luxe_training
    limit 10000
[0m07:38:54.924589 [debug] [ThreadPool]: Opening a new connection, currently in state init
[0m07:38:55.416242 [debug] [ThreadPool]: SQL status: SUCCESS 4 in 0.492 seconds
[0m07:38:55.424568 [debug] [ThreadPool]: Re-using an available connection from the pool (formerly list_luxe_training, now list_luxe_training_dwh)
[0m07:38:55.437009 [debug] [ThreadPool]: Using snowflake connection "list_luxe_training_dwh"
[0m07:38:55.437559 [debug] [ThreadPool]: On list_luxe_training_dwh: /* {"app": "dbt", "dbt_version": "1.9.4", "profile_name": "luxe_training", "target_name": "dwh", "connection_name": "list_luxe_training_dwh"} */
alter session set quoted_identifiers_ignore_case = false;
[0m07:38:55.438033 [debug] [ThreadPool]: Opening a new connection, currently in state init
[0m07:38:55.878639 [debug] [ThreadPool]: SQL status: SUCCESS 1 in 0.440 seconds
[0m07:38:55.883068 [debug] [ThreadPool]: Using snowflake connection "list_luxe_training_dwh"
[0m07:38:55.883563 [debug] [ThreadPool]: On list_luxe_training_dwh: /* {"app": "dbt", "dbt_version": "1.9.4", "profile_name": "luxe_training", "target_name": "dwh", "connection_name": "list_luxe_training_dwh"} */
show objects in luxe_training.dwh
    limit 10000
    
;
[0m07:38:55.998494 [debug] [ThreadPool]: SQL status: SUCCESS 14 in 0.114 seconds
[0m07:38:56.000623 [debug] [ThreadPool]: Using snowflake connection "list_luxe_training_dwh"
[0m07:38:56.001461 [debug] [ThreadPool]: On list_luxe_training_dwh: /* {"app": "dbt", "dbt_version": "1.9.4", "profile_name": "luxe_training", "target_name": "dwh", "connection_name": "list_luxe_training_dwh"} */
alter session unset quoted_identifiers_ignore_case;
[0m07:38:56.059432 [debug] [ThreadPool]: SQL status: SUCCESS 1 in 0.057 seconds
[0m07:38:56.078828 [debug] [Thread-2 (]: Began running node model.luxe_training.int_inventory_stockout
[0m07:38:56.079596 [info ] [Thread-2 (]: 1 of 1 START sql table model dwh.int_inventory_stockout ........................ [RUN]
[0m07:38:56.080274 [debug] [Thread-2 (]: Re-using an available connection from the pool (formerly list_luxe_training_dwh, now model.luxe_training.int_inventory_stockout)
[0m07:38:56.080854 [debug] [Thread-2 (]: Began compiling node model.luxe_training.int_inventory_stockout
[0m07:38:56.090328 [debug] [Thread-2 (]: Writing injected SQL for node "model.luxe_training.int_inventory_stockout"
[0m07:38:56.091083 [debug] [Thread-2 (]: Began executing node model.luxe_training.int_inventory_stockout
[0m07:38:56.122719 [debug] [Thread-2 (]: Writing runtime sql for node "model.luxe_training.int_inventory_stockout"
[0m07:38:56.124009 [debug] [Thread-2 (]: Using snowflake connection "model.luxe_training.int_inventory_stockout"
[0m07:38:56.124544 [debug] [Thread-2 (]: On model.luxe_training.int_inventory_stockout: /* {"app": "dbt", "dbt_version": "1.9.4", "profile_name": "luxe_training", "target_name": "dwh", "node_id": "model.luxe_training.int_inventory_stockout"} */
create or replace transient table luxe_training.dwh.int_inventory_stockout
         as
        (SELECT
    snapshot_date date,
    product_id,
    store_id,
    stock_qty stock_quantity,

    CASE
        WHEN stock_qty = 0 THEN 1
        ELSE 0
    END AS is_stockout

FROM luxe_training.dwh.fact_inventory
        );
[0m07:38:56.125106 [debug] [Thread-2 (]: Opening a new connection, currently in state init
[0m07:38:57.239966 [debug] [Thread-2 (]: SQL status: SUCCESS 1 in 1.115 seconds
[0m07:38:57.262666 [info ] [Thread-2 (]: 1 of 1 OK created sql table model dwh.int_inventory_stockout ................... [[32mSUCCESS 1[0m in 1.18s]
[0m07:38:57.263396 [debug] [Thread-2 (]: Finished running node model.luxe_training.int_inventory_stockout
[0m07:38:57.266881 [debug] [Dummy-1   ]: Connection 'master' was properly closed.
[0m07:38:57.267368 [debug] [Dummy-1   ]: Connection 'model.luxe_training.int_inventory_stockout' was properly closed.
[0m07:38:57.267831 [info ] [Dummy-1   ]: 
[0m07:38:57.268320 [info ] [Dummy-1   ]: Finished running 1 table model in 0 hours 0 minutes and 2.44 seconds (2.44s).
[0m07:38:57.269135 [debug] [Dummy-1   ]: Command end result
[0m07:38:57.294701 [debug] [Dummy-1   ]: Wrote artifact WritableManifest to /tmp/dbt/target/manifest.json
[0m07:38:57.296300 [debug] [Dummy-1   ]: Wrote artifact SemanticManifest to /tmp/dbt/target/semantic_manifest.json
[0m07:38:57.301828 [debug] [Dummy-1   ]: Wrote artifact RunExecutionResult to /tmp/dbt/target/run_results.json
[0m07:38:57.302250 [info ] [Dummy-1   ]: 
[0m07:38:57.302819 [info ] [Dummy-1   ]: [32mCompleted successfully[0m
[0m07:38:57.303246 [info ] [Dummy-1   ]: 
[0m07:38:57.303706 [info ] [Dummy-1   ]: Done. PASS=1 WARN=0 ERROR=0 SKIP=0 TOTAL=1
[0m07:38:57.305250 [debug] [Dummy-1   ]: Resource report: {"command_name": "run", "command_success": true, "command_wall_clock_time": 4.1356373, "process_in_blocks": "0", "process_kernel_time": 0.69, "process_mem_max_rss": "543732", "process_out_blocks": "0", "process_user_time": 4.53}
[0m07:38:57.305808 [debug] [Dummy-1   ]: Command `cli run` succeeded at 07:38:57.305582 after 4.14 seconds
[0m07:38:57.306256 [debug] [Dummy-1   ]: Flushing usage events


============================== 07:54:53.221801 | ce570ed9-23f8-4a6a-9fea-821ad6eb294d ==============================
[0m07:54:53.221801 [info ] [Dummy-1   ]: Running with dbt=1.9.4
[0m07:54:53.222624 [debug] [Dummy-1   ]: running dbt with arguments {'printer_width': '80', 'indirect_selection': 'eager', 'write_json': 'True', 'log_cache_events': 'False', 'partial_parse': 'True', 'cache_selected_only': 'False', 'warn_error': 'None', 'fail_fast': 'False', 'profiles_dir': '/tmp/dbt_effective_profiles_x2k4g4xq', 'log_path': '/tmp/dbt/logs', 'debug': 'False', 'version_check': 'True', 'use_colors': 'True', 'use_experimental_parser': 'False', 'empty': 'False', 'quiet': 'False', 'no_print': 'None', 'log_format': 'default', 'static_parser': 'True', 'warn_error_options': 'WarnErrorOptions(include=[], exclude=[])', 'introspect': 'True', 'target_path': 'None', 'invocation_command': 'dbt ', 'send_anonymous_usage_stats': 'False'}
[0m07:54:53.491564 [info ] [Dummy-1   ]: Registered adapter: snowflake=1.9.2
[0m07:54:54.034549 [debug] [Dummy-1   ]: checksum: 7a8296c70615f566de89055485ae13d89ed1d40af3cf21b3b72f2284f73c401a, vars: {}, profile: , target: dwh, version: 1.9.4
[0m07:54:54.249223 [debug] [Dummy-1   ]: Partial parsing enabled: 0 files deleted, 0 files added, 0 files changed.
[0m07:54:54.249828 [debug] [Dummy-1   ]: Partial parsing enabled, no changes found, skipping parsing
[0m07:54:54.436303 [debug] [Dummy-1   ]: Wrote artifact WritableManifest to /tmp/dbt/target/manifest.json
[0m07:54:54.438103 [debug] [Dummy-1   ]: Wrote artifact SemanticManifest to /tmp/dbt/target/semantic_manifest.json
[0m07:54:54.482970 [info ] [Dummy-1   ]: Found 16 models, 7 data tests, 6 sources, 474 macros
[0m07:54:54.485491 [info ] [Dummy-1   ]: 
[0m07:54:54.486032 [info ] [Dummy-1   ]: Concurrency: 8 threads (target='dwh')
[0m07:54:54.486467 [info ] [Dummy-1   ]: 
[0m07:54:54.487232 [debug] [Dummy-1   ]: Acquiring new snowflake connection 'master'
[0m07:54:54.489548 [debug] [ThreadPool]: Acquiring new snowflake connection 'list_luxe_training'
[0m07:54:54.593006 [debug] [ThreadPool]: Using snowflake connection "list_luxe_training"
[0m07:54:54.593617 [debug] [ThreadPool]: On list_luxe_training: /* {"app": "dbt", "dbt_version": "1.9.4", "profile_name": "luxe_training", "target_name": "dwh", "connection_name": "list_luxe_training"} */
show terse schemas in database luxe_training
    limit 10000
[0m07:54:54.594118 [debug] [ThreadPool]: Opening a new connection, currently in state init
[0m07:54:55.172273 [debug] [ThreadPool]: SQL status: SUCCESS 4 in 0.578 seconds
[0m07:54:55.180772 [debug] [ThreadPool]: Re-using an available connection from the pool (formerly list_luxe_training, now list_luxe_training_dwh)
[0m07:54:55.193041 [debug] [ThreadPool]: Using snowflake connection "list_luxe_training_dwh"
[0m07:54:55.193613 [debug] [ThreadPool]: On list_luxe_training_dwh: /* {"app": "dbt", "dbt_version": "1.9.4", "profile_name": "luxe_training", "target_name": "dwh", "connection_name": "list_luxe_training_dwh"} */
alter session set quoted_identifiers_ignore_case = false;
[0m07:54:55.194045 [debug] [ThreadPool]: Opening a new connection, currently in state init
[0m07:54:55.680614 [debug] [ThreadPool]: SQL status: SUCCESS 1 in 0.486 seconds
[0m07:54:55.685043 [debug] [ThreadPool]: Using snowflake connection "list_luxe_training_dwh"
[0m07:54:55.685624 [debug] [ThreadPool]: On list_luxe_training_dwh: /* {"app": "dbt", "dbt_version": "1.9.4", "profile_name": "luxe_training", "target_name": "dwh", "connection_name": "list_luxe_training_dwh"} */
show objects in luxe_training.dwh
    limit 10000
    
;
[0m07:54:55.828601 [debug] [ThreadPool]: SQL status: SUCCESS 15 in 0.142 seconds
[0m07:54:55.831249 [debug] [ThreadPool]: Using snowflake connection "list_luxe_training_dwh"
[0m07:54:55.831749 [debug] [ThreadPool]: On list_luxe_training_dwh: /* {"app": "dbt", "dbt_version": "1.9.4", "profile_name": "luxe_training", "target_name": "dwh", "connection_name": "list_luxe_training_dwh"} */
alter session unset quoted_identifiers_ignore_case;
[0m07:54:55.889891 [debug] [ThreadPool]: SQL status: SUCCESS 1 in 0.058 seconds
[0m07:54:55.909548 [debug] [Thread-2 (]: Began running node model.luxe_training.fact_stockout_rate
[0m07:54:55.910333 [info ] [Thread-2 (]: 1 of 1 START sql table model dwh.fact_stockout_rate ............................ [RUN]
[0m07:54:55.910980 [debug] [Thread-2 (]: Re-using an available connection from the pool (formerly list_luxe_training_dwh, now model.luxe_training.fact_stockout_rate)
[0m07:54:55.911502 [debug] [Thread-2 (]: Began compiling node model.luxe_training.fact_stockout_rate
[0m07:54:55.920143 [debug] [Thread-2 (]: Writing injected SQL for node "model.luxe_training.fact_stockout_rate"
[0m07:54:55.920883 [debug] [Thread-2 (]: Began executing node model.luxe_training.fact_stockout_rate
[0m07:54:55.954016 [debug] [Thread-2 (]: Writing runtime sql for node "model.luxe_training.fact_stockout_rate"
[0m07:54:55.955321 [debug] [Thread-2 (]: Using snowflake connection "model.luxe_training.fact_stockout_rate"
[0m07:54:55.955878 [debug] [Thread-2 (]: On model.luxe_training.fact_stockout_rate: /* {"app": "dbt", "dbt_version": "1.9.4", "profile_name": "luxe_training", "target_name": "dwh", "node_id": "model.luxe_training.fact_stockout_rate"} */
create or replace transient table luxe_training.dwh.fact_stockout_rate
         as
        (SELECT
    product_id,
    store_id,

    COUNT(*) AS days_observed,

    SUM(is_stockout) AS stockout_days,

    ROUND(
        SUM(is_stockout) * 100.0 / COUNT(*),
        2
    ) AS stockout_rate

FROM luxe_training.dwh.int_inventory_stockout

GROUP BY
    product_id,
    store_id
        );
[0m07:54:55.956368 [debug] [Thread-2 (]: Opening a new connection, currently in state init
[0m07:54:57.270543 [debug] [Thread-2 (]: SQL status: SUCCESS 1 in 1.314 seconds
[0m07:54:57.293455 [info ] [Thread-2 (]: 1 of 1 OK created sql table model dwh.fact_stockout_rate ....................... [[32mSUCCESS 1[0m in 1.38s]
[0m07:54:57.294225 [debug] [Thread-2 (]: Finished running node model.luxe_training.fact_stockout_rate
[0m07:54:57.297848 [debug] [Dummy-1   ]: Connection 'master' was properly closed.
[0m07:54:57.298309 [debug] [Dummy-1   ]: Connection 'model.luxe_training.fact_stockout_rate' was properly closed.
[0m07:54:57.298780 [info ] [Dummy-1   ]: 
[0m07:54:57.299322 [info ] [Dummy-1   ]: Finished running 1 table model in 0 hours 0 minutes and 2.81 seconds (2.81s).
[0m07:54:57.300106 [debug] [Dummy-1   ]: Command end result
[0m07:54:57.325726 [debug] [Dummy-1   ]: Wrote artifact WritableManifest to /tmp/dbt/target/manifest.json
[0m07:54:57.327383 [debug] [Dummy-1   ]: Wrote artifact SemanticManifest to /tmp/dbt/target/semantic_manifest.json
[0m07:54:57.332908 [debug] [Dummy-1   ]: Wrote artifact RunExecutionResult to /tmp/dbt/target/run_results.json
[0m07:54:57.333431 [info ] [Dummy-1   ]: 
[0m07:54:57.334047 [info ] [Dummy-1   ]: [32mCompleted successfully[0m
[0m07:54:57.334528 [info ] [Dummy-1   ]: 
[0m07:54:57.334982 [info ] [Dummy-1   ]: Done. PASS=1 WARN=0 ERROR=0 SKIP=0 TOTAL=1
[0m07:54:57.336520 [debug] [Dummy-1   ]: Resource report: {"command_name": "run", "command_success": true, "command_wall_clock_time": 4.1879954, "process_in_blocks": "0", "process_kernel_time": 0.77, "process_mem_max_rss": "477660", "process_out_blocks": "0", "process_user_time": 3.98}
[0m07:54:57.337144 [debug] [Dummy-1   ]: Command `cli run` succeeded at 07:54:57.336890 after 4.19 seconds
[0m07:54:57.337711 [debug] [Dummy-1   ]: Flushing usage events


============================== 07:56:54.521826 | bc987da9-df54-4920-8a16-55957411869f ==============================
[0m07:56:54.521826 [info ] [Dummy-1   ]: Running with dbt=1.9.4
[0m07:56:54.522613 [debug] [Dummy-1   ]: running dbt with arguments {'printer_width': '80', 'indirect_selection': 'eager', 'write_json': 'True', 'log_cache_events': 'False', 'partial_parse': 'True', 'cache_selected_only': 'False', 'profiles_dir': '/tmp/dbt_effective_profiles_97g1yt57', 'version_check': 'True', 'warn_error': 'None', 'log_path': '/tmp/dbt/logs', 'fail_fast': 'False', 'debug': 'False', 'use_colors': 'True', 'use_experimental_parser': 'False', 'empty': 'False', 'quiet': 'False', 'no_print': 'None', 'log_format': 'default', 'introspect': 'True', 'warn_error_options': 'WarnErrorOptions(include=[], exclude=[])', 'invocation_command': 'dbt ', 'target_path': 'None', 'static_parser': 'True', 'send_anonymous_usage_stats': 'False'}
[0m07:56:54.788192 [info ] [Dummy-1   ]: Registered adapter: snowflake=1.9.2
[0m07:56:55.309517 [debug] [Dummy-1   ]: checksum: 7a8296c70615f566de89055485ae13d89ed1d40af3cf21b3b72f2284f73c401a, vars: {}, profile: , target: dwh, version: 1.9.4
[0m07:56:55.548932 [debug] [Dummy-1   ]: Partial parsing enabled: 0 files deleted, 0 files added, 0 files changed.
[0m07:56:55.549493 [debug] [Dummy-1   ]: Partial parsing enabled, no changes found, skipping parsing
[0m07:56:55.739083 [debug] [Dummy-1   ]: Wrote artifact WritableManifest to /tmp/dbt/target/manifest.json
[0m07:56:55.740925 [debug] [Dummy-1   ]: Wrote artifact SemanticManifest to /tmp/dbt/target/semantic_manifest.json
[0m07:56:55.774305 [info ] [Dummy-1   ]: Found 16 models, 7 data tests, 6 sources, 474 macros
[0m07:56:55.776996 [info ] [Dummy-1   ]: 
[0m07:56:55.777525 [info ] [Dummy-1   ]: Concurrency: 8 threads (target='dwh')
[0m07:56:55.777981 [info ] [Dummy-1   ]: 
[0m07:56:55.778680 [debug] [Dummy-1   ]: Acquiring new snowflake connection 'master'
[0m07:56:55.785280 [debug] [ThreadPool]: Acquiring new snowflake connection 'list_luxe_training_dwh'
[0m07:56:55.889323 [debug] [ThreadPool]: Using snowflake connection "list_luxe_training_dwh"
[0m07:56:55.889855 [debug] [ThreadPool]: On list_luxe_training_dwh: /* {"app": "dbt", "dbt_version": "1.9.4", "profile_name": "luxe_training", "target_name": "dwh", "connection_name": "list_luxe_training_dwh"} */
alter session set quoted_identifiers_ignore_case = false;
[0m07:56:55.890317 [debug] [ThreadPool]: Opening a new connection, currently in state init
[0m07:56:56.324241 [debug] [ThreadPool]: SQL status: SUCCESS 1 in 0.434 seconds
[0m07:56:56.328715 [debug] [ThreadPool]: Using snowflake connection "list_luxe_training_dwh"
[0m07:56:56.329224 [debug] [ThreadPool]: On list_luxe_training_dwh: /* {"app": "dbt", "dbt_version": "1.9.4", "profile_name": "luxe_training", "target_name": "dwh", "connection_name": "list_luxe_training_dwh"} */
show objects in luxe_training.dwh
    limit 10000
    
;
[0m07:56:56.443505 [debug] [ThreadPool]: SQL status: SUCCESS 16 in 0.114 seconds
[0m07:56:56.445851 [debug] [ThreadPool]: Using snowflake connection "list_luxe_training_dwh"
[0m07:56:56.446317 [debug] [ThreadPool]: On list_luxe_training_dwh: /* {"app": "dbt", "dbt_version": "1.9.4", "profile_name": "luxe_training", "target_name": "dwh", "connection_name": "list_luxe_training_dwh"} */
alter session unset quoted_identifiers_ignore_case;
[0m07:56:56.511103 [debug] [ThreadPool]: SQL status: SUCCESS 1 in 0.064 seconds
[0m07:56:56.531524 [debug] [Thread-2 (]: Began running node model.luxe_training.stg_customers
[0m07:56:56.532119 [debug] [Thread-3 (]: Began running node model.luxe_training.stg_inventory
[0m07:56:56.532656 [debug] [Thread-4 (]: Began running node model.luxe_training.stg_products
[0m07:56:56.533317 [debug] [Thread-5 (]: Began running node model.luxe_training.stg_sales
[0m07:56:56.533868 [debug] [Thread-6 (]: Began running node model.luxe_training.stg_stores
[0m07:56:56.534435 [debug] [Thread-2 (]: Re-using an available connection from the pool (formerly list_luxe_training_dwh, now model.luxe_training.stg_customers)
[0m07:56:56.535152 [debug] [Thread-3 (]: Acquiring new snowflake connection 'model.luxe_training.stg_inventory'
[0m07:56:56.535804 [debug] [Thread-4 (]: Acquiring new snowflake connection 'model.luxe_training.stg_products'
[0m07:56:56.536407 [debug] [Thread-5 (]: Acquiring new snowflake connection 'model.luxe_training.stg_sales'
[0m07:56:56.537012 [debug] [Thread-6 (]: Acquiring new snowflake connection 'model.luxe_training.stg_stores'
[0m07:56:56.537515 [debug] [Thread-2 (]: Began compiling node model.luxe_training.stg_customers
[0m07:56:56.537988 [debug] [Thread-3 (]: Began compiling node model.luxe_training.stg_inventory
[0m07:56:56.538468 [debug] [Thread-4 (]: Began compiling node model.luxe_training.stg_products
[0m07:56:56.538974 [debug] [Thread-5 (]: Began compiling node model.luxe_training.stg_sales
[0m07:56:56.539435 [debug] [Thread-6 (]: Began compiling node model.luxe_training.stg_stores
[0m07:56:56.547885 [debug] [Thread-2 (]: Writing injected SQL for node "model.luxe_training.stg_customers"
[0m07:56:56.551831 [debug] [Thread-3 (]: Writing injected SQL for node "model.luxe_training.stg_inventory"
[0m07:56:56.556638 [debug] [Thread-4 (]: Writing injected SQL for node "model.luxe_training.stg_products"
[0m07:56:56.560555 [debug] [Thread-5 (]: Writing injected SQL for node "model.luxe_training.stg_sales"
[0m07:56:56.564372 [debug] [Thread-6 (]: Writing injected SQL for node "model.luxe_training.stg_stores"
[0m07:56:56.565358 [debug] [Thread-2 (]: Began executing node model.luxe_training.stg_customers
[0m07:56:56.566135 [debug] [Thread-3 (]: Began executing node model.luxe_training.stg_inventory
[0m07:56:56.566986 [debug] [Thread-4 (]: Began executing node model.luxe_training.stg_products
[0m07:56:56.567738 [debug] [Thread-5 (]: Began executing node model.luxe_training.stg_sales
[0m07:56:56.568694 [debug] [Thread-2 (]: Finished running node model.luxe_training.stg_customers
[0m07:56:56.569219 [debug] [Thread-6 (]: Began executing node model.luxe_training.stg_stores
[0m07:56:56.569947 [debug] [Thread-3 (]: Finished running node model.luxe_training.stg_inventory
[0m07:56:56.570693 [debug] [Thread-4 (]: Finished running node model.luxe_training.stg_products
[0m07:56:56.574605 [debug] [Thread-2 (]: Began running node model.luxe_training.int_inventory_current
[0m07:56:56.572418 [debug] [Thread-8 (]: Began running node model.luxe_training.dim_customer
[0m07:56:56.573167 [debug] [Thread-6 (]: Finished running node model.luxe_training.stg_stores
[0m07:56:56.574082 [debug] [Thread-7 (]: Began running node model.luxe_training.fact_inventory
[0m07:56:56.571482 [debug] [Thread-5 (]: Finished running node model.luxe_training.stg_sales
[0m07:56:56.575459 [debug] [Thread-3 (]: Began running node model.luxe_training.dim_product
[0m07:56:56.576100 [debug] [Thread-2 (]: Re-using an available connection from the pool (formerly model.luxe_training.stg_customers, now model.luxe_training.int_inventory_current)
[0m07:56:56.576774 [debug] [Thread-8 (]: Acquiring new snowflake connection 'model.luxe_training.dim_customer'
[0m07:56:56.577616 [debug] [Thread-9 (]: Began running node model.luxe_training.dim_store
[0m07:56:56.578278 [debug] [Thread-7 (]: Acquiring new snowflake connection 'model.luxe_training.fact_inventory'
[0m07:56:56.579138 [debug] [Thread-6 (]: Began running node model.luxe_training.fact_sales
[0m07:56:56.579633 [debug] [Thread-4 (]: Began running node model.luxe_training.int_sales_30d
[0m07:56:56.580349 [debug] [Thread-3 (]: Re-using an available connection from the pool (formerly model.luxe_training.stg_inventory, now model.luxe_training.dim_product)
[0m07:56:56.580892 [debug] [Thread-2 (]: Began compiling node model.luxe_training.int_inventory_current
[0m07:56:56.581388 [debug] [Thread-8 (]: Began compiling node model.luxe_training.dim_customer
[0m07:56:56.582016 [debug] [Thread-9 (]: Acquiring new snowflake connection 'model.luxe_training.dim_store'
[0m07:56:56.582549 [debug] [Thread-7 (]: Began compiling node model.luxe_training.fact_inventory
[0m07:56:56.583204 [debug] [Thread-6 (]: Re-using an available connection from the pool (formerly model.luxe_training.stg_stores, now model.luxe_training.fact_sales)
[0m07:56:56.583743 [debug] [Thread-4 (]: Re-using an available connection from the pool (formerly model.luxe_training.stg_products, now model.luxe_training.int_sales_30d)
[0m07:56:56.584219 [debug] [Thread-3 (]: Began compiling node model.luxe_training.dim_product
[0m07:56:56.588118 [debug] [Thread-2 (]: Writing injected SQL for node "model.luxe_training.int_inventory_current"
[0m07:56:56.592127 [debug] [Thread-8 (]: Writing injected SQL for node "model.luxe_training.dim_customer"
[0m07:56:56.592691 [debug] [Thread-9 (]: Began compiling node model.luxe_training.dim_store
[0m07:56:56.597765 [debug] [Thread-7 (]: Writing injected SQL for node "model.luxe_training.fact_inventory"
[0m07:56:56.598271 [debug] [Thread-6 (]: Began compiling node model.luxe_training.fact_sales
[0m07:56:56.598757 [debug] [Thread-4 (]: Began compiling node model.luxe_training.int_sales_30d
[0m07:56:56.602417 [debug] [Thread-3 (]: Writing injected SQL for node "model.luxe_training.dim_product"
[0m07:56:56.603515 [debug] [Thread-2 (]: Began executing node model.luxe_training.int_inventory_current
[0m07:56:56.607259 [debug] [Thread-9 (]: Writing injected SQL for node "model.luxe_training.dim_store"
[0m07:56:56.607830 [debug] [Thread-8 (]: Began executing node model.luxe_training.dim_customer
[0m07:56:56.611725 [debug] [Thread-6 (]: Writing injected SQL for node "model.luxe_training.fact_sales"
[0m07:56:56.612249 [debug] [Thread-7 (]: Began executing node model.luxe_training.fact_inventory
[0m07:56:56.616007 [debug] [Thread-4 (]: Writing injected SQL for node "model.luxe_training.int_sales_30d"
[0m07:56:56.617081 [debug] [Thread-2 (]: Finished running node model.luxe_training.int_inventory_current
[0m07:56:56.617514 [debug] [Thread-3 (]: Began executing node model.luxe_training.dim_product
[0m07:56:56.618517 [debug] [Thread-8 (]: Finished running node model.luxe_training.dim_customer
[0m07:56:56.619122 [debug] [Thread-9 (]: Began executing node model.luxe_training.dim_store
[0m07:56:56.620127 [debug] [Thread-7 (]: Finished running node model.luxe_training.fact_inventory
[0m07:56:56.620627 [debug] [Thread-6 (]: Began executing node model.luxe_training.fact_sales
[0m07:56:56.621481 [debug] [Thread-4 (]: Began executing node model.luxe_training.int_sales_30d
[0m07:56:56.622339 [debug] [Thread-3 (]: Finished running node model.luxe_training.dim_product
[0m07:56:56.623352 [debug] [Thread-9 (]: Finished running node model.luxe_training.dim_store
[0m07:56:56.624227 [debug] [Thread-5 (]: Began running node model.luxe_training.int_inventory_stockout
[0m07:56:56.624978 [debug] [Thread-6 (]: Finished running node model.luxe_training.fact_sales
[0m07:56:56.625712 [debug] [Thread-4 (]: Finished running node model.luxe_training.int_sales_30d
[0m07:56:56.626578 [debug] [Thread-8 (]: Began running node test.luxe_training.not_null_dim_product_product_id.02b1f06816
[0m07:56:56.627139 [debug] [Thread-7 (]: Began running node test.luxe_training.unique_dim_product_product_id.46495bf7fe
[0m07:56:56.627953 [debug] [Thread-3 (]: Began running node test.luxe_training.not_null_dim_store_store_id.8cb7c6ace0
[0m07:56:56.628483 [debug] [Thread-2 (]: Began running node test.luxe_training.unique_dim_store_store_id.90e408e197
[0m07:56:56.629054 [debug] [Thread-5 (]: Re-using an available connection from the pool (formerly model.luxe_training.stg_sales, now model.luxe_training.int_inventory_stockout)
[0m07:56:56.629924 [debug] [Thread-9 (]: Began running node test.luxe_training.not_null_fact_sales_quantity.123217c37f
[0m07:56:56.630406 [debug] [Thread-6 (]: Began running node test.luxe_training.not_null_fact_sales_sale_id.ea1dca7100
[0m07:56:56.630869 [debug] [Thread-4 (]: Began running node test.luxe_training.unique_fact_sales_sale_id.16dc554bac
[0m07:56:56.631687 [debug] [Thread-8 (]: Re-using an available connection from the pool (formerly model.luxe_training.dim_customer, now test.luxe_training.not_null_dim_product_product_id.02b1f06816)
[0m07:56:56.632300 [debug] [Thread-7 (]: Re-using an available connection from the pool (formerly model.luxe_training.fact_inventory, now test.luxe_training.unique_dim_product_product_id.46495bf7fe)
[0m07:56:56.632895 [debug] [Thread-3 (]: Re-using an available connection from the pool (formerly model.luxe_training.dim_product, now test.luxe_training.not_null_dim_store_store_id.8cb7c6ace0)
[0m07:56:56.633436 [debug] [Thread-2 (]: Re-using an available connection from the pool (formerly model.luxe_training.int_inventory_current, now test.luxe_training.unique_dim_store_store_id.90e408e197)
[0m07:56:56.633945 [debug] [Thread-5 (]: Began compiling node model.luxe_training.int_inventory_stockout
[0m07:56:56.634494 [debug] [Thread-9 (]: Re-using an available connection from the pool (formerly model.luxe_training.dim_store, now test.luxe_training.not_null_fact_sales_quantity.123217c37f)
[0m07:56:56.635096 [debug] [Thread-6 (]: Re-using an available connection from the pool (formerly model.luxe_training.fact_sales, now test.luxe_training.not_null_fact_sales_sale_id.ea1dca7100)
[0m07:56:56.635634 [debug] [Thread-4 (]: Re-using an available connection from the pool (formerly model.luxe_training.int_sales_30d, now test.luxe_training.unique_fact_sales_sale_id.16dc554bac)
[0m07:56:56.636149 [debug] [Thread-8 (]: Began compiling node test.luxe_training.not_null_dim_product_product_id.02b1f06816
[0m07:56:56.636652 [debug] [Thread-7 (]: Began compiling node test.luxe_training.unique_dim_product_product_id.46495bf7fe
[0m07:56:56.637136 [debug] [Thread-3 (]: Began compiling node test.luxe_training.not_null_dim_store_store_id.8cb7c6ace0
[0m07:56:56.637666 [debug] [Thread-2 (]: Began compiling node test.luxe_training.unique_dim_store_store_id.90e408e197
[0m07:56:56.643229 [debug] [Thread-5 (]: Writing injected SQL for node "model.luxe_training.int_inventory_stockout"
[0m07:56:56.643845 [debug] [Thread-9 (]: Began compiling node test.luxe_training.not_null_fact_sales_quantity.123217c37f
[0m07:56:56.644354 [debug] [Thread-6 (]: Began compiling node test.luxe_training.not_null_fact_sales_sale_id.ea1dca7100
[0m07:56:56.644864 [debug] [Thread-4 (]: Began compiling node test.luxe_training.unique_fact_sales_sale_id.16dc554bac
[0m07:56:56.657771 [debug] [Thread-8 (]: Writing injected SQL for node "test.luxe_training.not_null_dim_product_product_id.02b1f06816"
[0m07:56:56.665109 [debug] [Thread-7 (]: Writing injected SQL for node "test.luxe_training.unique_dim_product_product_id.46495bf7fe"
[0m07:56:56.669947 [debug] [Thread-3 (]: Writing injected SQL for node "test.luxe_training.not_null_dim_store_store_id.8cb7c6ace0"
[0m07:56:56.674949 [debug] [Thread-2 (]: Writing injected SQL for node "test.luxe_training.unique_dim_store_store_id.90e408e197"
[0m07:56:56.681438 [debug] [Thread-9 (]: Writing injected SQL for node "test.luxe_training.not_null_fact_sales_quantity.123217c37f"
[0m07:56:56.681928 [debug] [Thread-5 (]: Began executing node model.luxe_training.int_inventory_stockout
[0m07:56:56.686853 [debug] [Thread-6 (]: Writing injected SQL for node "test.luxe_training.not_null_fact_sales_sale_id.ea1dca7100"
[0m07:56:56.691648 [debug] [Thread-4 (]: Writing injected SQL for node "test.luxe_training.unique_fact_sales_sale_id.16dc554bac"
[0m07:56:56.692615 [debug] [Thread-8 (]: Began executing node test.luxe_training.not_null_dim_product_product_id.02b1f06816
[0m07:56:56.693254 [debug] [Thread-7 (]: Began executing node test.luxe_training.unique_dim_product_product_id.46495bf7fe
[0m07:56:56.694185 [debug] [Thread-3 (]: Began executing node test.luxe_training.not_null_dim_store_store_id.8cb7c6ace0
[0m07:56:56.694817 [debug] [Thread-2 (]: Began executing node test.luxe_training.unique_dim_store_store_id.90e408e197
[0m07:56:56.695761 [debug] [Thread-5 (]: Finished running node model.luxe_training.int_inventory_stockout
[0m07:56:56.696263 [debug] [Thread-9 (]: Began executing node test.luxe_training.not_null_fact_sales_quantity.123217c37f
[0m07:56:56.697200 [debug] [Thread-6 (]: Began executing node test.luxe_training.not_null_fact_sales_sale_id.ea1dca7100
[0m07:56:56.698026 [debug] [Thread-8 (]: Finished running node test.luxe_training.not_null_dim_product_product_id.02b1f06816
[0m07:56:56.698534 [debug] [Thread-4 (]: Began executing node test.luxe_training.unique_fact_sales_sale_id.16dc554bac
[0m07:56:56.699341 [debug] [Thread-7 (]: Finished running node test.luxe_training.unique_dim_product_product_id.46495bf7fe
[0m07:56:56.700097 [debug] [Thread-3 (]: Finished running node test.luxe_training.not_null_dim_store_store_id.8cb7c6ace0
[0m07:56:56.700830 [debug] [Thread-2 (]: Finished running node test.luxe_training.unique_dim_store_store_id.90e408e197
[0m07:56:56.701399 [debug] [Thread-5 (]: Began running node model.luxe_training.fact_stock_coverage
[0m07:56:56.702382 [debug] [Thread-9 (]: Finished running node test.luxe_training.not_null_fact_sales_quantity.123217c37f
[0m07:56:56.703191 [debug] [Thread-6 (]: Finished running node test.luxe_training.not_null_fact_sales_sale_id.ea1dca7100
[0m07:56:56.703731 [debug] [Thread-8 (]: Began running node model.luxe_training.fact_stock_coverage2
[0m07:56:56.704511 [debug] [Thread-4 (]: Finished running node test.luxe_training.unique_fact_sales_sale_id.16dc554bac
[0m07:56:56.705073 [debug] [Thread-7 (]: Began running node model.luxe_training.fact_stockout_rate
[0m07:56:56.705977 [debug] [Thread-5 (]: Re-using an available connection from the pool (formerly model.luxe_training.int_inventory_stockout, now model.luxe_training.fact_stock_coverage)
[0m07:56:56.706962 [debug] [Thread-8 (]: Re-using an available connection from the pool (formerly test.luxe_training.not_null_dim_product_product_id.02b1f06816, now model.luxe_training.fact_stock_coverage2)
[0m07:56:56.707722 [debug] [Thread-7 (]: Re-using an available connection from the pool (formerly test.luxe_training.unique_dim_product_product_id.46495bf7fe, now model.luxe_training.fact_stockout_rate)
[0m07:56:56.708255 [debug] [Thread-5 (]: Began compiling node model.luxe_training.fact_stock_coverage
[0m07:56:56.708742 [debug] [Thread-8 (]: Began compiling node model.luxe_training.fact_stock_coverage2
[0m07:56:56.709190 [debug] [Thread-7 (]: Began compiling node model.luxe_training.fact_stockout_rate
[0m07:56:56.713065 [debug] [Thread-5 (]: Writing injected SQL for node "model.luxe_training.fact_stock_coverage"
[0m07:56:56.737805 [debug] [Thread-8 (]: Writing injected SQL for node "model.luxe_training.fact_stock_coverage2"
[0m07:56:56.741413 [debug] [Thread-7 (]: Writing injected SQL for node "model.luxe_training.fact_stockout_rate"
[0m07:56:56.742430 [debug] [Thread-5 (]: Began executing node model.luxe_training.fact_stock_coverage
[0m07:56:56.743368 [debug] [Thread-8 (]: Began executing node model.luxe_training.fact_stock_coverage2
[0m07:56:56.744185 [debug] [Thread-5 (]: Finished running node model.luxe_training.fact_stock_coverage
[0m07:56:56.744739 [debug] [Thread-7 (]: Began executing node model.luxe_training.fact_stockout_rate
[0m07:56:56.745488 [debug] [Thread-8 (]: Finished running node model.luxe_training.fact_stock_coverage2
[0m07:56:56.746369 [debug] [Thread-7 (]: Finished running node model.luxe_training.fact_stockout_rate
[0m07:56:56.749456 [debug] [Dummy-1   ]: Connection 'master' was properly closed.
[0m07:56:56.749951 [debug] [Dummy-1   ]: Connection 'test.luxe_training.unique_dim_store_store_id.90e408e197' was properly closed.
[0m07:56:56.750346 [debug] [Dummy-1   ]: Connection 'test.luxe_training.not_null_dim_store_store_id.8cb7c6ace0' was properly closed.
[0m07:56:56.750717 [debug] [Dummy-1   ]: Connection 'test.luxe_training.unique_fact_sales_sale_id.16dc554bac' was properly closed.
[0m07:56:56.751158 [debug] [Dummy-1   ]: Connection 'model.luxe_training.fact_stock_coverage' was properly closed.
[0m07:56:56.751540 [debug] [Dummy-1   ]: Connection 'test.luxe_training.not_null_fact_sales_sale_id.ea1dca7100' was properly closed.
[0m07:56:56.751920 [debug] [Dummy-1   ]: Connection 'model.luxe_training.fact_stock_coverage2' was properly closed.
[0m07:56:56.752290 [debug] [Dummy-1   ]: Connection 'model.luxe_training.fact_stockout_rate' was properly closed.
[0m07:56:56.752694 [debug] [Dummy-1   ]: Connection 'test.luxe_training.not_null_fact_sales_quantity.123217c37f' was properly closed.
[0m07:56:56.755604 [debug] [Dummy-1   ]: Command end result
[0m07:56:56.780667 [debug] [Dummy-1   ]: Wrote artifact WritableManifest to /tmp/dbt/target/manifest.json
[0m07:56:56.782249 [debug] [Dummy-1   ]: Wrote artifact SemanticManifest to /tmp/dbt/target/semantic_manifest.json
[0m07:56:56.789370 [debug] [Dummy-1   ]: Wrote artifact RunExecutionResult to /tmp/dbt/target/run_results.json
[0m07:56:56.790870 [debug] [Dummy-1   ]: Resource report: {"command_name": "compile", "command_success": true, "command_wall_clock_time": 2.3402715, "process_in_blocks": "0", "process_kernel_time": 0.78, "process_mem_max_rss": "488844", "process_out_blocks": "0", "process_user_time": 4.1}
[0m07:56:56.791506 [debug] [Dummy-1   ]: Command `cli compile` succeeded at 07:56:56.791266 after 2.34 seconds
[0m07:56:56.791995 [debug] [Dummy-1   ]: Flushing usage events


============================== 08:18:21.335969 | c1f45d2a-0f07-484d-91ae-8325129fc773 ==============================
[0m08:18:21.335969 [info ] [Dummy-1   ]: Running with dbt=1.9.4
[0m08:18:21.336797 [debug] [Dummy-1   ]: running dbt with arguments {'printer_width': '80', 'indirect_selection': 'eager', 'write_json': 'True', 'log_cache_events': 'False', 'partial_parse': 'True', 'cache_selected_only': 'False', 'warn_error': 'None', 'version_check': 'True', 'debug': 'False', 'log_path': '/tmp/dbt/logs', 'profiles_dir': '/tmp/dbt_effective_profiles_nxmfm6ks', 'fail_fast': 'False', 'use_colors': 'True', 'use_experimental_parser': 'False', 'empty': 'False', 'quiet': 'False', 'no_print': 'None', 'warn_error_options': 'WarnErrorOptions(include=[], exclude=[])', 'introspect': 'True', 'static_parser': 'True', 'log_format': 'default', 'target_path': 'None', 'invocation_command': 'dbt ', 'send_anonymous_usage_stats': 'False'}
[0m08:18:21.604798 [info ] [Dummy-1   ]: Registered adapter: snowflake=1.9.2
[0m08:18:22.134074 [debug] [Dummy-1   ]: checksum: 7a8296c70615f566de89055485ae13d89ed1d40af3cf21b3b72f2284f73c401a, vars: {}, profile: , target: dwh, version: 1.9.4
[0m08:18:22.365255 [debug] [Dummy-1   ]: Partial parsing enabled: 0 files deleted, 1 files added, 0 files changed.
[0m08:18:22.366119 [debug] [Dummy-1   ]: Partial parsing: added file: luxe_training://models/marts/fact_stock.sql
[0m08:18:22.875392 [debug] [Dummy-1   ]: Wrote artifact WritableManifest to /tmp/dbt/target/manifest.json
[0m08:18:22.877465 [debug] [Dummy-1   ]: Wrote artifact SemanticManifest to /tmp/dbt/target/semantic_manifest.json
[0m08:18:22.920700 [info ] [Dummy-1   ]: Found 17 models, 7 data tests, 6 sources, 474 macros
[0m08:18:22.923261 [info ] [Dummy-1   ]: 
[0m08:18:22.923843 [info ] [Dummy-1   ]: Concurrency: 8 threads (target='dwh')
[0m08:18:22.924291 [info ] [Dummy-1   ]: 
[0m08:18:22.924998 [debug] [Dummy-1   ]: Acquiring new snowflake connection 'master'
[0m08:18:22.927172 [debug] [ThreadPool]: Acquiring new snowflake connection 'list_luxe_training'
[0m08:18:23.023545 [debug] [ThreadPool]: Using snowflake connection "list_luxe_training"
[0m08:18:23.024200 [debug] [ThreadPool]: On list_luxe_training: /* {"app": "dbt", "dbt_version": "1.9.4", "profile_name": "luxe_training", "target_name": "dwh", "connection_name": "list_luxe_training"} */
show terse schemas in database luxe_training
    limit 10000
[0m08:18:23.024667 [debug] [ThreadPool]: Opening a new connection, currently in state init
[0m08:18:23.899168 [debug] [ThreadPool]: SQL status: SUCCESS 4 in 0.874 seconds
[0m08:18:23.907824 [debug] [ThreadPool]: Re-using an available connection from the pool (formerly list_luxe_training, now list_luxe_training_dwh)
[0m08:18:23.920248 [debug] [ThreadPool]: Using snowflake connection "list_luxe_training_dwh"
[0m08:18:23.920760 [debug] [ThreadPool]: On list_luxe_training_dwh: /* {"app": "dbt", "dbt_version": "1.9.4", "profile_name": "luxe_training", "target_name": "dwh", "connection_name": "list_luxe_training_dwh"} */
alter session set quoted_identifiers_ignore_case = false;
[0m08:18:23.921172 [debug] [ThreadPool]: Opening a new connection, currently in state init
[0m08:18:24.395333 [debug] [ThreadPool]: SQL status: SUCCESS 1 in 0.474 seconds
[0m08:18:24.399880 [debug] [ThreadPool]: Using snowflake connection "list_luxe_training_dwh"
[0m08:18:24.400367 [debug] [ThreadPool]: On list_luxe_training_dwh: /* {"app": "dbt", "dbt_version": "1.9.4", "profile_name": "luxe_training", "target_name": "dwh", "connection_name": "list_luxe_training_dwh"} */
show objects in luxe_training.dwh
    limit 10000
    
;
[0m08:18:24.573176 [debug] [ThreadPool]: SQL status: SUCCESS 16 in 0.172 seconds
[0m08:18:24.576651 [debug] [ThreadPool]: Using snowflake connection "list_luxe_training_dwh"
[0m08:18:24.577176 [debug] [ThreadPool]: On list_luxe_training_dwh: /* {"app": "dbt", "dbt_version": "1.9.4", "profile_name": "luxe_training", "target_name": "dwh", "connection_name": "list_luxe_training_dwh"} */
alter session unset quoted_identifiers_ignore_case;
[0m08:18:24.641037 [debug] [ThreadPool]: SQL status: SUCCESS 1 in 0.063 seconds
[0m08:18:24.660905 [debug] [Thread-2 (]: Began running node model.luxe_training.fact_stock
[0m08:18:24.661738 [info ] [Thread-2 (]: 1 of 1 START sql table model dwh.fact_stock .................................... [RUN]
[0m08:18:24.662416 [debug] [Thread-2 (]: Re-using an available connection from the pool (formerly list_luxe_training_dwh, now model.luxe_training.fact_stock)
[0m08:18:24.662921 [debug] [Thread-2 (]: Began compiling node model.luxe_training.fact_stock
[0m08:18:24.672004 [debug] [Thread-2 (]: Writing injected SQL for node "model.luxe_training.fact_stock"
[0m08:18:24.672688 [debug] [Thread-2 (]: Began executing node model.luxe_training.fact_stock
[0m08:18:24.704993 [debug] [Thread-2 (]: Writing runtime sql for node "model.luxe_training.fact_stock"
[0m08:18:24.706488 [debug] [Thread-2 (]: Using snowflake connection "model.luxe_training.fact_stock"
[0m08:18:24.707041 [debug] [Thread-2 (]: On model.luxe_training.fact_stock: /* {"app": "dbt", "dbt_version": "1.9.4", "profile_name": "luxe_training", "target_name": "dwh", "node_id": "model.luxe_training.fact_stock"} */
create or replace transient table luxe_training.dwh.fact_stock
         as
        (SELECT
    i.product_id,
    i.store_id,
    i.stock_available,

    s1.qty_sold_30d,
    s1.avg_daily_sales,
    s1.stock_coverage_days,

    s2.days_observed,
    s2.stockout_days,
    s2.stockout_rate

FROM luxe_training.dwh.int_inventory_current i

LEFT JOIN luxe_training.dwh.fact_stock_coverage s1
    ON i.product_id = s1.product_id
    AND i.store_id = s1.store_id

LEFT JOIN luxe_training.dwh.fact_stockout_rate s2
    ON i.product_id = s2.product_id
    AND i.store_id = s2.store_id
        );
[0m08:18:24.707619 [debug] [Thread-2 (]: Opening a new connection, currently in state init
[0m08:18:25.235617 [debug] [Thread-2 (]: Snowflake adapter: Snowflake query id: 01c74f36-0002-1df7-0002-c11a0020bb82
[0m08:18:25.236263 [debug] [Thread-2 (]: Snowflake adapter: Snowflake error: 000904 (42000): SQL compilation error: error line 6 at position 4
invalid identifier 'I.STOCK_AVAILABLE'
[0m08:18:25.240160 [debug] [Thread-2 (]: Database Error in model fact_stock (models/marts/fact_stock.sql)
  000904 (42000): SQL compilation error: error line 6 at position 4
  invalid identifier 'I.STOCK_AVAILABLE'
  compiled code at target/run/luxe_training/models/marts/fact_stock.sql
[0m08:18:25.242700 [error] [Thread-2 (]: 1 of 1 ERROR creating sql table model dwh.fact_stock ........................... [[31mERROR[0m in 0.58s]
[0m08:18:25.243424 [debug] [Thread-2 (]: Finished running node model.luxe_training.fact_stock
[0m08:18:25.244248 [debug] [Thread-12 ]: Marking all children of 'model.luxe_training.fact_stock' to be skipped because of status 'error'.  Reason: Database Error in model fact_stock (models/marts/fact_stock.sql)
  000904 (42000): SQL compilation error: error line 6 at position 4
  invalid identifier 'I.STOCK_AVAILABLE'
  compiled code at target/run/luxe_training/models/marts/fact_stock.sql.
[0m08:18:25.248346 [debug] [Dummy-1   ]: Connection 'master' was properly closed.
[0m08:18:25.248821 [debug] [Dummy-1   ]: Connection 'model.luxe_training.fact_stock' was properly closed.
[0m08:18:25.249275 [info ] [Dummy-1   ]: 
[0m08:18:25.249752 [info ] [Dummy-1   ]: Finished running 1 table model in 0 hours 0 minutes and 2.32 seconds (2.32s).
[0m08:18:25.250507 [debug] [Dummy-1   ]: Command end result
[0m08:18:25.276882 [debug] [Dummy-1   ]: Wrote artifact WritableManifest to /tmp/dbt/target/manifest.json
[0m08:18:25.278810 [debug] [Dummy-1   ]: Wrote artifact SemanticManifest to /tmp/dbt/target/semantic_manifest.json
[0m08:18:25.284782 [debug] [Dummy-1   ]: Wrote artifact RunExecutionResult to /tmp/dbt/target/run_results.json
[0m08:18:25.285255 [info ] [Dummy-1   ]: 
[0m08:18:25.285823 [info ] [Dummy-1   ]: [31mCompleted with 1 error, 0 partial successes, and 0 warnings:[0m
[0m08:18:25.286271 [info ] [Dummy-1   ]: 
[0m08:18:25.286808 [error] [Dummy-1   ]:   Database Error in model fact_stock (models/marts/fact_stock.sql)
  000904 (42000): SQL compilation error: error line 6 at position 4
  invalid identifier 'I.STOCK_AVAILABLE'
  compiled code at target/run/luxe_training/models/marts/fact_stock.sql
[0m08:18:25.287220 [info ] [Dummy-1   ]: 
[0m08:18:25.287727 [info ] [Dummy-1   ]: Done. PASS=0 WARN=0 ERROR=1 SKIP=0 TOTAL=1
[0m08:18:25.289384 [debug] [Dummy-1   ]: Resource report: {"command_name": "run", "command_success": false, "command_wall_clock_time": 4.0258994, "process_in_blocks": "0", "process_kernel_time": 0.88, "process_mem_max_rss": "527548", "process_out_blocks": "0", "process_user_time": 4.23}
[0m08:18:25.290016 [debug] [Dummy-1   ]: Command `cli run` failed at 08:18:25.289757 after 4.03 seconds
[0m08:18:25.290525 [debug] [Dummy-1   ]: Flushing usage events


============================== 08:20:16.759192 | 40ec7e07-e0e7-403c-a367-e40e46bf53ac ==============================
[0m08:20:16.759192 [info ] [Dummy-1   ]: Running with dbt=1.9.4
[0m08:20:16.760077 [debug] [Dummy-1   ]: running dbt with arguments {'printer_width': '80', 'indirect_selection': 'eager', 'log_cache_events': 'False', 'write_json': 'True', 'partial_parse': 'True', 'cache_selected_only': 'False', 'profiles_dir': '/tmp/dbt_effective_profiles__9iu0fmu', 'debug': 'False', 'version_check': 'True', 'log_path': '/tmp/dbt/logs', 'fail_fast': 'False', 'warn_error': 'None', 'use_colors': 'True', 'use_experimental_parser': 'False', 'empty': 'False', 'quiet': 'False', 'no_print': 'None', 'warn_error_options': 'WarnErrorOptions(include=[], exclude=[])', 'introspect': 'True', 'log_format': 'default', 'static_parser': 'True', 'target_path': 'None', 'invocation_command': 'dbt ', 'send_anonymous_usage_stats': 'False'}
[0m08:20:17.032585 [info ] [Dummy-1   ]: Registered adapter: snowflake=1.9.2
[0m08:20:17.571132 [debug] [Dummy-1   ]: checksum: 7a8296c70615f566de89055485ae13d89ed1d40af3cf21b3b72f2284f73c401a, vars: {}, profile: , target: dwh, version: 1.9.4
[0m08:20:17.799940 [debug] [Dummy-1   ]: Partial parsing enabled: 0 files deleted, 0 files added, 1 files changed.
[0m08:20:17.800768 [debug] [Dummy-1   ]: Partial parsing: updated file: luxe_training://models/marts/fact_stock.sql
[0m08:20:18.301555 [debug] [Dummy-1   ]: Wrote artifact WritableManifest to /tmp/dbt/target/manifest.json
[0m08:20:18.303526 [debug] [Dummy-1   ]: Wrote artifact SemanticManifest to /tmp/dbt/target/semantic_manifest.json
[0m08:20:18.347840 [info ] [Dummy-1   ]: Found 17 models, 7 data tests, 6 sources, 474 macros
[0m08:20:18.350478 [info ] [Dummy-1   ]: 
[0m08:20:18.351006 [info ] [Dummy-1   ]: Concurrency: 8 threads (target='dwh')
[0m08:20:18.351508 [info ] [Dummy-1   ]: 
[0m08:20:18.352323 [debug] [Dummy-1   ]: Acquiring new snowflake connection 'master'
[0m08:20:18.354801 [debug] [ThreadPool]: Acquiring new snowflake connection 'list_luxe_training'
[0m08:20:18.448897 [debug] [ThreadPool]: Using snowflake connection "list_luxe_training"
[0m08:20:18.449466 [debug] [ThreadPool]: On list_luxe_training: /* {"app": "dbt", "dbt_version": "1.9.4", "profile_name": "luxe_training", "target_name": "dwh", "connection_name": "list_luxe_training"} */
show terse schemas in database luxe_training
    limit 10000
[0m08:20:18.450002 [debug] [ThreadPool]: Opening a new connection, currently in state init
[0m08:20:19.364196 [debug] [ThreadPool]: SQL status: SUCCESS 4 in 0.914 seconds
[0m08:20:19.372699 [debug] [ThreadPool]: Re-using an available connection from the pool (formerly list_luxe_training, now list_luxe_training_dwh)
[0m08:20:19.385020 [debug] [ThreadPool]: Using snowflake connection "list_luxe_training_dwh"
[0m08:20:19.385528 [debug] [ThreadPool]: On list_luxe_training_dwh: /* {"app": "dbt", "dbt_version": "1.9.4", "profile_name": "luxe_training", "target_name": "dwh", "connection_name": "list_luxe_training_dwh"} */
alter session set quoted_identifiers_ignore_case = false;
[0m08:20:19.386029 [debug] [ThreadPool]: Opening a new connection, currently in state init
[0m08:20:20.206281 [debug] [ThreadPool]: SQL status: SUCCESS 1 in 0.820 seconds
[0m08:20:20.210690 [debug] [ThreadPool]: Using snowflake connection "list_luxe_training_dwh"
[0m08:20:20.211173 [debug] [ThreadPool]: On list_luxe_training_dwh: /* {"app": "dbt", "dbt_version": "1.9.4", "profile_name": "luxe_training", "target_name": "dwh", "connection_name": "list_luxe_training_dwh"} */
show objects in luxe_training.dwh
    limit 10000
    
;
[0m08:20:20.407732 [debug] [ThreadPool]: SQL status: SUCCESS 16 in 0.196 seconds
[0m08:20:20.411207 [debug] [ThreadPool]: Using snowflake connection "list_luxe_training_dwh"
[0m08:20:20.411729 [debug] [ThreadPool]: On list_luxe_training_dwh: /* {"app": "dbt", "dbt_version": "1.9.4", "profile_name": "luxe_training", "target_name": "dwh", "connection_name": "list_luxe_training_dwh"} */
alter session unset quoted_identifiers_ignore_case;
[0m08:20:20.512210 [debug] [ThreadPool]: SQL status: SUCCESS 1 in 0.100 seconds
[0m08:20:20.532637 [debug] [Thread-2 (]: Began running node model.luxe_training.fact_stock
[0m08:20:20.533382 [info ] [Thread-2 (]: 1 of 1 START sql table model dwh.fact_stock .................................... [RUN]
[0m08:20:20.534090 [debug] [Thread-2 (]: Re-using an available connection from the pool (formerly list_luxe_training_dwh, now model.luxe_training.fact_stock)
[0m08:20:20.534621 [debug] [Thread-2 (]: Began compiling node model.luxe_training.fact_stock
[0m08:20:20.543608 [debug] [Thread-2 (]: Writing injected SQL for node "model.luxe_training.fact_stock"
[0m08:20:20.544311 [debug] [Thread-2 (]: Began executing node model.luxe_training.fact_stock
[0m08:20:20.576232 [debug] [Thread-2 (]: Writing runtime sql for node "model.luxe_training.fact_stock"
[0m08:20:20.577752 [debug] [Thread-2 (]: Using snowflake connection "model.luxe_training.fact_stock"
[0m08:20:20.578340 [debug] [Thread-2 (]: On model.luxe_training.fact_stock: /* {"app": "dbt", "dbt_version": "1.9.4", "profile_name": "luxe_training", "target_name": "dwh", "node_id": "model.luxe_training.fact_stock"} */
create or replace transient table luxe_training.dwh.fact_stock
         as
        (SELECT
    i.product_id,
    i.store_id,
    i.stock_qty,

    s1.qty_sold_30d,
    s1.avg_daily_sales,
    s1.stock_coverage_days,

    s2.days_observed,
    s2.stockout_days,
    s2.stockout_rate

FROM luxe_training.dwh.int_inventory_current i

LEFT JOIN luxe_training.dwh.fact_stock_coverage s1
    ON i.product_id = s1.product_id
    AND i.store_id = s1.store_id

LEFT JOIN luxe_training.dwh.fact_stockout_rate s2
    ON i.product_id = s2.product_id
    AND i.store_id = s2.store_id
        );
[0m08:20:20.578839 [debug] [Thread-2 (]: Opening a new connection, currently in state init
[0m08:20:23.159651 [debug] [Thread-2 (]: SQL status: SUCCESS 1 in 2.581 seconds
[0m08:20:23.182689 [info ] [Thread-2 (]: 1 of 1 OK created sql table model dwh.fact_stock ............................... [[32mSUCCESS 1[0m in 2.65s]
[0m08:20:23.183460 [debug] [Thread-2 (]: Finished running node model.luxe_training.fact_stock
[0m08:20:23.186938 [debug] [Dummy-1   ]: Connection 'master' was properly closed.
[0m08:20:23.187423 [debug] [Dummy-1   ]: Connection 'model.luxe_training.fact_stock' was properly closed.
[0m08:20:23.187899 [info ] [Dummy-1   ]: 
[0m08:20:23.188395 [info ] [Dummy-1   ]: Finished running 1 table model in 0 hours 0 minutes and 4.84 seconds (4.84s).
[0m08:20:23.189170 [debug] [Dummy-1   ]: Command end result
[0m08:20:23.214872 [debug] [Dummy-1   ]: Wrote artifact WritableManifest to /tmp/dbt/target/manifest.json
[0m08:20:23.216553 [debug] [Dummy-1   ]: Wrote artifact SemanticManifest to /tmp/dbt/target/semantic_manifest.json
[0m08:20:23.222238 [debug] [Dummy-1   ]: Wrote artifact RunExecutionResult to /tmp/dbt/target/run_results.json
[0m08:20:23.222711 [info ] [Dummy-1   ]: 
[0m08:20:23.223350 [info ] [Dummy-1   ]: [32mCompleted successfully[0m
[0m08:20:23.223841 [info ] [Dummy-1   ]: 
[0m08:20:23.224373 [info ] [Dummy-1   ]: Done. PASS=1 WARN=0 ERROR=0 SKIP=0 TOTAL=1
[0m08:20:23.226091 [debug] [Dummy-1   ]: Resource report: {"command_name": "run", "command_success": true, "command_wall_clock_time": 6.53995, "process_in_blocks": "0", "process_kernel_time": 0.82, "process_mem_max_rss": "546128", "process_out_blocks": "0", "process_user_time": 4.37}
[0m08:20:23.226726 [debug] [Dummy-1   ]: Command `cli run` succeeded at 08:20:23.226467 after 6.54 seconds
[0m08:20:23.227247 [debug] [Dummy-1   ]: Flushing usage events


============================== 08:27:55.599303 | f872acec-1869-49b6-892a-01369d5736c4 ==============================
[0m08:27:55.599303 [info ] [Dummy-1   ]: Running with dbt=1.9.4
[0m08:27:55.600088 [debug] [Dummy-1   ]: running dbt with arguments {'printer_width': '80', 'indirect_selection': 'eager', 'log_cache_events': 'False', 'write_json': 'True', 'partial_parse': 'True', 'cache_selected_only': 'False', 'profiles_dir': '/tmp/dbt_effective_profiles_m_blyumu', 'fail_fast': 'False', 'warn_error': 'None', 'log_path': '/tmp/dbt/logs', 'debug': 'False', 'version_check': 'True', 'use_colors': 'True', 'use_experimental_parser': 'False', 'empty': 'False', 'quiet': 'False', 'no_print': 'None', 'warn_error_options': 'WarnErrorOptions(include=[], exclude=[])', 'static_parser': 'True', 'introspect': 'True', 'log_format': 'default', 'target_path': 'None', 'invocation_command': 'dbt ', 'send_anonymous_usage_stats': 'False'}
[0m08:27:55.868808 [info ] [Dummy-1   ]: Registered adapter: snowflake=1.9.2
[0m08:27:56.412759 [debug] [Dummy-1   ]: checksum: 7a8296c70615f566de89055485ae13d89ed1d40af3cf21b3b72f2284f73c401a, vars: {}, profile: , target: dwh, version: 1.9.4
[0m08:27:56.642330 [debug] [Dummy-1   ]: Partial parsing enabled: 0 files deleted, 0 files added, 0 files changed.
[0m08:27:56.642871 [debug] [Dummy-1   ]: Partial parsing enabled, no changes found, skipping parsing
[0m08:27:56.834052 [debug] [Dummy-1   ]: Wrote artifact WritableManifest to /tmp/dbt/target/manifest.json
[0m08:27:56.835947 [debug] [Dummy-1   ]: Wrote artifact SemanticManifest to /tmp/dbt/target/semantic_manifest.json
[0m08:27:56.870012 [info ] [Dummy-1   ]: Found 17 models, 7 data tests, 6 sources, 474 macros
[0m08:27:56.872718 [info ] [Dummy-1   ]: 
[0m08:27:56.873258 [info ] [Dummy-1   ]: Concurrency: 8 threads (target='dwh')
[0m08:27:56.873756 [info ] [Dummy-1   ]: 
[0m08:27:56.874519 [debug] [Dummy-1   ]: Acquiring new snowflake connection 'master'
[0m08:27:56.881159 [debug] [ThreadPool]: Acquiring new snowflake connection 'list_luxe_training_dwh'
[0m08:27:56.985153 [debug] [ThreadPool]: Using snowflake connection "list_luxe_training_dwh"
[0m08:27:56.985770 [debug] [ThreadPool]: On list_luxe_training_dwh: /* {"app": "dbt", "dbt_version": "1.9.4", "profile_name": "luxe_training", "target_name": "dwh", "connection_name": "list_luxe_training_dwh"} */
alter session set quoted_identifiers_ignore_case = false;
[0m08:27:56.986229 [debug] [ThreadPool]: Opening a new connection, currently in state init
[0m08:27:57.432083 [debug] [ThreadPool]: SQL status: SUCCESS 1 in 0.446 seconds
[0m08:27:57.436517 [debug] [ThreadPool]: Using snowflake connection "list_luxe_training_dwh"
[0m08:27:57.437011 [debug] [ThreadPool]: On list_luxe_training_dwh: /* {"app": "dbt", "dbt_version": "1.9.4", "profile_name": "luxe_training", "target_name": "dwh", "connection_name": "list_luxe_training_dwh"} */
show objects in luxe_training.dwh
    limit 10000
    
;
[0m08:27:57.549943 [debug] [ThreadPool]: SQL status: SUCCESS 17 in 0.112 seconds
[0m08:27:57.552512 [debug] [ThreadPool]: Using snowflake connection "list_luxe_training_dwh"
[0m08:27:57.552982 [debug] [ThreadPool]: On list_luxe_training_dwh: /* {"app": "dbt", "dbt_version": "1.9.4", "profile_name": "luxe_training", "target_name": "dwh", "connection_name": "list_luxe_training_dwh"} */
alter session unset quoted_identifiers_ignore_case;
[0m08:27:57.614766 [debug] [ThreadPool]: SQL status: SUCCESS 1 in 0.061 seconds
[0m08:27:57.635047 [debug] [Thread-2 (]: Began running node model.luxe_training.stg_customers
[0m08:27:57.635633 [debug] [Thread-3 (]: Began running node model.luxe_training.stg_inventory
[0m08:27:57.636166 [debug] [Thread-4 (]: Began running node model.luxe_training.stg_products
[0m08:27:57.636804 [debug] [Thread-5 (]: Began running node model.luxe_training.stg_sales
[0m08:27:57.637318 [debug] [Thread-6 (]: Began running node model.luxe_training.stg_stores
[0m08:27:57.637965 [debug] [Thread-2 (]: Re-using an available connection from the pool (formerly list_luxe_training_dwh, now model.luxe_training.stg_customers)
[0m08:27:57.638599 [debug] [Thread-3 (]: Acquiring new snowflake connection 'model.luxe_training.stg_inventory'
[0m08:27:57.639224 [debug] [Thread-4 (]: Acquiring new snowflake connection 'model.luxe_training.stg_products'
[0m08:27:57.639808 [debug] [Thread-5 (]: Acquiring new snowflake connection 'model.luxe_training.stg_sales'
[0m08:27:57.640438 [debug] [Thread-6 (]: Acquiring new snowflake connection 'model.luxe_training.stg_stores'
[0m08:27:57.640955 [debug] [Thread-2 (]: Began compiling node model.luxe_training.stg_customers
[0m08:27:57.641441 [debug] [Thread-3 (]: Began compiling node model.luxe_training.stg_inventory
[0m08:27:57.641996 [debug] [Thread-4 (]: Began compiling node model.luxe_training.stg_products
[0m08:27:57.642489 [debug] [Thread-5 (]: Began compiling node model.luxe_training.stg_sales
[0m08:27:57.642977 [debug] [Thread-6 (]: Began compiling node model.luxe_training.stg_stores
[0m08:27:57.651449 [debug] [Thread-2 (]: Writing injected SQL for node "model.luxe_training.stg_customers"
[0m08:27:57.655415 [debug] [Thread-3 (]: Writing injected SQL for node "model.luxe_training.stg_inventory"
[0m08:27:57.660233 [debug] [Thread-4 (]: Writing injected SQL for node "model.luxe_training.stg_products"
[0m08:27:57.664164 [debug] [Thread-5 (]: Writing injected SQL for node "model.luxe_training.stg_sales"
[0m08:27:57.667965 [debug] [Thread-6 (]: Writing injected SQL for node "model.luxe_training.stg_stores"
[0m08:27:57.669001 [debug] [Thread-2 (]: Began executing node model.luxe_training.stg_customers
[0m08:27:57.669768 [debug] [Thread-3 (]: Began executing node model.luxe_training.stg_inventory
[0m08:27:57.670625 [debug] [Thread-4 (]: Began executing node model.luxe_training.stg_products
[0m08:27:57.671391 [debug] [Thread-5 (]: Began executing node model.luxe_training.stg_sales
[0m08:27:57.672431 [debug] [Thread-2 (]: Finished running node model.luxe_training.stg_customers
[0m08:27:57.672979 [debug] [Thread-6 (]: Began executing node model.luxe_training.stg_stores
[0m08:27:57.673808 [debug] [Thread-3 (]: Finished running node model.luxe_training.stg_inventory
[0m08:27:57.674556 [debug] [Thread-4 (]: Finished running node model.luxe_training.stg_products
[0m08:27:57.675291 [debug] [Thread-5 (]: Finished running node model.luxe_training.stg_sales
[0m08:27:57.676272 [debug] [Thread-8 (]: Began running node model.luxe_training.dim_customer
[0m08:27:57.677052 [debug] [Thread-6 (]: Finished running node model.luxe_training.stg_stores
[0m08:27:57.678083 [debug] [Thread-7 (]: Began running node model.luxe_training.fact_inventory
[0m08:27:57.678644 [debug] [Thread-2 (]: Began running node model.luxe_training.int_inventory_current
[0m08:27:57.679510 [debug] [Thread-3 (]: Began running node model.luxe_training.dim_product
[0m08:27:57.680381 [debug] [Thread-4 (]: Began running node model.luxe_training.fact_sales
[0m08:27:57.680941 [debug] [Thread-9 (]: Began running node model.luxe_training.int_sales_30d
[0m08:27:57.681670 [debug] [Thread-8 (]: Acquiring new snowflake connection 'model.luxe_training.dim_customer'
[0m08:27:57.682453 [debug] [Thread-5 (]: Began running node model.luxe_training.dim_store
[0m08:27:57.683092 [debug] [Thread-7 (]: Acquiring new snowflake connection 'model.luxe_training.fact_inventory'
[0m08:27:57.683827 [debug] [Thread-2 (]: Re-using an available connection from the pool (formerly model.luxe_training.stg_customers, now model.luxe_training.int_inventory_current)
[0m08:27:57.684382 [debug] [Thread-3 (]: Re-using an available connection from the pool (formerly model.luxe_training.stg_inventory, now model.luxe_training.dim_product)
[0m08:27:57.684917 [debug] [Thread-4 (]: Re-using an available connection from the pool (formerly model.luxe_training.stg_products, now model.luxe_training.fact_sales)
[0m08:27:57.685573 [debug] [Thread-9 (]: Acquiring new snowflake connection 'model.luxe_training.int_sales_30d'
[0m08:27:57.686058 [debug] [Thread-8 (]: Began compiling node model.luxe_training.dim_customer
[0m08:27:57.686588 [debug] [Thread-5 (]: Re-using an available connection from the pool (formerly model.luxe_training.stg_sales, now model.luxe_training.dim_store)
[0m08:27:57.687066 [debug] [Thread-7 (]: Began compiling node model.luxe_training.fact_inventory
[0m08:27:57.687530 [debug] [Thread-2 (]: Began compiling node model.luxe_training.int_inventory_current
[0m08:27:57.687976 [debug] [Thread-3 (]: Began compiling node model.luxe_training.dim_product
[0m08:27:57.688439 [debug] [Thread-4 (]: Began compiling node model.luxe_training.fact_sales
[0m08:27:57.688896 [debug] [Thread-9 (]: Began compiling node model.luxe_training.int_sales_30d
[0m08:27:57.692791 [debug] [Thread-8 (]: Writing injected SQL for node "model.luxe_training.dim_customer"
[0m08:27:57.693337 [debug] [Thread-5 (]: Began compiling node model.luxe_training.dim_store
[0m08:27:57.697244 [debug] [Thread-7 (]: Writing injected SQL for node "model.luxe_training.fact_inventory"
[0m08:27:57.702251 [debug] [Thread-2 (]: Writing injected SQL for node "model.luxe_training.int_inventory_current"
[0m08:27:57.705923 [debug] [Thread-3 (]: Writing injected SQL for node "model.luxe_training.dim_product"
[0m08:27:57.709435 [debug] [Thread-4 (]: Writing injected SQL for node "model.luxe_training.fact_sales"
[0m08:27:57.713208 [debug] [Thread-9 (]: Writing injected SQL for node "model.luxe_training.int_sales_30d"
[0m08:27:57.717033 [debug] [Thread-5 (]: Writing injected SQL for node "model.luxe_training.dim_store"
[0m08:27:57.717668 [debug] [Thread-8 (]: Began executing node model.luxe_training.dim_customer
[0m08:27:57.718690 [debug] [Thread-7 (]: Began executing node model.luxe_training.fact_inventory
[0m08:27:57.719393 [debug] [Thread-2 (]: Began executing node model.luxe_training.int_inventory_current
[0m08:27:57.720219 [debug] [Thread-3 (]: Began executing node model.luxe_training.dim_product
[0m08:27:57.721039 [debug] [Thread-4 (]: Began executing node model.luxe_training.fact_sales
[0m08:27:57.721928 [debug] [Thread-9 (]: Began executing node model.luxe_training.int_sales_30d
[0m08:27:57.722815 [debug] [Thread-8 (]: Finished running node model.luxe_training.dim_customer
[0m08:27:57.723407 [debug] [Thread-5 (]: Began executing node model.luxe_training.dim_store
[0m08:27:57.724156 [debug] [Thread-7 (]: Finished running node model.luxe_training.fact_inventory
[0m08:27:57.724911 [debug] [Thread-2 (]: Finished running node model.luxe_training.int_inventory_current
[0m08:27:57.725685 [debug] [Thread-3 (]: Finished running node model.luxe_training.dim_product
[0m08:27:57.726430 [debug] [Thread-4 (]: Finished running node model.luxe_training.fact_sales
[0m08:27:57.727125 [debug] [Thread-9 (]: Finished running node model.luxe_training.int_sales_30d
[0m08:27:57.728062 [debug] [Thread-5 (]: Finished running node model.luxe_training.dim_store
[0m08:27:57.728892 [debug] [Thread-6 (]: Began running node model.luxe_training.int_inventory_stockout
[0m08:27:57.729915 [debug] [Thread-7 (]: Began running node test.luxe_training.not_null_dim_product_product_id.02b1f06816
[0m08:27:57.730413 [debug] [Thread-8 (]: Began running node test.luxe_training.unique_dim_product_product_id.46495bf7fe
[0m08:27:57.731250 [debug] [Thread-3 (]: Began running node test.luxe_training.not_null_fact_sales_quantity.123217c37f
[0m08:27:57.731760 [debug] [Thread-2 (]: Began running node test.luxe_training.not_null_fact_sales_sale_id.ea1dca7100
[0m08:27:57.732247 [debug] [Thread-9 (]: Began running node test.luxe_training.unique_fact_sales_sale_id.16dc554bac
[0m08:27:57.732962 [debug] [Thread-4 (]: Began running node model.luxe_training.fact_stock_coverage
[0m08:27:57.733486 [debug] [Thread-5 (]: Began running node model.luxe_training.fact_stock_coverage2
[0m08:27:57.734255 [debug] [Thread-6 (]: Re-using an available connection from the pool (formerly model.luxe_training.stg_stores, now model.luxe_training.int_inventory_stockout)
[0m08:27:57.734794 [debug] [Thread-7 (]: Re-using an available connection from the pool (formerly model.luxe_training.fact_inventory, now test.luxe_training.not_null_dim_product_product_id.02b1f06816)
[0m08:27:57.735328 [debug] [Thread-8 (]: Re-using an available connection from the pool (formerly model.luxe_training.dim_customer, now test.luxe_training.unique_dim_product_product_id.46495bf7fe)
[0m08:27:57.735880 [debug] [Thread-3 (]: Re-using an available connection from the pool (formerly model.luxe_training.dim_product, now test.luxe_training.not_null_fact_sales_quantity.123217c37f)
[0m08:27:57.736431 [debug] [Thread-2 (]: Re-using an available connection from the pool (formerly model.luxe_training.int_inventory_current, now test.luxe_training.not_null_fact_sales_sale_id.ea1dca7100)
[0m08:27:57.736949 [debug] [Thread-9 (]: Re-using an available connection from the pool (formerly model.luxe_training.int_sales_30d, now test.luxe_training.unique_fact_sales_sale_id.16dc554bac)
[0m08:27:57.737482 [debug] [Thread-4 (]: Re-using an available connection from the pool (formerly model.luxe_training.fact_sales, now model.luxe_training.fact_stock_coverage)
[0m08:27:57.738084 [debug] [Thread-5 (]: Re-using an available connection from the pool (formerly model.luxe_training.dim_store, now model.luxe_training.fact_stock_coverage2)
[0m08:27:57.738588 [debug] [Thread-6 (]: Began compiling node model.luxe_training.int_inventory_stockout
[0m08:27:57.739076 [debug] [Thread-7 (]: Began compiling node test.luxe_training.not_null_dim_product_product_id.02b1f06816
[0m08:27:57.739531 [debug] [Thread-8 (]: Began compiling node test.luxe_training.unique_dim_product_product_id.46495bf7fe
[0m08:27:57.739977 [debug] [Thread-3 (]: Began compiling node test.luxe_training.not_null_fact_sales_quantity.123217c37f
[0m08:27:57.740462 [debug] [Thread-2 (]: Began compiling node test.luxe_training.not_null_fact_sales_sale_id.ea1dca7100
[0m08:27:57.740945 [debug] [Thread-9 (]: Began compiling node test.luxe_training.unique_fact_sales_sale_id.16dc554bac
[0m08:27:57.741424 [debug] [Thread-4 (]: Began compiling node model.luxe_training.fact_stock_coverage
[0m08:27:57.741970 [debug] [Thread-5 (]: Began compiling node model.luxe_training.fact_stock_coverage2
[0m08:27:57.747042 [debug] [Thread-6 (]: Writing injected SQL for node "model.luxe_training.int_inventory_stockout"
[0m08:27:57.759630 [debug] [Thread-7 (]: Writing injected SQL for node "test.luxe_training.not_null_dim_product_product_id.02b1f06816"
[0m08:27:57.766951 [debug] [Thread-8 (]: Writing injected SQL for node "test.luxe_training.unique_dim_product_product_id.46495bf7fe"
[0m08:27:57.771817 [debug] [Thread-3 (]: Writing injected SQL for node "test.luxe_training.not_null_fact_sales_quantity.123217c37f"
[0m08:27:57.776811 [debug] [Thread-2 (]: Writing injected SQL for node "test.luxe_training.not_null_fact_sales_sale_id.ea1dca7100"
[0m08:27:57.783028 [debug] [Thread-9 (]: Writing injected SQL for node "test.luxe_training.unique_fact_sales_sale_id.16dc554bac"
[0m08:27:57.787001 [debug] [Thread-4 (]: Writing injected SQL for node "model.luxe_training.fact_stock_coverage"
[0m08:27:57.810050 [debug] [Thread-5 (]: Writing injected SQL for node "model.luxe_training.fact_stock_coverage2"
[0m08:27:57.810964 [debug] [Thread-6 (]: Began executing node model.luxe_training.int_inventory_stockout
[0m08:27:57.811749 [debug] [Thread-7 (]: Began executing node test.luxe_training.not_null_dim_product_product_id.02b1f06816
[0m08:27:57.812601 [debug] [Thread-8 (]: Began executing node test.luxe_training.unique_dim_product_product_id.46495bf7fe
[0m08:27:57.813283 [debug] [Thread-3 (]: Began executing node test.luxe_training.not_null_fact_sales_quantity.123217c37f
[0m08:27:57.814154 [debug] [Thread-2 (]: Began executing node test.luxe_training.not_null_fact_sales_sale_id.ea1dca7100
[0m08:27:57.814957 [debug] [Thread-9 (]: Began executing node test.luxe_training.unique_fact_sales_sale_id.16dc554bac
[0m08:27:57.815602 [debug] [Thread-4 (]: Began executing node model.luxe_training.fact_stock_coverage
[0m08:27:57.816458 [debug] [Thread-6 (]: Finished running node model.luxe_training.int_inventory_stockout
[0m08:27:57.816993 [debug] [Thread-5 (]: Began executing node model.luxe_training.fact_stock_coverage2
[0m08:27:57.817753 [debug] [Thread-7 (]: Finished running node test.luxe_training.not_null_dim_product_product_id.02b1f06816
[0m08:27:57.818477 [debug] [Thread-8 (]: Finished running node test.luxe_training.unique_dim_product_product_id.46495bf7fe
[0m08:27:57.819172 [debug] [Thread-3 (]: Finished running node test.luxe_training.not_null_fact_sales_quantity.123217c37f
[0m08:27:57.819866 [debug] [Thread-2 (]: Finished running node test.luxe_training.not_null_fact_sales_sale_id.ea1dca7100
[0m08:27:57.820561 [debug] [Thread-9 (]: Finished running node test.luxe_training.unique_fact_sales_sale_id.16dc554bac
[0m08:27:57.821275 [debug] [Thread-4 (]: Finished running node model.luxe_training.fact_stock_coverage
[0m08:27:57.821893 [debug] [Thread-6 (]: Began running node test.luxe_training.not_null_dim_store_store_id.8cb7c6ace0
[0m08:27:57.822750 [debug] [Thread-5 (]: Finished running node model.luxe_training.fact_stock_coverage2
[0m08:27:57.823275 [debug] [Thread-7 (]: Began running node test.luxe_training.unique_dim_store_store_id.90e408e197
[0m08:27:57.823840 [debug] [Thread-8 (]: Began running node model.luxe_training.fact_stockout_rate
[0m08:27:57.825000 [debug] [Thread-6 (]: Re-using an available connection from the pool (formerly model.luxe_training.int_inventory_stockout, now test.luxe_training.not_null_dim_store_store_id.8cb7c6ace0)
[0m08:27:57.825819 [debug] [Thread-7 (]: Re-using an available connection from the pool (formerly test.luxe_training.not_null_dim_product_product_id.02b1f06816, now test.luxe_training.unique_dim_store_store_id.90e408e197)
[0m08:27:57.826386 [debug] [Thread-8 (]: Re-using an available connection from the pool (formerly test.luxe_training.unique_dim_product_product_id.46495bf7fe, now model.luxe_training.fact_stockout_rate)
[0m08:27:57.826870 [debug] [Thread-6 (]: Began compiling node test.luxe_training.not_null_dim_store_store_id.8cb7c6ace0
[0m08:27:57.827335 [debug] [Thread-7 (]: Began compiling node test.luxe_training.unique_dim_store_store_id.90e408e197
[0m08:27:57.827814 [debug] [Thread-8 (]: Began compiling node model.luxe_training.fact_stockout_rate
[0m08:27:57.832753 [debug] [Thread-6 (]: Writing injected SQL for node "test.luxe_training.not_null_dim_store_store_id.8cb7c6ace0"
[0m08:27:57.839161 [debug] [Thread-7 (]: Writing injected SQL for node "test.luxe_training.unique_dim_store_store_id.90e408e197"
[0m08:27:57.842773 [debug] [Thread-8 (]: Writing injected SQL for node "model.luxe_training.fact_stockout_rate"
[0m08:27:57.843879 [debug] [Thread-6 (]: Began executing node test.luxe_training.not_null_dim_store_store_id.8cb7c6ace0
[0m08:27:57.844661 [debug] [Thread-7 (]: Began executing node test.luxe_training.unique_dim_store_store_id.90e408e197
[0m08:27:57.845618 [debug] [Thread-6 (]: Finished running node test.luxe_training.not_null_dim_store_store_id.8cb7c6ace0
[0m08:27:57.846171 [debug] [Thread-8 (]: Began executing node model.luxe_training.fact_stockout_rate
[0m08:27:57.846915 [debug] [Thread-7 (]: Finished running node test.luxe_training.unique_dim_store_store_id.90e408e197
[0m08:27:57.847969 [debug] [Thread-8 (]: Finished running node model.luxe_training.fact_stockout_rate
[0m08:27:57.849476 [debug] [Thread-3 (]: Began running node model.luxe_training.fact_stock
[0m08:27:57.850346 [debug] [Thread-3 (]: Re-using an available connection from the pool (formerly test.luxe_training.not_null_fact_sales_quantity.123217c37f, now model.luxe_training.fact_stock)
[0m08:27:57.850846 [debug] [Thread-3 (]: Began compiling node model.luxe_training.fact_stock
[0m08:27:57.855185 [debug] [Thread-3 (]: Writing injected SQL for node "model.luxe_training.fact_stock"
[0m08:27:57.855886 [debug] [Thread-3 (]: Began executing node model.luxe_training.fact_stock
[0m08:27:57.856652 [debug] [Thread-3 (]: Finished running node model.luxe_training.fact_stock
[0m08:27:57.859957 [debug] [Dummy-1   ]: Connection 'master' was properly closed.
[0m08:27:57.860453 [debug] [Dummy-1   ]: Connection 'test.luxe_training.not_null_fact_sales_sale_id.ea1dca7100' was properly closed.
[0m08:27:57.860909 [debug] [Dummy-1   ]: Connection 'model.luxe_training.fact_stock' was properly closed.
[0m08:27:57.861315 [debug] [Dummy-1   ]: Connection 'model.luxe_training.fact_stock_coverage' was properly closed.
[0m08:27:57.861777 [debug] [Dummy-1   ]: Connection 'model.luxe_training.fact_stock_coverage2' was properly closed.
[0m08:27:57.862172 [debug] [Dummy-1   ]: Connection 'test.luxe_training.not_null_dim_store_store_id.8cb7c6ace0' was properly closed.
[0m08:27:57.862571 [debug] [Dummy-1   ]: Connection 'model.luxe_training.fact_stockout_rate' was properly closed.
[0m08:27:57.862979 [debug] [Dummy-1   ]: Connection 'test.luxe_training.unique_dim_store_store_id.90e408e197' was properly closed.
[0m08:27:57.863348 [debug] [Dummy-1   ]: Connection 'test.luxe_training.unique_fact_sales_sale_id.16dc554bac' was properly closed.
[0m08:27:57.866437 [debug] [Dummy-1   ]: Command end result
[0m08:27:57.892594 [debug] [Dummy-1   ]: Wrote artifact WritableManifest to /tmp/dbt/target/manifest.json
[0m08:27:57.894400 [debug] [Dummy-1   ]: Wrote artifact SemanticManifest to /tmp/dbt/target/semantic_manifest.json
[0m08:27:57.901762 [debug] [Dummy-1   ]: Wrote artifact RunExecutionResult to /tmp/dbt/target/run_results.json
[0m08:27:57.903421 [debug] [Dummy-1   ]: Resource report: {"command_name": "compile", "command_success": true, "command_wall_clock_time": 2.3769934, "process_in_blocks": "0", "process_kernel_time": 0.81, "process_mem_max_rss": "475736", "process_out_blocks": "0", "process_user_time": 4.18}
[0m08:27:57.904010 [debug] [Dummy-1   ]: Command `cli compile` succeeded at 08:27:57.903774 after 2.38 seconds
[0m08:27:57.904515 [debug] [Dummy-1   ]: Flushing usage events
